test,set,lab_id,file_id,bottle_id,time_d,smp
1,1.3,E01,64,1662,0,0
1,1.3,E01,64,1662,1,9.061
1,1.3,E01,64,1662,2,36.9
1,1.3,E01,64,1662,3,70.9
1,1.3,E01,64,1662,4,82.61
1,1.3,E01,64,1662,5,94.53
1,1.3,E01,64,1662,6,117.7
1,1.3,E01,64,1662,7,150.8
1,1.3,E01,64,1662,8,186
1,1.3,E01,64,1662,9,231.8
1,1.3,E01,64,1662,10,310.9
1,1.3,E01,64,1662,11,409.2
1,1.3,E01,64,1662,12,499.2
1,1.3,E01,64,1662,13,575.5
1,1.3,E01,64,1662,14,645.3
1,1.3,E01,64,1662,15,696.3
1,1.3,E01,64,1662,16,719.8
1,1.3,E01,64,1662,17,736.8
1,1.3,E01,64,1662,18,749.3
1,1.3,E01,64,1662,19,754.2
1,1.3,E01,64,1662,20,759
1,1.3,E01,64,1662,21,759
1,1.3,E01,64,1663,0,0
1,1.3,E01,64,1663,1,11.97
1,1.3,E01,64,1663,2,46.38
1,1.3,E01,64,1663,3,72.39
1,1.3,E01,64,1663,4,86.07
1,1.3,E01,64,1663,5,106.7
1,1.3,E01,64,1663,6,121.3
1,1.3,E01,64,1663,7,153.9
1,1.3,E01,64,1663,8,191.5
1,1.3,E01,64,1663,9,236.5
1,1.3,E01,64,1663,10,308.1
1,1.3,E01,64,1663,11,405.5
1,1.3,E01,64,1663,12,497
1,1.3,E01,64,1663,13,572.8
1,1.3,E01,64,1663,14,641
1,1.3,E01,64,1663,15,699.7
1,1.3,E01,64,1663,16,742.6
1,1.3,E01,64,1663,17,768.9
1,1.3,E01,64,1663,18,782.2
1,1.3,E01,64,1663,19,792.4
1,1.3,E01,64,1663,20,799
1,1.3,E01,64,1663,21,799
1,1.3,E01,64,1664,0,0
1,1.3,E01,64,1664,1,11.33
1,1.3,E01,64,1664,2,44.01
1,1.3,E01,64,1664,3,66.72
1,1.3,E01,64,1664,4,83.67
1,1.3,E01,64,1664,5,100.2
1,1.3,E01,64,1664,6,117.2
1,1.3,E01,64,1664,7,151
1,1.3,E01,64,1664,8,188.4
1,1.3,E01,64,1664,9,233.8
1,1.3,E01,64,1664,10,304.3
1,1.3,E01,64,1664,11,398.4
1,1.3,E01,64,1664,12,486
1,1.3,E01,64,1664,13,550.4
1,1.3,E01,64,1664,14,615.1
1,1.3,E01,64,1664,15,671.5
1,1.3,E01,64,1664,16,709.5
1,1.3,E01,64,1664,17,733.9
1,1.3,E01,64,1664,18,748.9
1,1.3,E01,64,1664,19,763.9
1,1.3,E01,64,1664,20,773.5
1,1.3,E01,64,1664,21,773.5
1,1.3,E01,64,1667,0,0
1,1.3,E01,64,1667,1,-11.27
1,1.3,E01,64,1667,2,-7.401
1,1.3,E01,64,1667,3,108.5
1,1.3,E01,64,1667,4,239.8
1,1.3,E01,64,1667,5,285.5
1,1.3,E01,64,1667,6,315.9
1,1.3,E01,64,1667,7,360.5
1,1.3,E01,64,1667,8,407.8
1,1.3,E01,64,1667,9,462.7
1,1.3,E01,64,1667,10,529.6
1,1.3,E01,64,1667,11,544.4
1,1.3,E01,64,1667,12,550.5
1,1.3,E01,64,1667,13,555.7
1,1.3,E01,64,1667,14,561
1,1.3,E01,64,1667,15,568.7
1,1.3,E01,64,1667,16,584.2
1,1.3,E01,64,1667,17,605.9
1,1.3,E01,64,1667,18,624.9
1,1.3,E01,64,1667,19,624.6
1,1.3,E01,64,1667,20,624.6
1,1.3,E01,64,1667,21,624.6
1,1.3,E01,64,1668,0,0
1,1.3,E01,64,1668,1,-2.264
1,1.3,E01,64,1668,2,5.09
1,1.3,E01,64,1668,3,276
1,1.3,E01,64,1668,4,426.2
1,1.3,E01,64,1668,5,465.1
1,1.3,E01,64,1668,6,480.2
1,1.3,E01,64,1668,7,506.7
1,1.3,E01,64,1668,8,550.6
1,1.3,E01,64,1668,9,625.7
1,1.3,E01,64,1668,10,712.5
1,1.3,E01,64,1668,11,726
1,1.3,E01,64,1668,12,730.4
1,1.3,E01,64,1668,13,734.9
1,1.3,E01,64,1668,14,741.5
1,1.3,E01,64,1668,15,754.7
1,1.3,E01,64,1668,16,770.1
1,1.3,E01,64,1668,17,793.7
1,1.3,E01,64,1668,18,803
1,1.3,E01,64,1668,19,802.7
1,1.3,E01,64,1668,20,802.7
1,1.3,E01,64,1668,21,802.7
1,1.3,E01,64,1669,0,0
1,1.3,E01,64,1669,1,-10.71
1,1.3,E01,64,1669,2,3.499
1,1.3,E01,64,1669,3,155.5
1,1.3,E01,64,1669,4,267.1
1,1.3,E01,64,1669,5,329.7
1,1.3,E01,64,1669,6,366.3
1,1.3,E01,64,1669,7,405.4
1,1.3,E01,64,1669,8,458.7
1,1.3,E01,64,1669,9,510.7
1,1.3,E01,64,1669,10,543.7
1,1.3,E01,64,1669,11,559.7
1,1.3,E01,64,1669,12,571.3
1,1.3,E01,64,1669,13,580.6
1,1.3,E01,64,1669,14,608.7
1,1.3,E01,64,1669,15,635.1
1,1.3,E01,64,1669,16,646.5
1,1.3,E01,64,1669,17,657.7
1,1.3,E01,64,1669,18,665.7
1,1.3,E01,64,1669,19,667.8
1,1.3,E01,64,1669,20,667.8
1,1.3,E01,64,1669,21,667.8
1,1.3,E01,64,1670,0,0
1,1.3,E01,64,1670,1,126.9
1,1.3,E01,64,1670,2,155.7
1,1.3,E01,64,1670,3,181.7
1,1.3,E01,64,1670,4,213.8
1,1.3,E01,64,1670,5,267.7
1,1.3,E01,64,1670,6,331.6
1,1.3,E01,64,1670,7,383.3
1,1.3,E01,64,1670,8,428.1
1,1.3,E01,64,1670,9,440.2
1,1.3,E01,64,1670,10,450.2
1,1.3,E01,64,1670,11,460.1
1,1.3,E01,64,1670,12,471.7
1,1.3,E01,64,1670,13,491.8
1,1.3,E01,64,1670,14,501.9
1,1.3,E01,64,1670,15,501.6
1,1.3,E01,64,1670,16,501.2
1,1.3,E01,64,1670,17,500.9
1,1.3,E01,64,1670,18,500.6
1,1.3,E01,64,1670,19,500.3
1,1.3,E01,64,1670,20,500.3
1,1.3,E01,64,1670,21,500.3
1,1.3,E01,64,1671,0,0
1,1.3,E01,64,1671,1,128.6
1,1.3,E01,64,1671,2,154
1,1.3,E01,64,1671,3,188.3
1,1.3,E01,64,1671,4,222.4
1,1.3,E01,64,1671,5,278.9
1,1.3,E01,64,1671,6,346.1
1,1.3,E01,64,1671,7,406.7
1,1.3,E01,64,1671,8,445.4
1,1.3,E01,64,1671,9,462.7
1,1.3,E01,64,1671,10,475.1
1,1.3,E01,64,1671,11,486.1
1,1.3,E01,64,1671,12,507.3
1,1.3,E01,64,1671,13,519.5
1,1.3,E01,64,1671,14,541.7
1,1.3,E01,64,1671,15,548
1,1.3,E01,64,1671,16,547.7
1,1.3,E01,64,1671,17,547.4
1,1.3,E01,64,1671,18,547
1,1.3,E01,64,1671,19,546.7
1,1.3,E01,64,1671,20,546.7
1,1.3,E01,64,1671,21,546.7
1,1.3,E01,64,1672,0,0
1,1.3,E01,64,1672,1,127.8
1,1.3,E01,64,1672,2,152.3
1,1.3,E01,64,1672,3,184.6
1,1.3,E01,64,1672,4,211.8
1,1.3,E01,64,1672,5,261.6
1,1.3,E01,64,1672,6,317
1,1.3,E01,64,1672,7,387
1,1.3,E01,64,1672,8,424.6
1,1.3,E01,64,1672,9,451.5
1,1.3,E01,64,1672,10,460
1,1.3,E01,64,1672,11,461.2
1,1.3,E01,64,1672,12,482.8
1,1.3,E01,64,1672,13,491.7
1,1.3,E01,64,1672,14,509.2
1,1.3,E01,64,1672,15,517.3
1,1.3,E01,64,1672,16,525.4
1,1.3,E01,64,1672,17,534.6
1,1.3,E01,64,1672,18,538.8
1,1.3,E01,64,1672,19,538.5
1,1.3,E01,64,1672,20,538.5
1,1.3,E01,64,1672,21,538.5
1,1.3,E02,61,890,0,0
1,1.3,E02,61,890,1,10.97
1,1.3,E02,61,890,3,26.64
1,1.3,E02,61,890,7,89.27
1,1.3,E02,61,890,9,141
1,1.3,E02,61,890,11,212.6
1,1.3,E02,61,890,13,278.1
1,1.3,E02,61,890,16,314.7
1,1.3,E02,61,890,20,344.7
1,1.3,E02,61,890,23,357.3
1,1.3,E02,61,890,27,363.9
1,1.3,E02,61,890,30,369.5
1,1.3,E02,61,891,0,0
1,1.3,E02,61,891,1,11.16
1,1.3,E02,61,891,3,26.36
1,1.3,E02,61,891,7,99.16
1,1.3,E02,61,891,9,149.5
1,1.3,E02,61,891,11,218.6
1,1.3,E02,61,891,13,292.8
1,1.3,E02,61,891,16,330.1
1,1.3,E02,61,891,20,364.7
1,1.3,E02,61,891,23,385.2
1,1.3,E02,61,891,27,391
1,1.3,E02,61,891,30,395.8
1,1.3,E02,61,892,0,0
1,1.3,E02,61,892,1,11.92
1,1.3,E02,61,892,3,23.97
1,1.3,E02,61,892,7,94.73
1,1.3,E02,61,892,9,162.7
1,1.3,E02,61,892,11,279.1
1,1.3,E02,61,892,13,331
1,1.3,E02,61,892,16,353.8
1,1.3,E02,61,892,20,356.4
1,1.3,E02,61,892,23,368.2
1,1.3,E02,61,892,27,380.2
1,1.3,E02,61,892,30,389
1,1.3,E02,61,896,0,0
1,1.3,E02,61,896,1,7.257
1,1.3,E02,61,896,3,42.23
1,1.3,E02,61,896,7,169.8
1,1.3,E02,61,896,9,189.6
1,1.3,E02,61,896,11,255.7
1,1.3,E02,61,896,13,310.2
1,1.3,E02,61,896,16,406.7
1,1.3,E02,61,896,20,452.2
1,1.3,E02,61,896,23,480.3
1,1.3,E02,61,896,27,487.6
1,1.3,E02,61,896,30,494.3
1,1.3,E02,61,897,0,0
1,1.3,E02,61,897,1,8.137
1,1.3,E02,61,897,3,36.93
1,1.3,E02,61,897,7,171.5
1,1.3,E02,61,897,9,183.4
1,1.3,E02,61,897,11,221.8
1,1.3,E02,61,897,13,280.6
1,1.3,E02,61,897,16,359.4
1,1.3,E02,61,897,20,406.4
1,1.3,E02,61,897,23,443.7
1,1.3,E02,61,897,27,451.7
1,1.3,E02,61,897,30,458.3
1,1.3,E02,61,898,0,0
1,1.3,E02,61,898,1,13.22
1,1.3,E02,61,898,3,52.99
1,1.3,E02,61,898,7,212.6
1,1.3,E02,61,898,9,216.9
1,1.3,E02,61,898,11,259.5
1,1.3,E02,61,898,13,335.4
1,1.3,E02,61,898,16,416.8
1,1.3,E02,61,898,20,468.4
1,1.3,E02,61,898,23,531
1,1.3,E02,61,898,27,542.1
1,1.3,E02,61,898,30,553.5
1,1.3,E02,61,899,0,0
1,1.3,E02,61,899,1,44.96
1,1.3,E02,61,899,3,72.04
1,1.3,E02,61,899,7,126.4
1,1.3,E02,61,899,9,188.6
1,1.3,E02,61,899,11,291.9
1,1.3,E02,61,899,13,441.8
1,1.3,E02,61,899,16,487.8
1,1.3,E02,61,899,20,547.7
1,1.3,E02,61,899,23,578.6
1,1.3,E02,61,899,27,583.8
1,1.3,E02,61,899,30,589.4
1,1.3,E02,61,900,0,0
1,1.3,E02,61,900,1,48.19
1,1.3,E02,61,900,3,76.88
1,1.3,E02,61,900,7,143.9
1,1.3,E02,61,900,9,208.7
1,1.3,E02,61,900,11,320.7
1,1.3,E02,61,900,13,467.9
1,1.3,E02,61,900,16,508.2
1,1.3,E02,61,900,20,564.9
1,1.3,E02,61,900,23,600.6
1,1.3,E02,61,900,27,606.8
1,1.3,E02,61,900,30,613.4
1,1.3,E02,61,901,0,0
1,1.3,E02,61,901,1,48.89
1,1.3,E02,61,901,3,74.33
1,1.3,E02,61,901,7,142.4
1,1.3,E02,61,901,9,204.6
1,1.3,E02,61,901,11,324.5
1,1.3,E02,61,901,13,461.8
1,1.3,E02,61,901,16,511.6
1,1.3,E02,61,901,20,561.1
1,1.3,E02,61,901,23,595.7
1,1.3,E02,61,901,27,603.8
1,1.3,E02,61,901,30,610.9
1,1.3,E02,61,902,0,0
1,1.3,E02,61,902,1,25.61
1,1.3,E02,61,902,3,62.73
1,1.3,E02,61,902,7,206.4
1,1.3,E02,61,902,9,268.2
1,1.3,E02,61,902,11,316.8
1,1.3,E02,61,902,13,377.3
1,1.3,E02,61,902,16,417
1,1.3,E02,61,902,20,445.1
1,1.3,E02,61,902,23,472.9
1,1.3,E02,61,902,27,475.8
1,1.3,E02,61,902,30,483.2
1,1.3,E02,61,903,0,0
1,1.3,E02,61,903,1,21.68
1,1.3,E02,61,903,3,51.45
1,1.3,E02,61,903,7,195.4
1,1.3,E02,61,903,9,247.8
1,1.3,E02,61,903,11,308.6
1,1.3,E02,61,903,13,358.5
1,1.3,E02,61,903,16,393.1
1,1.3,E02,61,903,20,419.4
1,1.3,E02,61,903,23,434.8
1,1.3,E02,61,903,27,437.7
1,1.3,E02,61,903,30,444.5
1,1.3,E02,61,904,0,0
1,1.3,E02,61,904,1,30.07
1,1.3,E02,61,904,3,59.03
1,1.3,E02,61,904,7,203.7
1,1.3,E02,61,904,9,261.8
1,1.3,E02,61,904,11,305.1
1,1.3,E02,61,904,13,365.7
1,1.3,E02,61,904,16,380.1
1,1.3,E02,61,904,20,415.9
1,1.3,E02,61,904,23,431.5
1,1.3,E02,61,904,27,434.4
1,1.3,E02,61,904,30,436.8
1,1.3,E03,98,1358,0,0
1,1.3,E03,98,1358,1,5.99
1,1.3,E03,98,1358,2,32.4
1,1.3,E03,98,1358,3,60.29
1,1.3,E03,98,1358,4,84.7
1,1.3,E03,98,1358,5,101.3
1,1.3,E03,98,1358,6,115.4
1,1.3,E03,98,1358,7,127.3
1,1.3,E03,98,1358,8,136.3
1,1.3,E03,98,1358,9,145.1
1,1.3,E03,98,1358,10,152
1,1.3,E03,98,1358,11,158
1,1.3,E03,98,1358,12,163.7
1,1.3,E03,98,1358,13,168.7
1,1.3,E03,98,1358,14,173.5
1,1.3,E03,98,1358,15,177.4
1,1.3,E03,98,1358,16,181
1,1.3,E03,98,1358,17,185
1,1.3,E03,98,1358,18,188.6
1,1.3,E03,98,1358,19,190.8
1,1.3,E03,98,1358,20,193.2
1,1.3,E03,98,1358,21,195.1
1,1.3,E03,98,1358,22,196.5
1,1.3,E03,98,1358,23,198.1
1,1.3,E03,98,1358,24,199.5
1,1.3,E03,98,1358,25,200.6
1,1.3,E03,98,1358,26,201.8
1,1.3,E03,98,1358,27,202.6
1,1.3,E03,98,1358,28,203.4
1,1.3,E03,98,1358,29,203.8
1,1.3,E03,98,1359,0,0
1,1.3,E03,98,1359,1,20.89
1,1.3,E03,98,1359,2,44.05
1,1.3,E03,98,1359,3,65.32
1,1.3,E03,98,1359,4,85.45
1,1.3,E03,98,1359,5,107
1,1.3,E03,98,1359,6,121.4
1,1.3,E03,98,1359,7,135.2
1,1.3,E03,98,1359,8,146.6
1,1.3,E03,98,1359,9,156.5
1,1.3,E03,98,1359,10,164.5
1,1.3,E03,98,1359,11,170.9
1,1.3,E03,98,1359,12,176.8
1,1.3,E03,98,1359,13,181.4
1,1.3,E03,98,1359,14,185.5
1,1.3,E03,98,1359,15,189.2
1,1.3,E03,98,1359,16,192.5
1,1.3,E03,98,1359,17,195.9
1,1.3,E03,98,1359,18,199
1,1.3,E03,98,1359,19,200.9
1,1.3,E03,98,1359,20,202.7
1,1.3,E03,98,1359,21,203.8
1,1.3,E03,98,1359,22,204.8
1,1.3,E03,98,1359,23,205.9
1,1.3,E03,98,1359,24,206.9
1,1.3,E03,98,1359,25,208
1,1.3,E03,98,1359,26,208.2
1,1.3,E03,98,1359,27,208.6
1,1.3,E03,98,1359,28,209.1
1,1.3,E03,98,1359,29,209.7
1,1.3,E03,98,1360,0,0
1,1.3,E03,98,1360,1,19.96
1,1.3,E03,98,1360,2,45.13
1,1.3,E03,98,1360,3,70.94
1,1.3,E03,98,1360,4,93.01
1,1.3,E03,98,1360,5,110.7
1,1.3,E03,98,1360,6,124.9
1,1.3,E03,98,1360,7,137.1
1,1.3,E03,98,1360,8,146
1,1.3,E03,98,1360,9,154.8
1,1.3,E03,98,1360,10,161.6
1,1.3,E03,98,1360,11,167.1
1,1.3,E03,98,1360,12,172
1,1.3,E03,98,1360,13,175.9
1,1.3,E03,98,1360,14,179.7
1,1.3,E03,98,1360,15,183.1
1,1.3,E03,98,1360,16,185.6
1,1.3,E03,98,1360,17,189.1
1,1.3,E03,98,1360,18,191.6
1,1.3,E03,98,1360,19,193.4
1,1.3,E03,98,1360,20,195
1,1.3,E03,98,1360,21,196.5
1,1.3,E03,98,1360,22,197.2
1,1.3,E03,98,1360,23,197.8
1,1.3,E03,98,1360,24,198.5
1,1.3,E03,98,1360,25,199.5
1,1.3,E03,98,1360,26,199.3
1,1.3,E03,98,1360,27,199.1
1,1.3,E03,98,1360,28,198.9
1,1.3,E03,98,1360,29,198.9
1,1.3,E03,98,1361,0,0
1,1.3,E03,98,1361,1,30.89
1,1.3,E03,98,1361,2,77.26
1,1.3,E03,98,1361,3,112
1,1.3,E03,98,1361,4,155.7
1,1.3,E03,98,1361,5,206.1
1,1.3,E03,98,1361,6,263
1,1.3,E03,98,1361,7,326
1,1.3,E03,98,1361,8,371.7
1,1.3,E03,98,1361,9,393.1
1,1.3,E03,98,1361,10,407.7
1,1.3,E03,98,1361,11,419.2
1,1.3,E03,98,1361,12,428.3
1,1.3,E03,98,1361,13,433.4
1,1.3,E03,98,1361,14,436.7
1,1.3,E03,98,1361,15,438.4
1,1.3,E03,98,1361,16,439.2
1,1.3,E03,98,1361,17,440.6
1,1.3,E03,98,1361,18,440.2
1,1.3,E03,98,1362,0,0
1,1.3,E03,98,1362,1,28.66
1,1.3,E03,98,1362,2,74.4
1,1.3,E03,98,1362,3,110.9
1,1.3,E03,98,1362,4,157.2
1,1.3,E03,98,1362,5,211.9
1,1.3,E03,98,1362,6,270.5
1,1.3,E03,98,1362,7,335.9
1,1.3,E03,98,1362,8,391
1,1.3,E03,98,1362,9,409.1
1,1.3,E03,98,1362,10,421.2
1,1.3,E03,98,1362,11,429.7
1,1.3,E03,98,1362,12,436.7
1,1.3,E03,98,1362,13,440
1,1.3,E03,98,1362,14,441.5
1,1.3,E03,98,1362,15,441.8
1,1.3,E03,98,1362,16,442.1
1,1.3,E03,98,1362,17,441.4
1,1.3,E03,98,1362,18,440.9
1,1.3,E03,98,1363,0,0
1,1.3,E03,98,1363,1,31.42
1,1.3,E03,98,1363,2,77.67
1,1.3,E03,98,1363,3,113.5
1,1.3,E03,98,1363,4,159.4
1,1.3,E03,98,1363,5,214
1,1.3,E03,98,1363,6,272.7
1,1.3,E03,98,1363,7,338.8
1,1.3,E03,98,1363,8,393.6
1,1.3,E03,98,1363,9,412.2
1,1.3,E03,98,1363,10,424.7
1,1.3,E03,98,1363,11,433.9
1,1.3,E03,98,1363,12,441.6
1,1.3,E03,98,1363,13,445.3
1,1.3,E03,98,1363,14,447.7
1,1.3,E03,98,1363,15,447.9
1,1.3,E03,98,1363,16,447.9
1,1.3,E03,98,1363,17,448
1,1.3,E03,98,1363,18,447.4
1,1.3,E03,98,1366,0,0
1,1.3,E03,98,1366,1,4.062
1,1.3,E03,98,1366,2,66.04
1,1.3,E03,98,1366,3,90.23
1,1.3,E03,98,1366,4,112.8
1,1.3,E03,98,1366,5,137.6
1,1.3,E03,98,1366,6,171.9
1,1.3,E03,98,1366,7,202.7
1,1.3,E03,98,1366,8,233.3
1,1.3,E03,98,1366,9,272
1,1.3,E03,98,1366,10,308.5
1,1.3,E03,98,1366,11,312.7
1,1.3,E03,98,1366,12,316.5
1,1.3,E03,98,1366,13,316.8
1,1.3,E03,98,1367,0,0
1,1.3,E03,98,1367,1,0.5041
1,1.3,E03,98,1367,2,49.29
1,1.3,E03,98,1367,3,80.12
1,1.3,E03,98,1367,4,107.3
1,1.3,E03,98,1367,5,136.4
1,1.3,E03,98,1367,6,168.7
1,1.3,E03,98,1367,7,203.3
1,1.3,E03,98,1367,8,231.7
1,1.3,E03,98,1367,9,268.8
1,1.3,E03,98,1367,10,305.4
1,1.3,E03,98,1367,11,309.2
1,1.3,E03,98,1367,12,312.2
1,1.3,E03,98,1367,13,311.4
1,1.3,E03,98,1368,0,0
1,1.3,E03,98,1368,1,2.165
1,1.3,E03,98,1368,2,50.92
1,1.3,E03,98,1368,3,80.89
1,1.3,E03,98,1368,4,106.4
1,1.3,E03,98,1368,5,135.1
1,1.3,E03,98,1368,6,168
1,1.3,E03,98,1368,7,201.5
1,1.3,E03,98,1368,8,230.8
1,1.3,E03,98,1368,9,269.1
1,1.3,E03,98,1368,10,296.8
1,1.3,E03,98,1368,11,299.7
1,1.3,E03,98,1368,12,301.6
1,1.3,E03,98,1368,13,300.8
1,1.3,E03,98,1369,0,0
1,1.3,E03,98,1369,1,41.68
1,1.3,E03,98,1369,2,68.34
1,1.3,E03,98,1369,3,90.89
1,1.3,E03,98,1369,4,121.7
1,1.3,E03,98,1369,5,163.8
1,1.3,E03,98,1369,6,209.1
1,1.3,E03,98,1369,7,235.4
1,1.3,E03,98,1369,8,237.4
1,1.3,E03,98,1369,9,240.2
1,1.3,E03,98,1369,10,242.6
1,1.3,E03,98,1369,11,244.4
1,1.3,E03,98,1369,12,245.8
1,1.3,E03,98,1369,13,247.3
1,1.3,E03,98,1369,14,249.1
1,1.3,E03,98,1369,15,249.1
1,1.3,E03,98,1369,16,249.1
1,1.3,E03,98,1369,17,249.1
1,1.3,E03,98,1369,18,248.5
1,1.3,E03,98,1370,0,0
1,1.3,E03,98,1370,1,51.97
1,1.3,E03,98,1370,2,81.27
1,1.3,E03,98,1370,3,107.5
1,1.3,E03,98,1370,4,142.7
1,1.3,E03,98,1370,5,187.2
1,1.3,E03,98,1370,6,231.2
1,1.3,E03,98,1370,7,249
1,1.3,E03,98,1370,8,250.8
1,1.3,E03,98,1370,9,253.4
1,1.3,E03,98,1370,10,255.5
1,1.3,E03,98,1370,11,256.9
1,1.3,E03,98,1370,12,257.9
1,1.3,E03,98,1370,13,259.2
1,1.3,E03,98,1370,14,259.7
1,1.3,E03,98,1370,15,259.1
1,1.3,E03,98,1370,16,258.3
1,1.3,E03,98,1370,17,257.6
1,1.3,E03,98,1370,18,257
1,1.3,E03,98,1371,0,0
1,1.3,E03,98,1371,1,75.59
1,1.3,E03,98,1371,2,103.9
1,1.3,E03,98,1371,3,130.7
1,1.3,E03,98,1371,4,166.2
1,1.3,E03,98,1371,5,212.4
1,1.3,E03,98,1371,6,258.9
1,1.3,E03,98,1371,7,278.7
1,1.3,E03,98,1371,8,281.3
1,1.3,E03,98,1371,9,283.6
1,1.3,E03,98,1371,10,286.1
1,1.3,E03,98,1371,11,287.7
1,1.3,E03,98,1371,12,289.2
1,1.3,E03,98,1371,13,291
1,1.3,E03,98,1371,14,292.8
1,1.3,E03,98,1371,15,293.5
1,1.3,E03,98,1371,16,292.8
1,1.3,E03,98,1371,17,292
1,1.3,E03,98,1371,18,291.4
1,1.3,E04,62,569,0,0
1,1.3,E04,62,569,1,-4.266
1,1.3,E04,62,569,2,-3.633
1,1.3,E04,62,569,3,6.478
1,1.3,E04,62,569,4,38.8
1,1.3,E04,62,569,5,62.72
1,1.3,E04,62,569,6,76.44
1,1.3,E04,62,569,7,88.85
1,1.3,E04,62,569,8,93.85
1,1.3,E04,62,569,9,102.1
1,1.3,E04,62,569,10,109.5
1,1.3,E04,62,569,11,121.1
1,1.3,E04,62,569,12,131
1,1.3,E04,62,569,13,151
1,1.3,E04,62,569,14,180.7
1,1.3,E04,62,569,15,214
1,1.3,E04,62,569,16,250.4
1,1.3,E04,62,569,17,280.9
1,1.3,E04,62,569,18,296.7
1,1.3,E04,62,569,19,304.1
1,1.3,E04,62,569,20,323.2
1,1.3,E04,62,569,21,332.3
1,1.3,E04,62,569,22,339.4
1,1.3,E04,62,569,23,347.6
1,1.3,E04,62,569,24,345.7
1,1.3,E04,62,569,25,345.8
1,1.3,E04,62,569,26,345.4
1,1.3,E04,62,569,27,345.7
1,1.3,E04,62,570,0,0
1,1.3,E04,62,570,1,72.53
1,1.3,E04,62,570,2,113.4
1,1.3,E04,62,570,3,137.8
1,1.3,E04,62,570,4,157.8
1,1.3,E04,62,570,5,180.1
1,1.3,E04,62,570,6,196.7
1,1.3,E04,62,570,7,223.9
1,1.3,E04,62,570,8,242.5
1,1.3,E04,62,570,9,275.2
1,1.3,E04,62,570,10,310
1,1.3,E04,62,570,11,333.6
1,1.3,E04,62,570,12,350.4
1,1.3,E04,62,570,13,370.9
1,1.3,E04,62,570,14,388.6
1,1.3,E04,62,570,15,393.8
1,1.3,E04,62,570,16,398.6
1,1.3,E04,62,570,17,409.8
1,1.3,E04,62,570,18,426.8
1,1.3,E04,62,570,19,436.1
1,1.3,E04,62,570,20,459.6
1,1.3,E04,62,570,21,467.6
1,1.3,E04,62,570,22,465.3
1,1.3,E04,62,570,23,466.8
1,1.3,E04,62,570,24,464.5
1,1.3,E04,62,570,25,458.8
1,1.3,E04,62,570,26,457
1,1.3,E04,62,570,27,457.7
1,1.3,E04,62,571,0,0
1,1.3,E04,62,571,1,2.121
1,1.3,E04,62,571,2,6.217
1,1.3,E04,62,571,3,8.834
1,1.3,E04,62,571,4,13.27
1,1.3,E04,62,571,5,22.54
1,1.3,E04,62,571,6,30.91
1,1.3,E04,62,571,7,38.53
1,1.3,E04,62,571,8,41.54
1,1.3,E04,62,571,9,49.56
1,1.3,E04,62,571,10,60.98
1,1.3,E04,62,571,11,73.58
1,1.3,E04,62,571,12,90.47
1,1.3,E04,62,571,13,108.6
1,1.3,E04,62,571,14,130.7
1,1.3,E04,62,571,15,142.8
1,1.3,E04,62,571,16,150.8
1,1.3,E04,62,571,17,158.2
1,1.3,E04,62,571,18,166.8
1,1.3,E04,62,571,19,171.6
1,1.3,E04,62,571,20,189.2
1,1.3,E04,62,571,21,196.4
1,1.3,E04,62,571,22,202.3
1,1.3,E04,62,571,23,215.6
1,1.3,E04,62,571,24,223
1,1.3,E04,62,571,25,225.5
1,1.3,E04,62,571,26,224.4
1,1.3,E04,62,571,27,224.2
1,1.3,E04,62,572,0,0
1,1.3,E04,62,572,1,0.6356
1,1.3,E04,62,572,2,3.645
1,1.3,E04,62,572,3,6.56
1,1.3,E04,62,572,4,9.51
1,1.3,E04,62,572,5,18.47
1,1.3,E04,62,572,6,25.27
1,1.3,E04,62,572,7,33
1,1.3,E04,62,572,8,36.28
1,1.3,E04,62,572,9,42.72
1,1.3,E04,62,572,10,53.72
1,1.3,E04,62,572,11,65.44
1,1.3,E04,62,572,12,81.75
1,1.3,E04,62,572,13,96.34
1,1.3,E04,62,572,14,121.3
1,1.3,E04,62,572,15,134.3
1,1.3,E04,62,572,16,140.6
1,1.3,E04,62,572,17,148.3
1,1.3,E04,62,572,18,158.7
1,1.3,E04,62,572,19,162.5
1,1.3,E04,62,572,20,182.9
1,1.3,E04,62,572,21,189.7
1,1.3,E04,62,572,22,196
1,1.3,E04,62,572,23,209.4
1,1.3,E04,62,572,24,218.5
1,1.3,E04,62,572,25,221.5
1,1.3,E04,62,572,26,223.2
1,1.3,E04,62,572,27,221.4
1,1.3,E04,62,573,0,0
1,1.3,E04,62,573,1,5.847
1,1.3,E04,62,573,2,10.1
1,1.3,E04,62,573,3,13.19
1,1.3,E04,62,573,4,15.09
1,1.3,E04,62,573,5,20.34
1,1.3,E04,62,573,6,24.33
1,1.3,E04,62,573,7,29.18
1,1.3,E04,62,573,8,32.98
1,1.3,E04,62,573,9,41.64
1,1.3,E04,62,573,10,53
1,1.3,E04,62,573,11,70.07
1,1.3,E04,62,573,12,94.06
1,1.3,E04,62,573,13,124.1
1,1.3,E04,62,573,14,163.5
1,1.3,E04,62,573,15,205.8
1,1.3,E04,62,573,16,251.4
1,1.3,E04,62,573,17,329.3
1,1.3,E04,62,573,18,377.1
1,1.3,E04,62,573,19,389.1
1,1.3,E04,62,573,20,412.1
1,1.3,E04,62,573,21,422.7
1,1.3,E04,62,573,22,431.1
1,1.3,E04,62,573,23,444.6
1,1.3,E04,62,573,24,453
1,1.3,E04,62,573,25,455.1
1,1.3,E04,62,573,26,458.7
1,1.3,E04,62,573,27,458.6
1,1.3,E04,62,576,0,0
1,1.3,E04,62,576,1,-2.999
1,1.3,E04,62,576,2,-3.121
1,1.3,E04,62,576,3,27.3
1,1.3,E04,62,576,4,63.78
1,1.3,E04,62,576,5,84.27
1,1.3,E04,62,576,6,94.07
1,1.3,E04,62,576,7,103.6
1,1.3,E04,62,576,8,111.4
1,1.3,E04,62,576,9,119.4
1,1.3,E04,62,576,10,122.3
1,1.3,E04,62,576,11,127.8
1,1.3,E04,62,576,12,136.9
1,1.3,E04,62,576,13,146.4
1,1.3,E04,62,576,14,149.9
1,1.3,E04,62,576,15,185.2
1,1.3,E04,62,576,16,225.3
1,1.3,E04,62,576,17,267.7
1,1.3,E04,62,576,18,285.3
1,1.3,E04,62,576,19,298.5
1,1.3,E04,62,576,20,308.1
1,1.3,E04,62,576,21,312.4
1,1.3,E04,62,576,22,314.9
1,1.3,E04,62,576,23,321.5
1,1.3,E04,62,576,24,329.4
1,1.3,E04,62,576,25,335
1,1.3,E04,62,576,26,338.8
1,1.3,E04,62,576,27,340.5
1,1.3,E04,62,577,0,0
1,1.3,E04,62,577,1,-2.628
1,1.3,E04,62,577,2,-2.362
1,1.3,E04,62,577,3,31.47
1,1.3,E04,62,577,4,69.51
1,1.3,E04,62,577,5,89.31
1,1.3,E04,62,577,6,98.29
1,1.3,E04,62,577,7,107.3
1,1.3,E04,62,577,8,114.6
1,1.3,E04,62,577,9,121.8
1,1.3,E04,62,577,10,123.7
1,1.3,E04,62,577,11,128
1,1.3,E04,62,577,12,140.6
1,1.3,E04,62,577,13,149.8
1,1.3,E04,62,577,14,165.3
1,1.3,E04,62,577,15,185.9
1,1.3,E04,62,577,16,218.3
1,1.3,E04,62,577,17,266.6
1,1.3,E04,62,577,18,287.6
1,1.3,E04,62,577,19,303.2
1,1.3,E04,62,577,20,312.3
1,1.3,E04,62,577,21,315.3
1,1.3,E04,62,577,22,319.4
1,1.3,E04,62,577,23,323.9
1,1.3,E04,62,577,24,329.2
1,1.3,E04,62,577,25,333.5
1,1.3,E04,62,577,26,339.6
1,1.3,E04,62,577,27,347.2
1,1.3,E04,62,578,0,0
1,1.3,E04,62,578,1,92.27
1,1.3,E04,62,578,2,126.7
1,1.3,E04,62,578,3,159.5
1,1.3,E04,62,578,4,187.9
1,1.3,E04,62,578,5,215.8
1,1.3,E04,62,578,6,240.1
1,1.3,E04,62,578,7,270.2
1,1.3,E04,62,578,8,303.3
1,1.3,E04,62,578,9,343.9
1,1.3,E04,62,578,10,362.6
1,1.3,E04,62,578,11,379
1,1.3,E04,62,578,12,390.2
1,1.3,E04,62,578,13,400.3
1,1.3,E04,62,578,14,409.3
1,1.3,E04,62,578,15,419.5
1,1.3,E04,62,578,16,426.7
1,1.3,E04,62,578,17,441.9
1,1.3,E04,62,578,18,450.5
1,1.3,E04,62,578,19,461.5
1,1.3,E04,62,578,20,466.4
1,1.3,E04,62,578,21,466.7
1,1.3,E04,62,578,22,464.5
1,1.3,E04,62,578,23,462
1,1.3,E04,62,578,24,456.6
1,1.3,E04,62,578,25,451.8
1,1.3,E04,62,578,26,450
1,1.3,E04,62,578,27,449.2
1,1.3,E04,62,579,0,0
1,1.3,E04,62,579,1,87.2
1,1.3,E04,62,579,2,120.1
1,1.3,E04,62,579,3,154.3
1,1.3,E04,62,579,4,185.4
1,1.3,E04,62,579,5,214.1
1,1.3,E04,62,579,6,239.4
1,1.3,E04,62,579,7,268.2
1,1.3,E04,62,579,8,301.9
1,1.3,E04,62,579,9,339.5
1,1.3,E04,62,579,10,356.1
1,1.3,E04,62,579,11,372.4
1,1.3,E04,62,579,12,383.9
1,1.3,E04,62,579,13,393.5
1,1.3,E04,62,579,14,399.6
1,1.3,E04,62,579,15,409.2
1,1.3,E04,62,579,16,418.3
1,1.3,E04,62,579,17,431.2
1,1.3,E04,62,579,18,439.4
1,1.3,E04,62,579,19,449
1,1.3,E04,62,579,20,454.2
1,1.3,E04,62,579,21,452.7
1,1.3,E04,62,579,22,450.3
1,1.3,E04,62,579,23,447.7
1,1.3,E04,62,579,24,446.7
1,1.3,E04,62,579,25,441
1,1.3,E04,62,579,26,439.1
1,1.3,E04,62,579,27,438.9
1,1.3,E04,62,580,0,0
1,1.3,E04,62,580,1,4.587
1,1.3,E04,62,580,2,10.3
1,1.3,E04,62,580,3,25.99
1,1.3,E04,62,580,4,40.07
1,1.3,E04,62,580,5,52.64
1,1.3,E04,62,580,6,62.61
1,1.3,E04,62,580,7,73.53
1,1.3,E04,62,580,8,88.33
1,1.3,E04,62,580,9,106.8
1,1.3,E04,62,580,10,117.7
1,1.3,E04,62,580,11,129.8
1,1.3,E04,62,580,12,142
1,1.3,E04,62,580,13,150.3
1,1.3,E04,62,580,14,159.6
1,1.3,E04,62,580,15,167
1,1.3,E04,62,580,16,178.6
1,1.3,E04,62,580,17,189.6
1,1.3,E04,62,580,18,198.1
1,1.3,E04,62,580,19,205.8
1,1.3,E04,62,580,20,215.1
1,1.3,E04,62,580,21,216.3
1,1.3,E04,62,580,22,214.6
1,1.3,E04,62,580,23,213.5
1,1.3,E04,62,580,24,211.6
1,1.3,E04,62,580,25,206.6
1,1.3,E04,62,580,26,203.9
1,1.3,E04,62,580,27,203.7
1,1.3,E04,62,581,0,0
1,1.3,E04,62,581,1,3.943
1,1.3,E04,62,581,2,7.85
1,1.3,E04,62,581,3,13.33
1,1.3,E04,62,581,4,17.2
1,1.3,E04,62,581,5,24.1
1,1.3,E04,62,581,6,28.14
1,1.3,E04,62,581,7,33.06
1,1.3,E04,62,581,8,40.83
1,1.3,E04,62,581,9,51.57
1,1.3,E04,62,581,10,60.75
1,1.3,E04,62,581,11,74.55
1,1.3,E04,62,581,12,96.47
1,1.3,E04,62,581,13,125.4
1,1.3,E04,62,581,14,171.9
1,1.3,E04,62,581,15,214.8
1,1.3,E04,62,581,16,251.1
1,1.3,E04,62,581,17,297
1,1.3,E04,62,581,18,341.4
1,1.3,E04,62,581,19,384.3
1,1.3,E04,62,581,20,423.5
1,1.3,E04,62,581,21,433.5
1,1.3,E04,62,581,22,432.8
1,1.3,E04,62,581,23,438
1,1.3,E04,62,581,24,436.5
1,1.3,E04,62,581,25,440.2
1,1.3,E04,62,581,26,442.2
1,1.3,E04,62,581,27,444.4
1,1.3,E04,62,582,0,0
1,1.3,E04,62,582,1,7.149
1,1.3,E04,62,582,2,11.09
1,1.3,E04,62,582,3,16.23
1,1.3,E04,62,582,4,20.54
1,1.3,E04,62,582,5,28.3
1,1.3,E04,62,582,6,31.19
1,1.3,E04,62,582,7,34.96
1,1.3,E04,62,582,8,41.62
1,1.3,E04,62,582,9,52.87
1,1.3,E04,62,582,10,60.56
1,1.3,E04,62,582,11,79.66
1,1.3,E04,62,582,12,110
1,1.3,E04,62,582,13,146.7
1,1.3,E04,62,582,14,195.4
1,1.3,E04,62,582,15,232.9
1,1.3,E04,62,582,16,271.3
1,1.3,E04,62,582,17,322.7
1,1.3,E04,62,582,18,370.1
1,1.3,E04,62,582,19,404.2
1,1.3,E04,62,582,20,425.3
1,1.3,E04,62,582,21,429.4
1,1.3,E04,62,582,22,431
1,1.3,E04,62,582,23,434.8
1,1.3,E04,62,582,24,440.2
1,1.3,E04,62,582,25,446.2
1,1.3,E04,62,582,26,452.1
1,1.3,E04,62,582,27,462.1
1,1.3,E06,31,959,0,0
1,1.3,E06,31,959,1,7.901
1,1.3,E06,31,959,2,23.08
1,1.3,E06,31,959,3,41.45
1,1.3,E06,31,959,4,59.98
1,1.3,E06,31,959,5,81.31
1,1.3,E06,31,959,6,103.6
1,1.3,E06,31,959,7,116.4
1,1.3,E06,31,959,8,127.4
1,1.3,E06,31,959,9,138.2
1,1.3,E06,31,959,10,149.5
1,1.3,E06,31,959,11,160.4
1,1.3,E06,31,959,12,170.9
1,1.3,E06,31,959,13,181.8
1,1.3,E06,31,959,14,190.8
1,1.3,E06,31,959,15,199.3
1,1.3,E06,31,959,16,207.4
1,1.3,E06,31,959,17,214.8
1,1.3,E06,31,959,18,221.6
1,1.3,E06,31,959,19,227.7
1,1.3,E06,31,959,20,233.2
1,1.3,E06,31,959,21,238.3
1,1.3,E06,31,959,22,242.9
1,1.3,E06,31,959,23,246.9
1,1.3,E06,31,959,24,250.1
1,1.3,E06,31,959,25,253.4
1,1.3,E06,31,959,26,256.4
1,1.3,E06,31,959,27,259.2
1,1.3,E06,31,959,28,261.6
1,1.3,E06,31,959,29,263.9
1,1.3,E06,31,959,30,265
1,1.3,E06,31,960,0,0
1,1.3,E06,31,960,1,8.183
1,1.3,E06,31,960,2,23.53
1,1.3,E06,31,960,3,42.48
1,1.3,E06,31,960,4,61.15
1,1.3,E06,31,960,5,82.38
1,1.3,E06,31,960,6,105.6
1,1.3,E06,31,960,7,119.4
1,1.3,E06,31,960,8,130.4
1,1.3,E06,31,960,9,141.3
1,1.3,E06,31,960,10,152.8
1,1.3,E06,31,960,11,164.2
1,1.3,E06,31,960,12,174.7
1,1.3,E06,31,960,13,185.7
1,1.3,E06,31,960,14,194.7
1,1.3,E06,31,960,15,203.3
1,1.3,E06,31,960,16,211.2
1,1.3,E06,31,960,17,218.4
1,1.3,E06,31,960,18,224.9
1,1.3,E06,31,960,19,230.8
1,1.3,E06,31,960,20,236.1
1,1.3,E06,31,960,21,240.9
1,1.3,E06,31,960,22,245.2
1,1.3,E06,31,960,23,249.2
1,1.3,E06,31,960,24,252.2
1,1.3,E06,31,960,25,255.1
1,1.3,E06,31,960,26,257.8
1,1.3,E06,31,960,27,260.3
1,1.3,E06,31,960,28,262.4
1,1.3,E06,31,960,29,264.4
1,1.3,E06,31,960,30,264.8
1,1.3,E06,31,961,0,0
1,1.3,E06,31,961,1,9.157
1,1.3,E06,31,961,2,24.83
1,1.3,E06,31,961,3,43.85
1,1.3,E06,31,961,4,62.28
1,1.3,E06,31,961,5,83.19
1,1.3,E06,31,961,6,106.2
1,1.3,E06,31,961,7,119.9
1,1.3,E06,31,961,8,130.2
1,1.3,E06,31,961,9,140.2
1,1.3,E06,31,961,10,150.7
1,1.3,E06,31,961,11,160.6
1,1.3,E06,31,961,12,169.7
1,1.3,E06,31,961,13,179.2
1,1.3,E06,31,961,14,187.9
1,1.3,E06,31,961,15,195.8
1,1.3,E06,31,961,16,203.2
1,1.3,E06,31,961,17,210.1
1,1.3,E06,31,961,18,216.4
1,1.3,E06,31,961,19,222.2
1,1.3,E06,31,961,20,227.3
1,1.3,E06,31,961,21,232
1,1.3,E06,31,961,22,236.2
1,1.3,E06,31,961,23,240.2
1,1.3,E06,31,961,24,243.1
1,1.3,E06,31,961,25,245.9
1,1.3,E06,31,961,26,248.6
1,1.3,E06,31,961,27,251
1,1.3,E06,31,961,28,253.1
1,1.3,E06,31,961,29,255
1,1.3,E06,31,961,30,255.5
1,1.3,E06,31,962,0,0
1,1.3,E06,31,962,1,20.57
1,1.3,E06,31,962,2,39.76
1,1.3,E06,31,962,3,64.69
1,1.3,E06,31,962,4,95.34
1,1.3,E06,31,962,5,134
1,1.3,E06,31,962,6,178.9
1,1.3,E06,31,962,7,231.9
1,1.3,E06,31,962,8,286.9
1,1.3,E06,31,962,9,335.8
1,1.3,E06,31,962,10,368.7
1,1.3,E06,31,962,11,384.7
1,1.3,E06,31,962,12,399.2
1,1.3,E06,31,962,13,413.1
1,1.3,E06,31,962,14,425.2
1,1.3,E06,31,962,15,436.8
1,1.3,E06,31,962,16,444.7
1,1.3,E06,31,962,17,451.7
1,1.3,E06,31,962,18,458.4
1,1.3,E06,31,962,19,464.9
1,1.3,E06,31,962,20,470.9
1,1.3,E06,31,962,21,475.5
1,1.3,E06,31,962,22,479.6
1,1.3,E06,31,962,23,483.2
1,1.3,E06,31,962,24,485.7
1,1.3,E06,31,962,25,488
1,1.3,E06,31,962,26,490
1,1.3,E06,31,962,27,491.8
1,1.3,E06,31,962,28,493.4
1,1.3,E06,31,962,29,494.8
1,1.3,E06,31,962,30,495.2
1,1.3,E06,31,963,0,0
1,1.3,E06,31,963,1,20.4
1,1.3,E06,31,963,2,38.24
1,1.3,E06,31,963,3,62.7
1,1.3,E06,31,963,4,92.63
1,1.3,E06,31,963,5,130.8
1,1.3,E06,31,963,6,175.5
1,1.3,E06,31,963,7,228
1,1.3,E06,31,963,8,282.9
1,1.3,E06,31,963,9,331.2
1,1.3,E06,31,963,10,364
1,1.3,E06,31,963,11,377.6
1,1.3,E06,31,963,12,389.8
1,1.3,E06,31,963,13,402.1
1,1.3,E06,31,963,14,413.3
1,1.3,E06,31,963,15,424.5
1,1.3,E06,31,963,16,432.1
1,1.3,E06,31,963,17,438.7
1,1.3,E06,31,963,18,445
1,1.3,E06,31,963,19,451
1,1.3,E06,31,963,20,457.1
1,1.3,E06,31,963,21,462.3
1,1.3,E06,31,963,22,466.5
1,1.3,E06,31,963,23,470.5
1,1.3,E06,31,963,24,473.4
1,1.3,E06,31,963,25,476.1
1,1.3,E06,31,963,26,478.4
1,1.3,E06,31,963,27,480.4
1,1.3,E06,31,963,28,482.1
1,1.3,E06,31,963,29,483.8
1,1.3,E06,31,963,30,484.5
1,1.3,E06,31,964,0,0
1,1.3,E06,31,964,1,19.55
1,1.3,E06,31,964,2,36.4
1,1.3,E06,31,964,3,59.4
1,1.3,E06,31,964,4,87.08
1,1.3,E06,31,964,5,122.7
1,1.3,E06,31,964,6,167.4
1,1.3,E06,31,964,7,220.8
1,1.3,E06,31,964,8,276.5
1,1.3,E06,31,964,9,326
1,1.3,E06,31,964,10,365.4
1,1.3,E06,31,964,11,382.7
1,1.3,E06,31,964,12,397
1,1.3,E06,31,964,13,411.1
1,1.3,E06,31,964,14,424.2
1,1.3,E06,31,964,15,436.7
1,1.3,E06,31,964,16,444.6
1,1.3,E06,31,964,17,451.2
1,1.3,E06,31,964,18,456.9
1,1.3,E06,31,964,19,462.5
1,1.3,E06,31,964,20,468.1
1,1.3,E06,31,964,21,473.1
1,1.3,E06,31,964,22,476.8
1,1.3,E06,31,964,23,480.1
1,1.3,E06,31,964,24,482.3
1,1.3,E06,31,964,25,484.1
1,1.3,E06,31,964,26,485.8
1,1.3,E06,31,964,27,487.2
1,1.3,E06,31,964,28,488.4
1,1.3,E06,31,964,29,489.5
1,1.3,E06,31,964,30,490
1,1.3,E06,31,967,0,0
1,1.3,E06,31,967,1,-0.3388
1,1.3,E06,31,967,2,14.31
1,1.3,E06,31,967,3,42.77
1,1.3,E06,31,967,4,63.44
1,1.3,E06,31,967,5,82.79
1,1.3,E06,31,967,6,99.45
1,1.3,E06,31,967,7,117.6
1,1.3,E06,31,967,8,140.2
1,1.3,E06,31,967,9,166.9
1,1.3,E06,31,967,10,199.7
1,1.3,E06,31,967,11,237.6
1,1.3,E06,31,967,12,276.3
1,1.3,E06,31,967,13,305.9
1,1.3,E06,31,967,14,328.2
1,1.3,E06,31,967,15,337.4
1,1.3,E06,31,967,16,343.3
1,1.3,E06,31,967,17,351.8
1,1.3,E06,31,967,18,356.8
1,1.3,E06,31,967,19,360.3
1,1.3,E06,31,967,20,360.3
1,1.3,E06,31,967,21,360.3
1,1.3,E06,31,967,22,360.3
1,1.3,E06,31,967,23,360.3
1,1.3,E06,31,967,24,360.3
1,1.3,E06,31,967,25,360.3
1,1.3,E06,31,967,26,360.3
1,1.3,E06,31,967,27,360.3
1,1.3,E06,31,967,28,360.3
1,1.3,E06,31,967,29,360.3
1,1.3,E06,31,967,30,360.3
1,1.3,E06,31,968,0,0
1,1.3,E06,31,968,1,-0.5691
1,1.3,E06,31,968,2,11.08
1,1.3,E06,31,968,3,43.67
1,1.3,E06,31,968,4,64.79
1,1.3,E06,31,968,5,83.43
1,1.3,E06,31,968,6,100.2
1,1.3,E06,31,968,7,119.2
1,1.3,E06,31,968,8,142.4
1,1.3,E06,31,968,9,170.1
1,1.3,E06,31,968,10,204.3
1,1.3,E06,31,968,11,243.4
1,1.3,E06,31,968,12,282.5
1,1.3,E06,31,968,13,311.8
1,1.3,E06,31,968,14,333.3
1,1.3,E06,31,968,15,342.1
1,1.3,E06,31,968,16,351
1,1.3,E06,31,968,17,354.4
1,1.3,E06,31,968,18,360.7
1,1.3,E06,31,968,19,361.5
1,1.3,E06,31,968,20,361.5
1,1.3,E06,31,968,21,361.5
1,1.3,E06,31,968,22,361.5
1,1.3,E06,31,968,23,361.5
1,1.3,E06,31,968,24,361.5
1,1.3,E06,31,968,25,361.5
1,1.3,E06,31,968,26,361.5
1,1.3,E06,31,968,27,361.5
1,1.3,E06,31,968,28,361.5
1,1.3,E06,31,968,29,361.5
1,1.3,E06,31,968,30,361.5
1,1.3,E06,31,969,0,0
1,1.3,E06,31,969,1,-0.4041
1,1.3,E06,31,969,2,13.68
1,1.3,E06,31,969,3,42.38
1,1.3,E06,31,969,4,63.43
1,1.3,E06,31,969,5,83
1,1.3,E06,31,969,6,100.7
1,1.3,E06,31,969,7,118.5
1,1.3,E06,31,969,8,141
1,1.3,E06,31,969,9,168.5
1,1.3,E06,31,969,10,201.9
1,1.3,E06,31,969,11,240.3
1,1.3,E06,31,969,12,281.2
1,1.3,E06,31,969,13,313.9
1,1.3,E06,31,969,14,336.3
1,1.3,E06,31,969,15,345.4
1,1.3,E06,31,969,16,354.9
1,1.3,E06,31,969,17,360
1,1.3,E06,31,969,18,366.5
1,1.3,E06,31,969,19,368.4
1,1.3,E06,31,969,20,368.4
1,1.3,E06,31,969,21,368.4
1,1.3,E06,31,969,22,368.4
1,1.3,E06,31,969,23,368.4
1,1.3,E06,31,969,24,368.4
1,1.3,E06,31,969,25,368.4
1,1.3,E06,31,969,26,368.4
1,1.3,E06,31,969,27,368.4
1,1.3,E06,31,969,28,368.4
1,1.3,E06,31,969,29,368.4
1,1.3,E06,31,969,30,368.4
1,1.3,E06,31,970,0,0
1,1.3,E06,31,970,1,35.85
1,1.3,E06,31,970,2,53.74
1,1.3,E06,31,970,3,72.59
1,1.3,E06,31,970,4,98.96
1,1.3,E06,31,970,5,134.2
1,1.3,E06,31,970,6,174.5
1,1.3,E06,31,970,7,213.6
1,1.3,E06,31,970,8,246.7
1,1.3,E06,31,970,9,270.9
1,1.3,E06,31,970,10,283.4
1,1.3,E06,31,970,11,291.3
1,1.3,E06,31,970,12,294.1
1,1.3,E06,31,970,13,296.9
1,1.3,E06,31,970,14,299.6
1,1.3,E06,31,970,15,302.6
1,1.3,E06,31,970,16,305
1,1.3,E06,31,970,17,307.3
1,1.3,E06,31,970,18,309.8
1,1.3,E06,31,970,19,311.5
1,1.3,E06,31,970,20,312.9
1,1.3,E06,31,970,21,314.5
1,1.3,E06,31,970,22,316.5
1,1.3,E06,31,970,23,318.9
1,1.3,E06,31,970,24,320.9
1,1.3,E06,31,970,25,323.2
1,1.3,E06,31,970,26,325.8
1,1.3,E06,31,970,27,328.2
1,1.3,E06,31,970,28,330.3
1,1.3,E06,31,970,29,332.5
1,1.3,E06,31,970,30,333.5
1,1.3,E06,31,971,0,0
1,1.3,E06,31,971,1,36.63
1,1.3,E06,31,971,2,54.96
1,1.3,E06,31,971,3,74.25
1,1.3,E06,31,971,4,101.4
1,1.3,E06,31,971,5,136.9
1,1.3,E06,31,971,6,176.9
1,1.3,E06,31,971,7,215.4
1,1.3,E06,31,971,8,248.2
1,1.3,E06,31,971,9,272.4
1,1.3,E06,31,971,10,282.8
1,1.3,E06,31,971,11,290.7
1,1.3,E06,31,971,12,293.2
1,1.3,E06,31,971,13,296
1,1.3,E06,31,971,14,298.9
1,1.3,E06,31,971,15,302
1,1.3,E06,31,971,16,304.4
1,1.3,E06,31,971,17,306.8
1,1.3,E06,31,971,18,309.5
1,1.3,E06,31,971,19,311.2
1,1.3,E06,31,971,20,312.6
1,1.3,E06,31,971,21,314.4
1,1.3,E06,31,971,22,316.5
1,1.3,E06,31,971,23,319
1,1.3,E06,31,971,24,321.1
1,1.3,E06,31,971,25,323.3
1,1.3,E06,31,971,26,325.8
1,1.3,E06,31,971,27,328.1
1,1.3,E06,31,971,28,330.1
1,1.3,E06,31,971,29,332.2
1,1.3,E06,31,971,30,332.7
1,1.3,E06,31,972,0,0
1,1.3,E06,31,972,1,35.91
1,1.3,E06,31,972,2,54.28
1,1.3,E06,31,972,3,74.2
1,1.3,E06,31,972,4,101.7
1,1.3,E06,31,972,5,137.9
1,1.3,E06,31,972,6,178.7
1,1.3,E06,31,972,7,217.4
1,1.3,E06,31,972,8,231.1
1,1.3,E06,31,972,9,255.3
1,1.3,E06,31,972,10,266.7
1,1.3,E06,31,972,11,274.6
1,1.3,E06,31,972,12,277.2
1,1.3,E06,31,972,13,280
1,1.3,E06,31,972,14,282.8
1,1.3,E06,31,972,15,285.9
1,1.3,E06,31,972,16,288.5
1,1.3,E06,31,972,17,291.1
1,1.3,E06,31,972,18,293.8
1,1.3,E06,31,972,19,295.8
1,1.3,E06,31,972,20,297.6
1,1.3,E06,31,972,21,299.6
1,1.3,E06,31,972,22,302
1,1.3,E06,31,972,23,304.8
1,1.3,E06,31,972,24,307.1
1,1.3,E06,31,972,25,309.5
1,1.3,E06,31,972,26,312.3
1,1.3,E06,31,972,27,314.7
1,1.3,E06,31,972,28,316.9
1,1.3,E06,31,972,29,319.1
1,1.3,E06,31,972,30,320.5
1,1.3,E07,34,145,0,0
1,1.3,E07,34,145,1,121.6
1,1.3,E07,34,145,2,200.3
1,1.3,E07,34,145,3,247.3
1,1.3,E07,34,145,5,273.1
1,1.3,E07,34,145,6,284.3
1,1.3,E07,34,145,7,289.3
1,1.3,E07,34,145,8,293.2
1,1.3,E07,34,145,9,296.4
1,1.3,E07,34,145,10,298.5
1,1.3,E07,34,145,11,300.6
1,1.3,E07,34,146,0,0
1,1.3,E07,34,146,1,117.9
1,1.3,E07,34,146,2,198
1,1.3,E07,34,146,3,242.8
1,1.3,E07,34,146,5,268.6
1,1.3,E07,34,146,6,279.9
1,1.3,E07,34,146,7,284.6
1,1.3,E07,34,146,8,288.4
1,1.3,E07,34,146,9,291.3
1,1.3,E07,34,146,10,293.7
1,1.3,E07,34,146,11,295.6
1,1.3,E07,34,147,0,0
1,1.3,E07,34,147,1,107.6
1,1.3,E07,34,147,2,188.6
1,1.3,E07,34,147,3,237.5
1,1.3,E07,34,147,5,263.4
1,1.3,E07,34,147,6,274.7
1,1.3,E07,34,147,7,280.1
1,1.3,E07,34,147,8,283.7
1,1.3,E07,34,147,9,286.5
1,1.3,E07,34,147,10,288.5
1,1.3,E07,34,147,11,290.4
1,1.3,E07,34,148,0,0
1,1.3,E07,34,148,1,3.96
1,1.3,E07,34,148,2,41.77
1,1.3,E07,34,148,3,165.2
1,1.3,E07,34,148,5,291.1
1,1.3,E07,34,148,6,313.3
1,1.3,E07,34,148,7,318.7
1,1.3,E07,34,148,8,319.5
1,1.3,E07,34,149,0,0
1,1.3,E07,34,149,1,3.24
1,1.3,E07,34,149,2,44.5
1,1.3,E07,34,149,3,163.2
1,1.3,E07,34,149,5,282.8
1,1.3,E07,34,149,6,306.7
1,1.3,E07,34,149,7,310.7
1,1.3,E07,34,149,8,313.2
1,1.3,E07,34,150,0,0
1,1.3,E07,34,150,1,4.218
1,1.3,E07,34,150,2,48.12
1,1.3,E07,34,150,3,167.2
1,1.3,E07,34,150,5,288
1,1.3,E07,34,150,6,311.7
1,1.3,E07,34,150,7,315
1,1.3,E07,34,150,8,317.3
1,1.3,E07,34,154,0,0
1,1.3,E07,34,154,1,42.64
1,1.3,E07,34,154,2,108
1,1.3,E07,34,154,3,182
1,1.3,E07,34,154,5,275.2
1,1.3,E07,34,154,6,316.4
1,1.3,E07,34,154,7,332.5
1,1.3,E07,34,154,8,349.2
1,1.3,E07,34,154,9,359.2
1,1.3,E07,34,154,10,367.7
1,1.3,E07,34,154,11,372.7
1,1.3,E07,34,154,13,380.6
1,1.3,E07,34,154,14,383.2
1,1.3,E07,34,155,0,0
1,1.3,E07,34,155,1,43.3
1,1.3,E07,34,155,2,107.1
1,1.3,E07,34,155,3,178.5
1,1.3,E07,34,155,5,271.2
1,1.3,E07,34,155,6,313.5
1,1.3,E07,34,155,7,330.5
1,1.3,E07,34,155,8,346.5
1,1.3,E07,34,155,9,356.8
1,1.3,E07,34,155,10,364.8
1,1.3,E07,34,155,11,369.6
1,1.3,E07,34,155,13,376.9
1,1.3,E07,34,155,14,379.4
1,1.3,E07,34,156,0,0
1,1.3,E07,34,156,1,43.71
1,1.3,E07,34,156,2,110.2
1,1.3,E07,34,156,3,185.7
1,1.3,E07,34,156,5,276.4
1,1.3,E07,34,156,6,318.5
1,1.3,E07,34,156,7,335.5
1,1.3,E07,34,156,8,352
1,1.3,E07,34,156,9,362.8
1,1.3,E07,34,156,10,370.9
1,1.3,E07,34,156,11,375.7
1,1.3,E07,34,156,13,382.9
1,1.3,E07,34,156,14,385.2
1,1.3,E07,34,157,0,0
1,1.3,E07,34,157,1,20.6
1,1.3,E07,34,157,2,46.23
1,1.3,E07,34,157,3,77.84
1,1.3,E07,34,157,5,123.1
1,1.3,E07,34,157,6,150.2
1,1.3,E07,34,157,7,163.9
1,1.3,E07,34,157,8,180.1
1,1.3,E07,34,157,9,191.8
1,1.3,E07,34,157,10,203.3
1,1.3,E07,34,157,11,213.2
1,1.3,E07,34,157,13,226.2
1,1.3,E07,34,157,14,231.4
1,1.3,E07,34,157,15,236
1,1.3,E07,34,157,17,244.9
1,1.3,E07,34,157,20,255.5
1,1.3,E07,34,157,22,259.5
1,1.3,E07,34,158,0,0
1,1.3,E07,34,158,1,21.88
1,1.3,E07,34,158,2,49.23
1,1.3,E07,34,158,3,83.07
1,1.3,E07,34,158,5,129.7
1,1.3,E07,34,158,6,156
1,1.3,E07,34,158,7,168.3
1,1.3,E07,34,158,8,184.1
1,1.3,E07,34,158,9,194.8
1,1.3,E07,34,158,10,205.2
1,1.3,E07,34,158,11,214.1
1,1.3,E07,34,158,13,225.6
1,1.3,E07,34,158,14,230.2
1,1.3,E07,34,158,15,234.3
1,1.3,E07,34,158,17,241.8
1,1.3,E07,34,158,20,252.2
1,1.3,E07,34,158,22,255.5
1,1.3,E07,34,159,0,0
1,1.3,E07,34,159,1,20.75
1,1.3,E07,34,159,2,46.08
1,1.3,E07,34,159,3,77.43
1,1.3,E07,34,159,5,122.4
1,1.3,E07,34,159,6,148.3
1,1.3,E07,34,159,7,160.8
1,1.3,E07,34,159,8,177.5
1,1.3,E07,34,159,9,188.8
1,1.3,E07,34,159,10,200.2
1,1.3,E07,34,159,11,210.3
1,1.3,E07,34,159,13,223.2
1,1.3,E07,34,159,14,228.2
1,1.3,E07,34,159,15,231.6
1,1.3,E07,34,159,17,241.4
1,1.3,E07,34,159,20,252.1
1,1.3,E07,34,159,22,255.8
1,1.3,E08,65,1085,0,0
1,1.3,E08,65,1085,1,37.09
1,1.3,E08,65,1085,2,101.3
1,1.3,E08,65,1085,3,188.1
1,1.3,E08,65,1085,4,283.7
1,1.3,E08,65,1085,5,369.5
1,1.3,E08,65,1085,6,413.2
1,1.3,E08,65,1085,7,428.1
1,1.3,E08,65,1085,8,437.6
1,1.3,E08,65,1085,9,444.4
1,1.3,E08,65,1085,10,449.8
1,1.3,E08,65,1085,11,453.5
1,1.3,E08,65,1085,12,456.9
1,1.3,E08,65,1085,13,459.9
1,1.3,E08,65,1085,14,463.3
1,1.3,E08,65,1085,15,466.6
1,1.3,E08,65,1085,16,469
1,1.3,E08,65,1085,17,472.5
1,1.3,E08,65,1085,18,475.7
1,1.3,E08,65,1085,19,478.3
1,1.3,E08,65,1085,20,480.9
1,1.3,E08,65,1085,21,483.4
1,1.3,E08,65,1085,22,485.7
1,1.3,E08,65,1085,23,488
1,1.3,E08,65,1085,24,490.2
1,1.3,E08,65,1085,25,492.2
1,1.3,E08,65,1085,26,494.1
1,1.3,E08,65,1085,27,495.6
1,1.3,E08,65,1085,28,497.2
1,1.3,E08,65,1085,29,498.3
1,1.3,E08,65,1085,30,499.9
1,1.3,E08,65,1085,31,501.2
1,1.3,E08,65,1085,32,502.4
1,1.3,E08,65,1085,33,503.7
1,1.3,E08,65,1085,34,504.8
1,1.3,E08,65,1085,35,506
1,1.3,E08,65,1085,36,506.8
1,1.3,E08,65,1085,37,507.8
1,1.3,E08,65,1085,38,508.6
1,1.3,E08,65,1085,39,509.4
1,1.3,E08,65,1085,40,510.3
1,1.3,E08,65,1085,41,511.2
1,1.3,E08,65,1085,42,511.9
1,1.3,E08,65,1085,43,512.8
1,1.3,E08,65,1085,44,513.5
1,1.3,E08,65,1085,45,514.1
1,1.3,E08,65,1085,46,514.8
1,1.3,E08,65,1085,47,515.5
1,1.3,E08,65,1085,48,516.2
1,1.3,E08,65,1085,49,517.1
1,1.3,E08,65,1086,0,0
1,1.3,E08,65,1086,1,34.52
1,1.3,E08,65,1086,2,100.3
1,1.3,E08,65,1086,3,182.8
1,1.3,E08,65,1086,4,265.8
1,1.3,E08,65,1086,5,326
1,1.3,E08,65,1086,6,350.8
1,1.3,E08,65,1086,7,370.6
1,1.3,E08,65,1086,8,386.5
1,1.3,E08,65,1086,9,399.3
1,1.3,E08,65,1086,10,409.7
1,1.3,E08,65,1086,11,418.7
1,1.3,E08,65,1086,12,426.6
1,1.3,E08,65,1086,13,433.6
1,1.3,E08,65,1086,14,439.4
1,1.3,E08,65,1086,15,444.1
1,1.3,E08,65,1086,16,448.1
1,1.3,E08,65,1086,17,451.6
1,1.3,E08,65,1086,18,454.9
1,1.3,E08,65,1086,19,457.8
1,1.3,E08,65,1086,20,460.4
1,1.3,E08,65,1086,21,462.8
1,1.3,E08,65,1086,22,465
1,1.3,E08,65,1086,23,466.9
1,1.3,E08,65,1086,24,468.8
1,1.3,E08,65,1086,25,470.4
1,1.3,E08,65,1086,26,471.9
1,1.3,E08,65,1086,27,473.2
1,1.3,E08,65,1086,28,474.4
1,1.3,E08,65,1086,29,475.3
1,1.3,E08,65,1086,30,476.5
1,1.3,E08,65,1086,31,477.5
1,1.3,E08,65,1086,32,478.3
1,1.3,E08,65,1086,33,479.1
1,1.3,E08,65,1086,34,479.9
1,1.3,E08,65,1086,35,480.8
1,1.3,E08,65,1086,36,481.5
1,1.3,E08,65,1086,37,482.2
1,1.3,E08,65,1086,38,482.8
1,1.3,E08,65,1086,39,483.4
1,1.3,E08,65,1086,40,484
1,1.3,E08,65,1086,41,484.5
1,1.3,E08,65,1086,42,485
1,1.3,E08,65,1086,43,485.6
1,1.3,E08,65,1086,44,486.1
1,1.3,E08,65,1086,45,486.6
1,1.3,E08,65,1086,46,487
1,1.3,E08,65,1086,47,487.4
1,1.3,E08,65,1086,48,487.9
1,1.3,E08,65,1086,49,488.4
1,1.3,E08,65,1087,0,0
1,1.3,E08,65,1087,1,35.46
1,1.3,E08,65,1087,2,99.77
1,1.3,E08,65,1087,3,181.4
1,1.3,E08,65,1087,4,264
1,1.3,E08,65,1087,5,325.1
1,1.3,E08,65,1087,6,349.3
1,1.3,E08,65,1087,7,368.7
1,1.3,E08,65,1087,8,384.5
1,1.3,E08,65,1087,9,397.8
1,1.3,E08,65,1087,10,408.1
1,1.3,E08,65,1087,11,416.8
1,1.3,E08,65,1087,12,424.6
1,1.3,E08,65,1087,13,431.3
1,1.3,E08,65,1087,14,437.4
1,1.3,E08,65,1087,15,442.7
1,1.3,E08,65,1087,16,446.7
1,1.3,E08,65,1087,17,450.3
1,1.3,E08,65,1087,18,453.8
1,1.3,E08,65,1087,19,456.7
1,1.3,E08,65,1087,20,459.6
1,1.3,E08,65,1087,21,462.2
1,1.3,E08,65,1087,22,464.3
1,1.3,E08,65,1087,23,466.2
1,1.3,E08,65,1087,24,468.1
1,1.3,E08,65,1087,25,469.7
1,1.3,E08,65,1087,26,471.3
1,1.3,E08,65,1087,27,472.7
1,1.3,E08,65,1087,28,474
1,1.3,E08,65,1087,29,475
1,1.3,E08,65,1087,30,476.3
1,1.3,E08,65,1087,31,477.4
1,1.3,E08,65,1087,32,478.3
1,1.3,E08,65,1087,33,479.3
1,1.3,E08,65,1087,34,480.2
1,1.3,E08,65,1087,35,481.2
1,1.3,E08,65,1087,36,482
1,1.3,E08,65,1087,37,482.9
1,1.3,E08,65,1087,38,483.5
1,1.3,E08,65,1087,39,484.2
1,1.3,E08,65,1087,40,484.8
1,1.3,E08,65,1087,41,485.5
1,1.3,E08,65,1087,42,486.1
1,1.3,E08,65,1087,43,486.6
1,1.3,E08,65,1087,44,487.1
1,1.3,E08,65,1087,45,487.6
1,1.3,E08,65,1087,46,488
1,1.3,E08,65,1087,47,488.4
1,1.3,E08,65,1087,48,488.9
1,1.3,E08,65,1087,49,489.4
1,1.3,E08,65,1088,0,0
1,1.3,E08,65,1088,1,19.02
1,1.3,E08,65,1088,2,45.68
1,1.3,E08,65,1088,3,70.81
1,1.3,E08,65,1088,4,96.86
1,1.3,E08,65,1088,5,113.8
1,1.3,E08,65,1088,6,128.4
1,1.3,E08,65,1088,7,141.9
1,1.3,E08,65,1088,8,154.1
1,1.3,E08,65,1088,9,165.3
1,1.3,E08,65,1088,10,175.9
1,1.3,E08,65,1088,11,185.4
1,1.3,E08,65,1088,12,194.2
1,1.3,E08,65,1088,13,202.2
1,1.3,E08,65,1088,14,209.4
1,1.3,E08,65,1088,15,216.1
1,1.3,E08,65,1088,16,222.1
1,1.3,E08,65,1088,17,227.5
1,1.3,E08,65,1088,18,232.6
1,1.3,E08,65,1088,19,237.2
1,1.3,E08,65,1088,20,241.4
1,1.3,E08,65,1088,21,245.2
1,1.3,E08,65,1088,22,248.4
1,1.3,E08,65,1088,23,251.5
1,1.3,E08,65,1088,24,254.3
1,1.3,E08,65,1088,25,256.7
1,1.3,E08,65,1088,26,258.8
1,1.3,E08,65,1088,27,261
1,1.3,E08,65,1088,28,262.7
1,1.3,E08,65,1088,29,264.1
1,1.3,E08,65,1088,30,265.8
1,1.3,E08,65,1088,31,267.1
1,1.3,E08,65,1088,32,268.3
1,1.3,E08,65,1088,33,269.5
1,1.3,E08,65,1088,34,270.6
1,1.3,E08,65,1088,35,271.6
1,1.3,E08,65,1088,36,272.4
1,1.3,E08,65,1088,37,273.3
1,1.3,E08,65,1088,38,273.9
1,1.3,E08,65,1088,39,274.5
1,1.3,E08,65,1088,40,275.2
1,1.3,E08,65,1088,41,276.2
1,1.3,E08,65,1088,42,278.7
1,1.3,E08,65,1088,43,281.2
1,1.3,E08,65,1088,44,283.5
1,1.3,E08,65,1088,45,285.3
1,1.3,E08,65,1088,46,286.8
1,1.3,E08,65,1088,47,288.1
1,1.3,E08,65,1088,48,289.5
1,1.3,E08,65,1088,49,290.9
1,1.3,E08,65,1089,0,0
1,1.3,E08,65,1089,1,19.61
1,1.3,E08,65,1089,2,53.38
1,1.3,E08,65,1089,3,76.02
1,1.3,E08,65,1089,4,94.14
1,1.3,E08,65,1089,5,109.5
1,1.3,E08,65,1089,6,123.7
1,1.3,E08,65,1089,7,137.1
1,1.3,E08,65,1089,8,149.1
1,1.3,E08,65,1089,9,159.9
1,1.3,E08,65,1089,10,170.2
1,1.3,E08,65,1089,11,179.9
1,1.3,E08,65,1089,12,188.7
1,1.3,E08,65,1089,13,197.1
1,1.3,E08,65,1089,14,204.7
1,1.3,E08,65,1089,15,211.6
1,1.3,E08,65,1089,16,217.8
1,1.3,E08,65,1089,17,223.4
1,1.3,E08,65,1089,18,228.4
1,1.3,E08,65,1089,19,233
1,1.3,E08,65,1089,20,237.2
1,1.3,E08,65,1089,21,241
1,1.3,E08,65,1089,22,244.4
1,1.3,E08,65,1089,23,247.4
1,1.3,E08,65,1089,24,250.1
1,1.3,E08,65,1089,25,252.8
1,1.3,E08,65,1089,26,255.1
1,1.3,E08,65,1089,27,257.2
1,1.3,E08,65,1089,28,259.1
1,1.3,E08,65,1089,29,260.5
1,1.3,E08,65,1089,30,262.3
1,1.3,E08,65,1089,31,263.6
1,1.3,E08,65,1089,32,264.8
1,1.3,E08,65,1089,33,266
1,1.3,E08,65,1089,34,267.1
1,1.3,E08,65,1089,35,268.3
1,1.3,E08,65,1089,36,269.4
1,1.3,E08,65,1089,37,270.7
1,1.3,E08,65,1089,38,271.8
1,1.3,E08,65,1089,39,273
1,1.3,E08,65,1089,40,274.4
1,1.3,E08,65,1089,41,275.7
1,1.3,E08,65,1089,42,276.9
1,1.3,E08,65,1089,43,278.2
1,1.3,E08,65,1089,44,279.5
1,1.3,E08,65,1089,45,280.8
1,1.3,E08,65,1089,46,281.7
1,1.3,E08,65,1089,47,282.7
1,1.3,E08,65,1089,48,283.8
1,1.3,E08,65,1089,49,284.8
1,1.3,E08,65,1090,0,0
1,1.3,E08,65,1090,1,19.92
1,1.3,E08,65,1090,2,54.35
1,1.3,E08,65,1090,3,74.79
1,1.3,E08,65,1090,4,96.58
1,1.3,E08,65,1090,5,113
1,1.3,E08,65,1090,6,127.7
1,1.3,E08,65,1090,7,141.3
1,1.3,E08,65,1090,8,153.9
1,1.3,E08,65,1090,9,165.5
1,1.3,E08,65,1090,10,176.2
1,1.3,E08,65,1090,11,186
1,1.3,E08,65,1090,12,195
1,1.3,E08,65,1090,13,203.5
1,1.3,E08,65,1090,14,211.1
1,1.3,E08,65,1090,15,217.9
1,1.3,E08,65,1090,16,224
1,1.3,E08,65,1090,17,229.5
1,1.3,E08,65,1090,18,234.5
1,1.3,E08,65,1090,19,239.1
1,1.3,E08,65,1090,20,243.4
1,1.3,E08,65,1090,21,247.2
1,1.3,E08,65,1090,22,250.6
1,1.3,E08,65,1090,23,253.7
1,1.3,E08,65,1090,24,256.6
1,1.3,E08,65,1090,25,259.4
1,1.3,E08,65,1090,26,261.8
1,1.3,E08,65,1090,27,264
1,1.3,E08,65,1090,28,266.2
1,1.3,E08,65,1090,29,267.8
1,1.3,E08,65,1090,30,269.8
1,1.3,E08,65,1090,31,271.4
1,1.3,E08,65,1090,32,272.9
1,1.3,E08,65,1090,33,274.4
1,1.3,E08,65,1090,34,275.7
1,1.3,E08,65,1090,35,277.3
1,1.3,E08,65,1090,36,278.4
1,1.3,E08,65,1090,37,279.8
1,1.3,E08,65,1090,38,281
1,1.3,E08,65,1090,39,282.1
1,1.3,E08,65,1090,40,283.1
1,1.3,E08,65,1090,41,284.3
1,1.3,E08,65,1090,42,285.5
1,1.3,E08,65,1090,43,287
1,1.3,E08,65,1090,44,288.1
1,1.3,E08,65,1090,45,289.3
1,1.3,E08,65,1090,46,290.4
1,1.3,E08,65,1090,47,291.5
1,1.3,E08,65,1090,48,292.5
1,1.3,E08,65,1090,49,293.6
1,1.3,E08,65,1093,0,0
1,1.3,E08,65,1093,1,6.953
1,1.3,E08,65,1093,2,81.75
1,1.3,E08,65,1093,3,184.6
1,1.3,E08,65,1093,4,305.2
1,1.3,E08,65,1093,5,363.8
1,1.3,E08,65,1093,6,374.4
1,1.3,E08,65,1093,7,381
1,1.3,E08,65,1093,8,386
1,1.3,E08,65,1093,9,389.8
1,1.3,E08,65,1093,10,393
1,1.3,E08,65,1093,11,395.3
1,1.3,E08,65,1093,12,397
1,1.3,E08,65,1093,13,398.4
1,1.3,E08,65,1093,14,399.6
1,1.3,E08,65,1093,15,400.7
1,1.3,E08,65,1093,16,401.5
1,1.3,E08,65,1093,17,402.3
1,1.3,E08,65,1093,18,403.1
1,1.3,E08,65,1093,19,403.7
1,1.3,E08,65,1093,20,404.4
1,1.3,E08,65,1093,21,405
1,1.3,E08,65,1093,22,405.5
1,1.3,E08,65,1093,23,405.9
1,1.3,E08,65,1093,24,406.4
1,1.3,E08,65,1093,25,406.8
1,1.3,E08,65,1093,26,407.3
1,1.3,E08,65,1093,27,407.5
1,1.3,E08,65,1093,28,407.8
1,1.3,E08,65,1093,29,407.7
1,1.3,E08,65,1093,30,408
1,1.3,E08,65,1093,31,408.3
1,1.3,E08,65,1093,32,408.4
1,1.3,E08,65,1093,33,408.7
1,1.3,E08,65,1093,34,408.8
1,1.3,E08,65,1093,35,409.1
1,1.3,E08,65,1093,36,409.3
1,1.3,E08,65,1093,37,409.5
1,1.3,E08,65,1093,38,409.7
1,1.3,E08,65,1093,39,409.8
1,1.3,E08,65,1093,40,409.9
1,1.3,E08,65,1093,41,409.9
1,1.3,E08,65,1093,42,410
1,1.3,E08,65,1093,43,410.2
1,1.3,E08,65,1093,44,410.2
1,1.3,E08,65,1093,45,410.2
1,1.3,E08,65,1093,46,410.3
1,1.3,E08,65,1093,47,410.5
1,1.3,E08,65,1093,48,410.6
1,1.3,E08,65,1093,49,410.9
1,1.3,E08,65,1094,0,0
1,1.3,E08,65,1094,1,7.105
1,1.3,E08,65,1094,2,82.1
1,1.3,E08,65,1094,3,185.6
1,1.3,E08,65,1094,4,307.1
1,1.3,E08,65,1094,5,370.7
1,1.3,E08,65,1094,6,381.1
1,1.3,E08,65,1094,7,387.1
1,1.3,E08,65,1094,8,391.8
1,1.3,E08,65,1094,9,395.6
1,1.3,E08,65,1094,10,398.7
1,1.3,E08,65,1094,11,400.6
1,1.3,E08,65,1094,12,402.2
1,1.3,E08,65,1094,13,403.6
1,1.3,E08,65,1094,14,404.8
1,1.3,E08,65,1094,15,405.8
1,1.3,E08,65,1094,16,406.7
1,1.3,E08,65,1094,17,407.4
1,1.3,E08,65,1094,18,408
1,1.3,E08,65,1094,19,408.6
1,1.3,E08,65,1094,20,409.1
1,1.3,E08,65,1094,21,409.7
1,1.3,E08,65,1094,22,410.2
1,1.3,E08,65,1094,23,410.6
1,1.3,E08,65,1094,24,411.1
1,1.3,E08,65,1094,25,411.6
1,1.3,E08,65,1094,26,412.1
1,1.3,E08,65,1094,27,412.5
1,1.3,E08,65,1094,28,412.4
1,1.3,E08,65,1094,29,412.5
1,1.3,E08,65,1094,30,412.8
1,1.3,E08,65,1094,31,413
1,1.3,E08,65,1094,32,413.2
1,1.3,E08,65,1094,33,413.4
1,1.3,E08,65,1094,34,413.5
1,1.3,E08,65,1094,35,413.8
1,1.3,E08,65,1094,36,414
1,1.3,E08,65,1094,37,414.2
1,1.3,E08,65,1094,38,414.3
1,1.3,E08,65,1094,39,414.5
1,1.3,E08,65,1094,40,414.7
1,1.3,E08,65,1094,41,415
1,1.3,E08,65,1094,42,415.2
1,1.3,E08,65,1094,43,415.4
1,1.3,E08,65,1094,44,415.6
1,1.3,E08,65,1094,45,415.8
1,1.3,E08,65,1094,46,415.9
1,1.3,E08,65,1094,47,416
1,1.3,E08,65,1094,48,416.3
1,1.3,E08,65,1094,49,416.6
1,1.3,E08,65,1095,0,0
1,1.3,E08,65,1095,1,7.328
1,1.3,E08,65,1095,2,83.03
1,1.3,E08,65,1095,3,182.8
1,1.3,E08,65,1095,4,298.9
1,1.3,E08,65,1095,5,353
1,1.3,E08,65,1095,6,362.9
1,1.3,E08,65,1095,7,369.1
1,1.3,E08,65,1095,8,373.8
1,1.3,E08,65,1095,9,377.6
1,1.3,E08,65,1095,10,380.5
1,1.3,E08,65,1095,11,382.6
1,1.3,E08,65,1095,12,384.3
1,1.3,E08,65,1095,13,385.6
1,1.3,E08,65,1095,14,386.7
1,1.3,E08,65,1095,15,387.8
1,1.3,E08,65,1095,16,388.5
1,1.3,E08,65,1095,17,389.2
1,1.3,E08,65,1095,18,389.8
1,1.3,E08,65,1095,19,390.4
1,1.3,E08,65,1095,20,391
1,1.3,E08,65,1095,21,391.5
1,1.3,E08,65,1095,22,391.9
1,1.3,E08,65,1095,23,392.3
1,1.3,E08,65,1095,24,392.8
1,1.3,E08,65,1095,25,393.3
1,1.3,E08,65,1095,26,393.6
1,1.3,E08,65,1095,27,393.9
1,1.3,E08,65,1095,28,394.1
1,1.3,E08,65,1095,29,394
1,1.3,E08,65,1095,30,394.3
1,1.3,E08,65,1095,31,394.4
1,1.3,E08,65,1095,32,394.5
1,1.3,E08,65,1095,33,394.8
1,1.3,E08,65,1095,34,394.8
1,1.3,E08,65,1095,35,395.2
1,1.3,E08,65,1095,36,395.3
1,1.3,E08,65,1095,37,395.4
1,1.3,E08,65,1095,38,395.4
1,1.3,E08,65,1095,39,395.4
1,1.3,E08,65,1095,40,395.6
1,1.3,E08,65,1095,41,395.8
1,1.3,E08,65,1095,42,395.9
1,1.3,E08,65,1095,43,396.1
1,1.3,E08,65,1095,44,396.2
1,1.3,E08,65,1095,45,396.3
1,1.3,E08,65,1095,46,396.5
1,1.3,E08,65,1095,47,396.6
1,1.3,E08,65,1095,48,396.7
1,1.3,E08,65,1095,49,396.9
1,1.3,E08,65,1096,0,0
1,1.3,E08,65,1096,1,52.12
1,1.3,E08,65,1096,2,116.2
1,1.3,E08,65,1096,3,190
1,1.3,E08,65,1096,4,235.5
1,1.3,E08,65,1096,5,247
1,1.3,E08,65,1096,6,257.1
1,1.3,E08,65,1096,7,265.4
1,1.3,E08,65,1096,8,271.8
1,1.3,E08,65,1096,9,277.9
1,1.3,E08,65,1096,10,283.4
1,1.3,E08,65,1096,11,288.7
1,1.3,E08,65,1096,12,293.1
1,1.3,E08,65,1096,13,296.7
1,1.3,E08,65,1096,14,300.1
1,1.3,E08,65,1096,15,303.3
1,1.3,E08,65,1096,16,306
1,1.3,E08,65,1096,17,308.4
1,1.3,E08,65,1096,18,310.7
1,1.3,E08,65,1096,19,312.8
1,1.3,E08,65,1096,20,314.6
1,1.3,E08,65,1096,21,316.2
1,1.3,E08,65,1096,22,317.6
1,1.3,E08,65,1096,23,318.9
1,1.3,E08,65,1096,24,320.3
1,1.3,E08,65,1096,25,321.6
1,1.3,E08,65,1096,26,322.8
1,1.3,E08,65,1096,27,323.9
1,1.3,E08,65,1096,28,324.8
1,1.3,E08,65,1096,29,325.4
1,1.3,E08,65,1096,30,326.4
1,1.3,E08,65,1096,31,327.1
1,1.3,E08,65,1096,32,327.7
1,1.3,E08,65,1096,33,328.5
1,1.3,E08,65,1096,34,329.2
1,1.3,E08,65,1096,35,330
1,1.3,E08,65,1096,36,330.6
1,1.3,E08,65,1096,37,331.1
1,1.3,E08,65,1096,38,331.5
1,1.3,E08,65,1096,39,331.9
1,1.3,E08,65,1096,40,332.5
1,1.3,E08,65,1096,41,333
1,1.3,E08,65,1096,42,333.4
1,1.3,E08,65,1096,43,334
1,1.3,E08,65,1096,44,334.4
1,1.3,E08,65,1096,45,334.8
1,1.3,E08,65,1096,46,335.1
1,1.3,E08,65,1096,47,335.5
1,1.3,E08,65,1096,48,336
1,1.3,E08,65,1096,49,336.4
1,1.3,E08,65,1097,0,0
1,1.3,E08,65,1097,1,51.72
1,1.3,E08,65,1097,2,115.7
1,1.3,E08,65,1097,3,188.6
1,1.3,E08,65,1097,4,233.3
1,1.3,E08,65,1097,5,244.3
1,1.3,E08,65,1097,6,254.1
1,1.3,E08,65,1097,7,261.6
1,1.3,E08,65,1097,8,267.6
1,1.3,E08,65,1097,9,273.3
1,1.3,E08,65,1097,10,278.4
1,1.3,E08,65,1097,11,283.4
1,1.3,E08,65,1097,12,287.5
1,1.3,E08,65,1097,13,291.1
1,1.3,E08,65,1097,14,294.4
1,1.3,E08,65,1097,15,297.6
1,1.3,E08,65,1097,16,300.3
1,1.3,E08,65,1097,17,302.6
1,1.3,E08,65,1097,18,304.9
1,1.3,E08,65,1097,19,307.1
1,1.3,E08,65,1097,20,308.9
1,1.3,E08,65,1097,21,310.3
1,1.3,E08,65,1097,22,311.7
1,1.3,E08,65,1097,23,313
1,1.3,E08,65,1097,24,314.2
1,1.3,E08,65,1097,25,315.5
1,1.3,E08,65,1097,26,316.4
1,1.3,E08,65,1097,27,317.3
1,1.3,E08,65,1097,28,318.2
1,1.3,E08,65,1097,29,318.7
1,1.3,E08,65,1097,30,319.6
1,1.3,E08,65,1097,31,320.1
1,1.3,E08,65,1097,32,320.7
1,1.3,E08,65,1097,33,321.4
1,1.3,E08,65,1097,34,322
1,1.3,E08,65,1097,35,322.6
1,1.3,E08,65,1097,36,323
1,1.3,E08,65,1097,37,323.6
1,1.3,E08,65,1097,38,324.1
1,1.3,E08,65,1097,39,324.5
1,1.3,E08,65,1097,40,325.3
1,1.3,E08,65,1097,41,325.9
1,1.3,E08,65,1097,42,326.6
1,1.3,E08,65,1097,43,327.2
1,1.3,E08,65,1097,44,327.8
1,1.3,E08,65,1097,45,328.3
1,1.3,E08,65,1097,46,328.8
1,1.3,E08,65,1097,47,329.3
1,1.3,E08,65,1097,48,329.8
1,1.3,E08,65,1097,49,330.4
1,1.3,E08,65,1098,0,0
1,1.3,E08,65,1098,1,50.38
1,1.3,E08,65,1098,2,114.5
1,1.3,E08,65,1098,3,188.3
1,1.3,E08,65,1098,4,233.1
1,1.3,E08,65,1098,5,244.6
1,1.3,E08,65,1098,6,255
1,1.3,E08,65,1098,7,263.4
1,1.3,E08,65,1098,8,269.9
1,1.3,E08,65,1098,9,275.6
1,1.3,E08,65,1098,10,281.1
1,1.3,E08,65,1098,11,286
1,1.3,E08,65,1098,12,290.7
1,1.3,E08,65,1098,13,294.2
1,1.3,E08,65,1098,14,297.5
1,1.3,E08,65,1098,15,300.7
1,1.3,E08,65,1098,16,303.3
1,1.3,E08,65,1098,17,305.8
1,1.3,E08,65,1098,18,308.2
1,1.3,E08,65,1098,19,310.4
1,1.3,E08,65,1098,20,312.2
1,1.3,E08,65,1098,21,314
1,1.3,E08,65,1098,22,315.4
1,1.3,E08,65,1098,23,316.7
1,1.3,E08,65,1098,24,318
1,1.3,E08,65,1098,25,319.3
1,1.3,E08,65,1098,26,320.5
1,1.3,E08,65,1098,27,321.4
1,1.3,E08,65,1098,28,322.3
1,1.3,E08,65,1098,29,322.9
1,1.3,E08,65,1098,30,323.8
1,1.3,E08,65,1098,31,324.5
1,1.3,E08,65,1098,32,325.1
1,1.3,E08,65,1098,33,325.8
1,1.3,E08,65,1098,34,326.3
1,1.3,E08,65,1098,35,327
1,1.3,E08,65,1098,36,327.6
1,1.3,E08,65,1098,37,328.3
1,1.3,E08,65,1098,38,328.8
1,1.3,E08,65,1098,39,329.4
1,1.3,E08,65,1098,40,330
1,1.3,E08,65,1098,41,330.6
1,1.3,E08,65,1098,42,331.2
1,1.3,E08,65,1098,43,331.8
1,1.3,E08,65,1098,44,332.4
1,1.3,E08,65,1098,45,332.9
1,1.3,E08,65,1098,46,333.4
1,1.3,E08,65,1098,47,333.8
1,1.3,E08,65,1098,48,334.3
1,1.3,E08,65,1098,49,335
1,1.3,E09,60,32,0,12.39
1,1.3,E09,60,32,1,157.2
1,1.3,E09,60,32,2,216.6
1,1.3,E09,60,32,3,246
1,1.3,E09,60,32,4,264.4
1,1.3,E09,60,32,5,274.5
1,1.3,E09,60,32,6,286
1,1.3,E09,60,32,7,299.8
1,1.3,E09,60,32,8,310
1,1.3,E09,60,32,9,314.1
1,1.3,E09,60,32,10,320
1,1.3,E09,60,32,11,319.9
1,1.3,E09,60,32,12,327.9
1,1.3,E09,60,32,13,332
1,1.3,E09,60,32,14,336.5
1,1.3,E09,60,32,15,337.7
1,1.3,E09,60,33,0,5.733
1,1.3,E09,60,33,1,113.3
1,1.3,E09,60,33,2,155.3
1,1.3,E09,60,33,3,170.3
1,1.3,E09,60,33,4,178.3
1,1.3,E09,60,33,5,181.2
1,1.3,E09,60,33,6,187.3
1,1.3,E09,60,33,7,200.5
1,1.3,E09,60,33,8,210.6
1,1.3,E09,60,33,9,215.9
1,1.3,E09,60,33,10,222.1
1,1.3,E09,60,33,11,223.8
1,1.3,E09,60,33,12,230.9
1,1.3,E09,60,33,13,235
1,1.3,E09,60,33,14,239.6
1,1.3,E09,60,33,15,241.6
1,1.3,E09,60,34,0,17.44
1,1.3,E09,60,34,1,166.7
1,1.3,E09,60,34,2,226.6
1,1.3,E09,60,34,3,256.8
1,1.3,E09,60,34,4,276.2
1,1.3,E09,60,34,5,287.2
1,1.3,E09,60,34,6,300.3
1,1.3,E09,60,34,7,315.3
1,1.3,E09,60,34,8,326
1,1.3,E09,60,34,9,330.3
1,1.3,E09,60,34,10,336.7
1,1.3,E09,60,34,11,336.7
1,1.3,E09,60,34,12,345.3
1,1.3,E09,60,34,13,349.7
1,1.3,E09,60,34,14,354.9
1,1.3,E09,60,34,15,356.5
1,1.3,E09,60,35,0,6.848
1,1.3,E09,60,35,1,21.25
1,1.3,E09,60,35,2,45.67
1,1.3,E09,60,35,3,74.24
1,1.3,E09,60,35,4,97.04
1,1.3,E09,60,35,5,114.6
1,1.3,E09,60,35,6,130.6
1,1.3,E09,60,35,7,147.1
1,1.3,E09,60,35,8,162.5
1,1.3,E09,60,35,9,174.5
1,1.3,E09,60,35,10,187.7
1,1.3,E09,60,35,11,196.4
1,1.3,E09,60,35,12,209.7
1,1.3,E09,60,35,13,220
1,1.3,E09,60,35,14,230.3
1,1.3,E09,60,35,15,237.9
1,1.3,E09,60,35,16,243.3
1,1.3,E09,60,35,17,249.6
1,1.3,E09,60,35,18,253.5
1,1.3,E09,60,35,19,262.1
1,1.3,E09,60,35,20,271.1
1,1.3,E09,60,35,21,276.7
1,1.3,E09,60,35,22,279.9
1,1.3,E09,60,35,23,283.6
1,1.3,E09,60,35,24,288.6
1,1.3,E09,60,35,25,292
1,1.3,E09,60,35,26,290.4
1,1.3,E09,60,36,0,6.546
1,1.3,E09,60,36,1,21.37
1,1.3,E09,60,36,2,44.39
1,1.3,E09,60,36,3,72.94
1,1.3,E09,60,36,4,96.11
1,1.3,E09,60,36,5,114
1,1.3,E09,60,36,6,130.3
1,1.3,E09,60,36,7,147
1,1.3,E09,60,36,8,163.1
1,1.3,E09,60,36,9,176.2
1,1.3,E09,60,36,10,189.8
1,1.3,E09,60,36,11,199.4
1,1.3,E09,60,36,12,213.3
1,1.3,E09,60,36,13,224.2
1,1.3,E09,60,36,14,234.9
1,1.3,E09,60,36,15,242.7
1,1.3,E09,60,36,16,248.2
1,1.3,E09,60,36,17,254.8
1,1.3,E09,60,36,18,258.7
1,1.3,E09,60,36,19,267.3
1,1.3,E09,60,36,20,276.3
1,1.3,E09,60,36,21,282.2
1,1.3,E09,60,36,22,285.5
1,1.3,E09,60,36,23,289.6
1,1.3,E09,60,36,24,294.8
1,1.3,E09,60,36,25,298.4
1,1.3,E09,60,36,26,296.7
1,1.3,E09,60,37,0,6.677
1,1.3,E09,60,37,1,17.73
1,1.3,E09,60,37,2,39.62
1,1.3,E09,60,37,3,66.82
1,1.3,E09,60,37,4,88.59
1,1.3,E09,60,37,5,105.2
1,1.3,E09,60,37,6,120.5
1,1.3,E09,60,37,7,136
1,1.3,E09,60,37,8,149.6
1,1.3,E09,60,37,9,160.7
1,1.3,E09,60,37,10,172.2
1,1.3,E09,60,37,11,180.1
1,1.3,E09,60,37,12,191.8
1,1.3,E09,60,37,13,200.9
1,1.3,E09,60,37,14,209.8
1,1.3,E09,60,37,15,216
1,1.3,E09,60,37,16,220.1
1,1.3,E09,60,37,17,225
1,1.3,E09,60,37,18,227.7
1,1.3,E09,60,37,19,234.4
1,1.3,E09,60,37,20,241.5
1,1.3,E09,60,37,21,245.8
1,1.3,E09,60,37,22,247.7
1,1.3,E09,60,37,23,250.3
1,1.3,E09,60,37,24,254.1
1,1.3,E09,60,37,25,256.7
1,1.3,E09,60,37,26,255.3
1,1.3,E09,60,40,0,0.9482
1,1.3,E09,60,40,1,8.594
1,1.3,E09,60,40,2,86.79
1,1.3,E09,60,40,3,198.7
1,1.3,E09,60,40,4,251.8
1,1.3,E09,60,40,5,282.7
1,1.3,E09,60,40,6,303.3
1,1.3,E09,60,40,7,317.4
1,1.3,E09,60,40,8,325.7
1,1.3,E09,60,40,9,327.4
1,1.3,E09,60,40,10,331.5
1,1.3,E09,60,40,11,329.5
1,1.3,E09,60,40,12,336.4
1,1.3,E09,60,40,13,339.2
1,1.3,E09,60,40,14,342.9
1,1.3,E09,60,40,15,343.4
1,1.3,E09,60,41,0,1.006
1,1.3,E09,60,41,1,5.345
1,1.3,E09,60,41,2,39
1,1.3,E09,60,41,3,104.4
1,1.3,E09,60,41,4,155.6
1,1.3,E09,60,41,5,196.1
1,1.3,E09,60,41,6,229.9
1,1.3,E09,60,41,7,258.4
1,1.3,E09,60,41,8,279.4
1,1.3,E09,60,41,9,291
1,1.3,E09,60,41,10,301.6
1,1.3,E09,60,41,11,304.5
1,1.3,E09,60,41,12,314.5
1,1.3,E09,60,41,13,320.2
1,1.3,E09,60,41,14,326.3
1,1.3,E09,60,41,15,329
1,1.3,E09,60,42,0,1.956
1,1.3,E09,60,42,1,11.23
1,1.3,E09,60,42,2,99.18
1,1.3,E09,60,42,3,221.2
1,1.3,E09,60,42,4,285.4
1,1.3,E09,60,42,5,323.2
1,1.3,E09,60,42,6,349.1
1,1.3,E09,60,42,7,368.4
1,1.3,E09,60,42,8,380.4
1,1.3,E09,60,42,9,384.4
1,1.3,E09,60,42,10,390.5
1,1.3,E09,60,42,11,389.2
1,1.3,E09,60,42,12,398.3
1,1.3,E09,60,42,13,402.5
1,1.3,E09,60,42,14,407.5
1,1.3,E09,60,42,15,408.7
1,1.3,E09,60,43,0,14.33
1,1.3,E09,60,43,1,66.56
1,1.3,E09,60,43,2,144.8
1,1.3,E09,60,43,3,200.2
1,1.3,E09,60,43,4,242.7
1,1.3,E09,60,43,5,276.7
1,1.3,E09,60,43,6,313.4
1,1.3,E09,60,43,7,355.7
1,1.3,E09,60,43,8,395.4
1,1.3,E09,60,43,9,423.5
1,1.3,E09,60,43,10,446
1,1.3,E09,60,43,11,453.5
1,1.3,E09,60,43,12,469.2
1,1.3,E09,60,43,13,476.9
1,1.3,E09,60,43,14,484.6
1,1.3,E09,60,43,15,487.4
1,1.3,E09,60,43,16,485.8
1,1.3,E09,60,43,17,487
1,1.3,E09,60,43,18,484.1
1,1.3,E09,60,43,19,491
1,1.3,E09,60,44,0,9.985
1,1.3,E09,60,44,1,62.11
1,1.3,E09,60,44,2,128.9
1,1.3,E09,60,44,3,178.9
1,1.3,E09,60,44,4,217
1,1.3,E09,60,44,5,247.4
1,1.3,E09,60,44,6,279.5
1,1.3,E09,60,44,7,314.7
1,1.3,E09,60,44,8,348.8
1,1.3,E09,60,44,9,376.7
1,1.3,E09,60,44,10,403.1
1,1.3,E09,60,44,11,415.5
1,1.3,E09,60,44,12,433.4
1,1.3,E09,60,44,13,443.2
1,1.3,E09,60,44,14,452.3
1,1.3,E09,60,44,15,456.2
1,1.3,E09,60,44,16,456
1,1.3,E09,60,44,17,458.4
1,1.3,E09,60,44,18,456.7
1,1.3,E09,60,44,19,464.2
1,1.3,E09,60,45,0,11.82
1,1.3,E09,60,45,1,68.18
1,1.3,E09,60,45,2,137.6
1,1.3,E09,60,45,3,188.8
1,1.3,E09,60,45,4,228.1
1,1.3,E09,60,45,5,260.2
1,1.3,E09,60,45,6,294.1
1,1.3,E09,60,45,7,330.6
1,1.3,E09,60,45,8,365.4
1,1.3,E09,60,45,9,392.8
1,1.3,E09,60,45,10,418.7
1,1.3,E09,60,45,11,431.2
1,1.3,E09,60,45,12,449.9
1,1.3,E09,60,45,13,460.3
1,1.3,E09,60,45,14,469.4
1,1.3,E09,60,45,15,472.6
1,1.3,E09,60,45,16,471.4
1,1.3,E09,60,45,17,472.8
1,1.3,E09,60,45,18,470.1
1,1.3,E09,60,45,19,476.8
1,1.3,E10,104,1198,0,0.007969
1,1.3,E10,104,1198,1,15.1
1,1.3,E10,104,1198,2,28.08
1,1.3,E10,104,1198,3,36.94
1,1.3,E10,104,1198,6,65.75
1,1.3,E10,104,1198,7,77.32
1,1.3,E10,104,1198,8,92.72
1,1.3,E10,104,1198,10,126.1
1,1.3,E10,104,1198,13,181.9
1,1.3,E10,104,1198,15,213.7
1,1.3,E10,104,1198,17,233.5
1,1.3,E10,104,1198,20,274.2
1,1.3,E10,104,1198,22,290.9
1,1.3,E10,104,1198,24,293.6
1,1.3,E10,104,1198,27,294.9
1,1.3,E10,104,1198,29,298.4
1,1.3,E10,104,1198,31,301.2
1,1.3,E10,104,1198,35,307.8
1,1.3,E10,104,1198,38,311.5
1,1.3,E10,104,1198,42,315.2
1,1.3,E10,104,1198,45,316.5
1,1.3,E10,104,1199,0,-0.01188
1,1.3,E10,104,1199,1,15.2
1,1.3,E10,104,1199,2,27.45
1,1.3,E10,104,1199,3,35.78
1,1.3,E10,104,1199,6,63.29
1,1.3,E10,104,1199,7,74.14
1,1.3,E10,104,1199,8,88.39
1,1.3,E10,104,1199,10,116.9
1,1.3,E10,104,1199,13,169.9
1,1.3,E10,104,1199,15,202.6
1,1.3,E10,104,1199,17,225.9
1,1.3,E10,104,1199,20,261.5
1,1.3,E10,104,1199,22,287.2
1,1.3,E10,104,1199,24,291.7
1,1.3,E10,104,1199,27,294.1
1,1.3,E10,104,1199,29,297.4
1,1.3,E10,104,1199,31,302.6
1,1.3,E10,104,1199,35,313.9
1,1.3,E10,104,1199,38,321.4
1,1.3,E10,104,1199,42,325.4
1,1.3,E10,104,1199,45,325.5
1,1.3,E10,104,1200,0,-0.02419
1,1.3,E10,104,1200,1,14.21
1,1.3,E10,104,1200,2,26.03
1,1.3,E10,104,1200,3,34.01
1,1.3,E10,104,1200,6,60.89
1,1.3,E10,104,1200,7,71.59
1,1.3,E10,104,1200,8,85.03
1,1.3,E10,104,1200,10,116.2
1,1.3,E10,104,1200,13,166.8
1,1.3,E10,104,1200,15,199.8
1,1.3,E10,104,1200,17,219.7
1,1.3,E10,104,1200,20,258.1
1,1.3,E10,104,1200,22,279.8
1,1.3,E10,104,1200,24,280.9
1,1.3,E10,104,1200,27,283.8
1,1.3,E10,104,1200,29,290
1,1.3,E10,104,1200,31,297.8
1,1.3,E10,104,1200,35,306.6
1,1.3,E10,104,1200,38,310.3
1,1.3,E10,104,1200,42,313.9
1,1.3,E10,104,1200,45,315
1,1.3,E10,104,1204,0,-0.01149
1,1.3,E10,104,1204,1,0.3498
1,1.3,E10,104,1204,2,2.064
1,1.3,E10,104,1204,3,9.377
1,1.3,E10,104,1204,6,40.7
1,1.3,E10,104,1204,7,52.43
1,1.3,E10,104,1204,8,63.87
1,1.3,E10,104,1204,10,85.98
1,1.3,E10,104,1204,13,122.4
1,1.3,E10,104,1204,15,153.3
1,1.3,E10,104,1204,17,187.7
1,1.3,E10,104,1204,20,245.2
1,1.3,E10,104,1204,22,278.5
1,1.3,E10,104,1204,24,298.1
1,1.3,E10,104,1204,27,312.1
1,1.3,E10,104,1204,29,315.4
1,1.3,E10,104,1204,31,318
1,1.3,E10,104,1204,35,323.6
1,1.3,E10,104,1204,38,326.3
1,1.3,E10,104,1204,42,332.8
1,1.3,E10,104,1204,45,335.3
1,1.3,E10,104,1205,0,-0.006545
1,1.3,E10,104,1205,1,0.1428
1,1.3,E10,104,1205,2,1.43
1,1.3,E10,104,1205,3,8.354
1,1.3,E10,104,1205,6,39.12
1,1.3,E10,104,1205,7,51.02
1,1.3,E10,104,1205,8,63.29
1,1.3,E10,104,1205,10,82.26
1,1.3,E10,104,1205,13,122.8
1,1.3,E10,104,1205,15,158.1
1,1.3,E10,104,1205,17,198.8
1,1.3,E10,104,1205,20,267
1,1.3,E10,104,1205,22,294
1,1.3,E10,104,1205,24,303.3
1,1.3,E10,104,1205,27,310.3
1,1.3,E10,104,1205,29,312.2
1,1.3,E10,104,1205,31,315.1
1,1.3,E10,104,1205,35,317.4
1,1.3,E10,104,1205,38,324.4
1,1.3,E10,104,1205,42,330.3
1,1.3,E10,104,1205,45,333.5
1,1.3,E10,104,1206,0,-0.004297
1,1.3,E10,104,1206,1,0.1844
1,1.3,E10,104,1206,2,1.647
1,1.3,E10,104,1206,3,9.281
1,1.3,E10,104,1206,6,41.26
1,1.3,E10,104,1206,7,54.35
1,1.3,E10,104,1206,8,67.85
1,1.3,E10,104,1206,10,94.34
1,1.3,E10,104,1206,13,141.4
1,1.3,E10,104,1206,15,182
1,1.3,E10,104,1206,17,227.9
1,1.3,E10,104,1206,20,287.7
1,1.3,E10,104,1206,22,303.1
1,1.3,E10,104,1206,24,311.5
1,1.3,E10,104,1206,27,314.3
1,1.3,E10,104,1206,29,316
1,1.3,E10,104,1206,31,318.7
1,1.3,E10,104,1206,35,324.2
1,1.3,E10,104,1206,38,329.6
1,1.3,E10,104,1206,42,335.5
1,1.3,E10,104,1206,45,338.6
1,1.3,E10,104,1207,0,-0.08981
1,1.3,E10,104,1207,1,8.636
1,1.3,E10,104,1207,2,20.57
1,1.3,E10,104,1207,3,30.71
1,1.3,E10,104,1207,6,77.1
1,1.3,E10,104,1207,7,101.3
1,1.3,E10,104,1207,8,127.9
1,1.3,E10,104,1207,10,186.6
1,1.3,E10,104,1207,13,282.9
1,1.3,E10,104,1207,15,346.6
1,1.3,E10,104,1207,17,395.9
1,1.3,E10,104,1207,20,426.8
1,1.3,E10,104,1207,22,439.8
1,1.3,E10,104,1207,24,446.7
1,1.3,E10,104,1207,27,455.5
1,1.3,E10,104,1207,29,460.3
1,1.3,E10,104,1207,31,466.4
1,1.3,E10,104,1207,35,471.7
1,1.3,E10,104,1207,38,473.3
1,1.3,E10,104,1207,42,474.3
1,1.3,E10,104,1207,45,474.4
1,1.3,E10,104,1208,0,-0.08815
1,1.3,E10,104,1208,1,8.458
1,1.3,E10,104,1208,2,20.25
1,1.3,E10,104,1208,3,29.81
1,1.3,E10,104,1208,6,74.73
1,1.3,E10,104,1208,7,98.05
1,1.3,E10,104,1208,8,124.7
1,1.3,E10,104,1208,10,182.4
1,1.3,E10,104,1208,13,278
1,1.3,E10,104,1208,15,342.6
1,1.3,E10,104,1208,17,394.3
1,1.3,E10,104,1208,20,422.6
1,1.3,E10,104,1208,22,435
1,1.3,E10,104,1208,24,444.9
1,1.3,E10,104,1208,27,459.2
1,1.3,E10,104,1208,29,464.5
1,1.3,E10,104,1208,31,469.4
1,1.3,E10,104,1208,35,474.8
1,1.3,E10,104,1208,38,476
1,1.3,E10,104,1208,42,477.2
1,1.3,E10,104,1208,45,476
1,1.3,E10,104,1209,0,-0.08557
1,1.3,E10,104,1209,1,7.758
1,1.3,E10,104,1209,2,18.57
1,1.3,E10,104,1209,3,27.93
1,1.3,E10,104,1209,6,68.98
1,1.3,E10,104,1209,7,89.81
1,1.3,E10,104,1209,8,114.1
1,1.3,E10,104,1209,10,168.6
1,1.3,E10,104,1209,13,259.1
1,1.3,E10,104,1209,15,324.6
1,1.3,E10,104,1209,17,382.2
1,1.3,E10,104,1209,20,421.1
1,1.3,E10,104,1209,22,435.2
1,1.3,E10,104,1209,24,447.7
1,1.3,E10,104,1209,27,463.9
1,1.3,E10,104,1209,29,470.7
1,1.3,E10,104,1209,31,476.9
1,1.3,E10,104,1209,35,483.6
1,1.3,E10,104,1209,38,486.4
1,1.3,E10,104,1209,42,487.7
1,1.3,E10,104,1209,45,487.4
1,1.3,E10,104,1210,0,-0.02748
1,1.3,E10,104,1210,1,3.979
1,1.3,E10,104,1210,2,10.54
1,1.3,E10,104,1210,3,18.89
1,1.3,E10,104,1210,6,49.48
1,1.3,E10,104,1210,7,62.73
1,1.3,E10,104,1210,8,66.19
1,1.3,E10,104,1210,10,96.59
1,1.3,E10,104,1210,13,142
1,1.3,E10,104,1210,15,169.8
1,1.3,E10,104,1210,17,191.5
1,1.3,E10,104,1210,20,211.5
1,1.3,E10,104,1210,22,216.5
1,1.3,E10,104,1210,24,220.8
1,1.3,E10,104,1210,27,227.1
1,1.3,E10,104,1210,29,231.3
1,1.3,E10,104,1210,31,236.4
1,1.3,E10,104,1210,35,245.7
1,1.3,E10,104,1210,38,250.9
1,1.3,E10,104,1210,42,256.2
1,1.3,E10,104,1210,45,258.2
1,1.3,E10,104,1211,0,-0.02968
1,1.3,E10,104,1211,1,4.3
1,1.3,E10,104,1211,2,11.17
1,1.3,E10,104,1211,3,19.72
1,1.3,E10,104,1211,6,50.58
1,1.3,E10,104,1211,7,63.93
1,1.3,E10,104,1211,8,77.73
1,1.3,E10,104,1211,10,106.3
1,1.3,E10,104,1211,13,148.3
1,1.3,E10,104,1211,15,176.9
1,1.3,E10,104,1211,17,199.8
1,1.3,E10,104,1211,20,221.7
1,1.3,E10,104,1211,22,228.1
1,1.3,E10,104,1211,24,233.1
1,1.3,E10,104,1211,27,239.3
1,1.3,E10,104,1211,29,243.3
1,1.3,E10,104,1211,31,247.5
1,1.3,E10,104,1211,35,256.9
1,1.3,E10,104,1211,38,261.6
1,1.3,E10,104,1211,42,266.3
1,1.3,E10,104,1211,45,269.6
1,1.3,E10,104,1212,0,-0.0009726
1,1.3,E10,104,1212,1,4.102
1,1.3,E10,104,1212,2,11.16
1,1.3,E10,104,1212,3,19.64
1,1.3,E10,104,1212,6,49.82
1,1.3,E10,104,1212,7,63.01
1,1.3,E10,104,1212,8,76.77
1,1.3,E10,104,1212,10,105.7
1,1.3,E10,104,1212,13,149.4
1,1.3,E10,104,1212,15,176.2
1,1.3,E10,104,1212,17,198.9
1,1.3,E10,104,1212,20,219.5
1,1.3,E10,104,1212,22,225.3
1,1.3,E10,104,1212,24,229.6
1,1.3,E10,104,1212,27,234.4
1,1.3,E10,104,1212,29,239.2
1,1.3,E10,104,1212,31,246.8
1,1.3,E10,104,1212,35,258.6
1,1.3,E10,104,1212,38,262.8
1,1.3,E10,104,1212,42,266.6
1,1.3,E10,104,1212,45,266.9
1,1.3,E11,63,1256,0,0
1,1.3,E11,63,1256,1,25.07
1,1.3,E11,63,1256,2,44.2
1,1.3,E11,63,1256,3,71.12
1,1.3,E11,63,1256,4,96.98
1,1.3,E11,63,1256,5,120.6
1,1.3,E11,63,1256,6,137.7
1,1.3,E11,63,1256,7,153
1,1.3,E11,63,1256,8,169.6
1,1.3,E11,63,1256,9,185.1
1,1.3,E11,63,1256,10,199.2
1,1.3,E11,63,1256,11,213.7
1,1.3,E11,63,1256,12,226.2
1,1.3,E11,63,1256,13,236.9
1,1.3,E11,63,1256,14,245.7
1,1.3,E11,63,1256,15,253.4
1,1.3,E11,63,1256,16,260.9
1,1.3,E11,63,1256,17,267.8
1,1.3,E11,63,1256,18,273.9
1,1.3,E11,63,1256,19,278.7
1,1.3,E11,63,1256,20,283.6
1,1.3,E11,63,1256,21,287.2
1,1.3,E11,63,1256,22,289.1
1,1.3,E11,63,1256,23,289.1
1,1.3,E11,63,1256,24,289.1
1,1.3,E11,63,1256,25,289.1
1,1.3,E11,63,1256,26,289.1
1,1.3,E11,63,1256,27,289.1
1,1.3,E11,63,1256,28,289.1
1,1.3,E11,63,1256,29,289.1
1,1.3,E11,63,1256,30,289.1
1,1.3,E11,63,1257,0,0
1,1.3,E11,63,1257,1,20.98
1,1.3,E11,63,1257,2,34.05
1,1.3,E11,63,1257,3,54.6
1,1.3,E11,63,1257,4,77.55
1,1.3,E11,63,1257,5,101.5
1,1.3,E11,63,1257,6,120.3
1,1.3,E11,63,1257,7,137.2
1,1.3,E11,63,1257,8,155
1,1.3,E11,63,1257,9,170.3
1,1.3,E11,63,1257,10,184
1,1.3,E11,63,1257,11,196.8
1,1.3,E11,63,1257,12,208.1
1,1.3,E11,63,1257,13,217.9
1,1.3,E11,63,1257,14,226.3
1,1.3,E11,63,1257,15,233.6
1,1.3,E11,63,1257,16,240.7
1,1.3,E11,63,1257,17,246.5
1,1.3,E11,63,1257,18,251.6
1,1.3,E11,63,1257,19,255.3
1,1.3,E11,63,1257,20,259.4
1,1.3,E11,63,1257,21,261.7
1,1.3,E11,63,1257,22,263.1
1,1.3,E11,63,1257,23,263.1
1,1.3,E11,63,1257,24,263.1
1,1.3,E11,63,1257,25,263.1
1,1.3,E11,63,1257,26,263.1
1,1.3,E11,63,1257,27,263.1
1,1.3,E11,63,1257,28,263.1
1,1.3,E11,63,1257,29,263.1
1,1.3,E11,63,1257,30,263.1
1,1.3,E11,63,1258,0,0
1,1.3,E11,63,1258,1,16.65
1,1.3,E11,63,1258,2,33.42
1,1.3,E11,63,1258,3,59.86
1,1.3,E11,63,1258,4,84.34
1,1.3,E11,63,1258,5,105.6
1,1.3,E11,63,1258,6,123.9
1,1.3,E11,63,1258,7,141.9
1,1.3,E11,63,1258,8,157.4
1,1.3,E11,63,1258,9,171.1
1,1.3,E11,63,1258,10,183.5
1,1.3,E11,63,1258,11,194.1
1,1.3,E11,63,1258,12,203.8
1,1.3,E11,63,1258,13,212.8
1,1.3,E11,63,1258,14,221.1
1,1.3,E11,63,1258,15,228.9
1,1.3,E11,63,1258,16,236.2
1,1.3,E11,63,1258,17,242
1,1.3,E11,63,1258,18,247
1,1.3,E11,63,1258,19,250.8
1,1.3,E11,63,1258,20,255.8
1,1.3,E11,63,1258,21,259.1
1,1.3,E11,63,1258,22,259
1,1.3,E11,63,1258,23,259
1,1.3,E11,63,1258,24,259
1,1.3,E11,63,1258,25,259
1,1.3,E11,63,1258,26,259
1,1.3,E11,63,1258,27,259
1,1.3,E11,63,1258,28,259
1,1.3,E11,63,1258,29,259
1,1.3,E11,63,1258,30,259
1,1.3,E11,63,1259,0,0
1,1.3,E11,63,1259,1,53.98
1,1.3,E11,63,1259,2,108.7
1,1.3,E11,63,1259,3,169.1
1,1.3,E11,63,1259,4,230.7
1,1.3,E11,63,1259,5,307.7
1,1.3,E11,63,1259,6,372.2
1,1.3,E11,63,1259,7,415.2
1,1.3,E11,63,1259,8,441.3
1,1.3,E11,63,1259,9,459.9
1,1.3,E11,63,1259,10,473.2
1,1.3,E11,63,1259,11,482.8
1,1.3,E11,63,1259,12,489.8
1,1.3,E11,63,1259,13,494.5
1,1.3,E11,63,1259,14,497.5
1,1.3,E11,63,1259,15,499.5
1,1.3,E11,63,1259,16,501.2
1,1.3,E11,63,1259,17,503.2
1,1.3,E11,63,1259,18,504.4
1,1.3,E11,63,1259,19,505.8
1,1.3,E11,63,1259,20,508.3
1,1.3,E11,63,1259,21,510.9
1,1.3,E11,63,1259,22,510.8
1,1.3,E11,63,1259,23,510.7
1,1.3,E11,63,1259,24,510.7
1,1.3,E11,63,1259,25,510.7
1,1.3,E11,63,1259,26,510.7
1,1.3,E11,63,1259,27,510.7
1,1.3,E11,63,1259,28,510.7
1,1.3,E11,63,1259,29,510.7
1,1.3,E11,63,1259,30,510.7
1,1.3,E11,63,1260,0,0
1,1.3,E11,63,1260,1,45.93
1,1.3,E11,63,1260,2,93.39
1,1.3,E11,63,1260,3,147.3
1,1.3,E11,63,1260,4,198.2
1,1.3,E11,63,1260,5,249.4
1,1.3,E11,63,1260,6,293.2
1,1.3,E11,63,1260,7,332.3
1,1.3,E11,63,1260,8,365.1
1,1.3,E11,63,1260,9,392.3
1,1.3,E11,63,1260,10,415.3
1,1.3,E11,63,1260,11,433.4
1,1.3,E11,63,1260,12,447.8
1,1.3,E11,63,1260,13,458.5
1,1.3,E11,63,1260,14,465.9
1,1.3,E11,63,1260,15,471.4
1,1.3,E11,63,1260,16,476
1,1.3,E11,63,1260,17,479.9
1,1.3,E11,63,1260,18,482.4
1,1.3,E11,63,1260,19,484.6
1,1.3,E11,63,1260,20,486.8
1,1.3,E11,63,1260,21,487.5
1,1.3,E11,63,1260,22,487.4
1,1.3,E11,63,1260,23,487.4
1,1.3,E11,63,1260,24,487.4
1,1.3,E11,63,1260,25,487.4
1,1.3,E11,63,1260,26,487.4
1,1.3,E11,63,1260,27,487.4
1,1.3,E11,63,1260,28,487.4
1,1.3,E11,63,1260,29,487.4
1,1.3,E11,63,1260,30,487.4
1,1.3,E11,63,1261,0,0
1,1.3,E11,63,1261,1,46.67
1,1.3,E11,63,1261,2,97.24
1,1.3,E11,63,1261,3,143.9
1,1.3,E11,63,1261,4,187.4
1,1.3,E11,63,1261,5,232.9
1,1.3,E11,63,1261,6,274.9
1,1.3,E11,63,1261,7,317.5
1,1.3,E11,63,1261,8,356
1,1.3,E11,63,1261,9,388.7
1,1.3,E11,63,1261,10,416.5
1,1.3,E11,63,1261,11,438.6
1,1.3,E11,63,1261,12,456.3
1,1.3,E11,63,1261,13,470.3
1,1.3,E11,63,1261,14,480
1,1.3,E11,63,1261,15,487
1,1.3,E11,63,1261,16,492.2
1,1.3,E11,63,1261,17,495.9
1,1.3,E11,63,1261,18,498.3
1,1.3,E11,63,1261,19,500.6
1,1.3,E11,63,1261,20,502.3
1,1.3,E11,63,1261,21,503.8
1,1.3,E11,63,1261,22,504.1
1,1.3,E11,63,1261,23,504.1
1,1.3,E11,63,1261,24,504.1
1,1.3,E11,63,1261,25,504.1
1,1.3,E11,63,1261,26,504.1
1,1.3,E11,63,1261,27,504.1
1,1.3,E11,63,1261,28,504.1
1,1.3,E11,63,1261,29,504.1
1,1.3,E11,63,1261,30,504.1
1,1.3,E11,63,1264,0,0
1,1.3,E11,63,1264,1,2.497
1,1.3,E11,63,1264,2,19.5
1,1.3,E11,63,1264,3,71.64
1,1.3,E11,63,1264,4,130.3
1,1.3,E11,63,1264,5,190.5
1,1.3,E11,63,1264,6,250.4
1,1.3,E11,63,1264,7,287.3
1,1.3,E11,63,1264,8,309.7
1,1.3,E11,63,1264,9,324.5
1,1.3,E11,63,1264,10,333.8
1,1.3,E11,63,1264,11,341.5
1,1.3,E11,63,1264,12,347
1,1.3,E11,63,1264,13,351.6
1,1.3,E11,63,1264,14,353.8
1,1.3,E11,63,1264,15,355.2
1,1.3,E11,63,1264,16,355.8
1,1.3,E11,63,1264,17,356.3
1,1.3,E11,63,1264,18,357.2
1,1.3,E11,63,1264,19,358.1
1,1.3,E11,63,1264,20,358.8
1,1.3,E11,63,1264,21,359.8
1,1.3,E11,63,1264,22,360.8
1,1.3,E11,63,1264,23,360.9
1,1.3,E11,63,1264,24,360.9
1,1.3,E11,63,1264,25,360.9
1,1.3,E11,63,1264,26,360.9
1,1.3,E11,63,1264,27,360.9
1,1.3,E11,63,1264,28,360.9
1,1.3,E11,63,1264,29,360.9
1,1.3,E11,63,1264,30,360.9
1,1.3,E11,63,1265,0,0
1,1.3,E11,63,1265,1,4.938
1,1.3,E11,63,1265,2,21.9
1,1.3,E11,63,1265,3,83.27
1,1.3,E11,63,1265,4,141.8
1,1.3,E11,63,1265,5,196.2
1,1.3,E11,63,1265,6,256.2
1,1.3,E11,63,1265,7,303.4
1,1.3,E11,63,1265,8,323
1,1.3,E11,63,1265,9,332.2
1,1.3,E11,63,1265,10,338.6
1,1.3,E11,63,1265,11,344.6
1,1.3,E11,63,1265,12,349.8
1,1.3,E11,63,1265,13,353.7
1,1.3,E11,63,1265,14,355.6
1,1.3,E11,63,1265,15,356.9
1,1.3,E11,63,1265,16,357.2
1,1.3,E11,63,1265,17,357.5
1,1.3,E11,63,1265,18,358
1,1.3,E11,63,1265,19,358.5
1,1.3,E11,63,1265,20,359
1,1.3,E11,63,1265,21,358.8
1,1.3,E11,63,1265,22,358.7
1,1.3,E11,63,1265,23,358.6
1,1.3,E11,63,1265,24,358.6
1,1.3,E11,63,1265,25,358.6
1,1.3,E11,63,1265,26,358.6
1,1.3,E11,63,1265,27,358.6
1,1.3,E11,63,1265,28,358.6
1,1.3,E11,63,1265,29,358.6
1,1.3,E11,63,1265,30,358.6
1,1.3,E11,63,1266,0,0
1,1.3,E11,63,1266,1,3.067
1,1.3,E11,63,1266,2,26.31
1,1.3,E11,63,1266,3,79.58
1,1.3,E11,63,1266,4,160.7
1,1.3,E11,63,1266,5,249.1
1,1.3,E11,63,1266,6,306
1,1.3,E11,63,1266,7,325.1
1,1.3,E11,63,1266,8,334.7
1,1.3,E11,63,1266,9,340.6
1,1.3,E11,63,1266,10,343.9
1,1.3,E11,63,1266,11,348.1
1,1.3,E11,63,1266,12,352
1,1.3,E11,63,1266,13,354.9
1,1.3,E11,63,1266,14,356.3
1,1.3,E11,63,1266,15,356.7
1,1.3,E11,63,1266,16,356.9
1,1.3,E11,63,1266,17,357.2
1,1.3,E11,63,1266,18,358.3
1,1.3,E11,63,1266,19,358.8
1,1.3,E11,63,1266,20,359.3
1,1.3,E11,63,1266,21,360.2
1,1.3,E11,63,1266,22,360.1
1,1.3,E11,63,1266,23,360.1
1,1.3,E11,63,1266,24,360.1
1,1.3,E11,63,1266,25,360.1
1,1.3,E11,63,1266,26,360.1
1,1.3,E11,63,1266,27,360.1
1,1.3,E11,63,1266,28,360.1
1,1.3,E11,63,1266,29,360.1
1,1.3,E11,63,1266,30,360.1
1,1.3,E11,63,1267,0,0
1,1.3,E11,63,1267,1,65.76
1,1.3,E11,63,1267,2,122.5
1,1.3,E11,63,1267,3,162.7
1,1.3,E11,63,1267,4,200.3
1,1.3,E11,63,1267,5,235.9
1,1.3,E11,63,1267,6,256.4
1,1.3,E11,63,1267,7,267.8
1,1.3,E11,63,1267,8,277.6
1,1.3,E11,63,1267,9,286.3
1,1.3,E11,63,1267,10,292.8
1,1.3,E11,63,1267,11,297.9
1,1.3,E11,63,1267,12,303.1
1,1.3,E11,63,1267,13,309
1,1.3,E11,63,1267,14,313.5
1,1.3,E11,63,1267,15,316.5
1,1.3,E11,63,1267,16,319.5
1,1.3,E11,63,1267,17,321
1,1.3,E11,63,1267,18,322.4
1,1.3,E11,63,1267,19,323.5
1,1.3,E11,63,1267,20,324.3
1,1.3,E11,63,1267,21,325.3
1,1.3,E11,63,1267,22,326.3
1,1.3,E11,63,1267,23,326.3
1,1.3,E11,63,1267,24,326.3
1,1.3,E11,63,1267,25,326.3
1,1.3,E11,63,1267,26,326.3
1,1.3,E11,63,1267,27,326.3
1,1.3,E11,63,1267,28,326.3
1,1.3,E11,63,1267,29,326.3
1,1.3,E11,63,1267,30,326.3
1,1.3,E11,63,1268,0,0
1,1.3,E11,63,1268,1,64.79
1,1.3,E11,63,1268,2,117.1
1,1.3,E11,63,1268,3,158.4
1,1.3,E11,63,1268,4,187.4
1,1.3,E11,63,1268,5,217.1
1,1.3,E11,63,1268,6,246.3
1,1.3,E11,63,1268,7,261.5
1,1.3,E11,63,1268,8,271
1,1.3,E11,63,1268,9,278.4
1,1.3,E11,63,1268,10,285.1
1,1.3,E11,63,1268,11,292.2
1,1.3,E11,63,1268,12,299.7
1,1.3,E11,63,1268,13,305.8
1,1.3,E11,63,1268,14,310.1
1,1.3,E11,63,1268,15,313.9
1,1.3,E11,63,1268,16,317.5
1,1.3,E11,63,1268,17,320.2
1,1.3,E11,63,1268,18,322.1
1,1.3,E11,63,1268,19,323.4
1,1.3,E11,63,1268,20,324.5
1,1.3,E11,63,1268,21,325.9
1,1.3,E11,63,1268,22,325.7
1,1.3,E11,63,1268,23,325.7
1,1.3,E11,63,1268,24,325.7
1,1.3,E11,63,1268,25,325.7
1,1.3,E11,63,1268,26,325.7
1,1.3,E11,63,1268,27,325.7
1,1.3,E11,63,1268,28,325.7
1,1.3,E11,63,1268,29,325.7
1,1.3,E11,63,1268,30,325.7
1,1.3,E11,63,1269,0,0
1,1.3,E11,63,1269,1,63.44
1,1.3,E11,63,1269,2,123.2
1,1.3,E11,63,1269,3,176.4
1,1.3,E11,63,1269,4,225.3
1,1.3,E11,63,1269,5,255.8
1,1.3,E11,63,1269,6,273.1
1,1.3,E11,63,1269,7,286.6
1,1.3,E11,63,1269,8,297
1,1.3,E11,63,1269,9,304.7
1,1.3,E11,63,1269,10,311.1
1,1.3,E11,63,1269,11,316.6
1,1.3,E11,63,1269,12,321.7
1,1.3,E11,63,1269,13,327.4
1,1.3,E11,63,1269,14,331.6
1,1.3,E11,63,1269,15,335.6
1,1.3,E11,63,1269,16,339.3
1,1.3,E11,63,1269,17,342.1
1,1.3,E11,63,1269,18,344.1
1,1.3,E11,63,1269,19,345.8
1,1.3,E11,63,1269,20,347
1,1.3,E11,63,1269,21,346.9
1,1.3,E11,63,1269,22,346.7
1,1.3,E11,63,1269,23,346.7
1,1.3,E11,63,1269,24,346.7
1,1.3,E11,63,1269,25,346.7
1,1.3,E11,63,1269,26,346.7
1,1.3,E11,63,1269,27,346.7
1,1.3,E11,63,1269,28,346.7
1,1.3,E11,63,1269,29,346.7
1,1.3,E11,63,1269,30,346.7
1,1.3,E12,38,1300,0,0
1,1.3,E12,38,1300,1,24.62
1,1.3,E12,38,1300,2,58.51
1,1.3,E12,38,1300,3,91.93
1,1.3,E12,38,1300,4,116.8
1,1.3,E12,38,1300,5,139.2
1,1.3,E12,38,1300,6,160.6
1,1.3,E12,38,1300,7,181
1,1.3,E12,38,1300,8,200.3
1,1.3,E12,38,1300,9,218.5
1,1.3,E12,38,1300,10,235.7
1,1.3,E12,38,1300,11,251.1
1,1.3,E12,38,1300,12,265.3
1,1.3,E12,38,1300,13,278
1,1.3,E12,38,1300,14,289.6
1,1.3,E12,38,1300,15,299.4
1,1.3,E12,38,1300,16,308.6
1,1.3,E12,38,1300,17,317.3
1,1.3,E12,38,1300,18,324.5
1,1.3,E12,38,1300,19,331.1
1,1.3,E12,38,1300,20,335.9
1,1.3,E12,38,1300,21,339.6
1,1.3,E12,38,1300,22,343.9
1,1.3,E12,38,1300,23,347.8
1,1.3,E12,38,1300,24,351.4
1,1.3,E12,38,1300,25,353.3
1,1.3,E12,38,1300,26,356.4
1,1.3,E12,38,1300,27,359.4
1,1.3,E12,38,1300,28,361.4
1,1.3,E12,38,1300,29,363.7
1,1.3,E12,38,1300,30,365.9
1,1.3,E12,38,1300,31,367.3
1,1.3,E12,38,1300,32,368
1,1.3,E12,38,1300,33,368.4
1,1.3,E12,38,1300,34,368.9
1,1.3,E12,38,1300,35,369.3
1,1.3,E12,38,1300,36,369.8
1,1.3,E12,38,1300,37,370.3
1,1.3,E12,38,1300,38,370.9
1,1.3,E12,38,1300,39,371.5
1,1.3,E12,38,1300,40,372.1
1,1.3,E12,38,1300,41,372.3
1,1.3,E12,38,1301,0,0
1,1.3,E12,38,1301,1,6.723
1,1.3,E12,38,1301,2,122
1,1.3,E12,38,1301,3,230.2
1,1.3,E12,38,1301,4,283
1,1.3,E12,38,1301,5,303
1,1.3,E12,38,1301,6,312.8
1,1.3,E12,38,1301,7,319.5
1,1.3,E12,38,1301,8,324.5
1,1.3,E12,38,1301,9,328.1
1,1.3,E12,38,1301,10,331
1,1.3,E12,38,1301,11,332.7
1,1.3,E12,38,1301,12,334
1,1.3,E12,38,1301,13,334.6
1,1.3,E12,38,1301,14,335.1
1,1.3,E12,38,1301,15,335.4
1,1.3,E12,38,1301,16,335.9
1,1.3,E12,38,1301,17,336.3
1,1.3,E12,38,1302,0,0
1,1.3,E12,38,1302,1,6.75
1,1.3,E12,38,1302,2,121.7
1,1.3,E12,38,1302,3,229.6
1,1.3,E12,38,1302,4,281.8
1,1.3,E12,38,1302,5,302.3
1,1.3,E12,38,1302,6,312.4
1,1.3,E12,38,1302,7,319.5
1,1.3,E12,38,1302,8,324.7
1,1.3,E12,38,1302,9,328.3
1,1.3,E12,38,1302,10,330.9
1,1.3,E12,38,1302,11,332.5
1,1.3,E12,38,1302,12,333.8
1,1.3,E12,38,1302,13,334.5
1,1.3,E12,38,1302,14,335.1
1,1.3,E12,38,1302,15,335.4
1,1.3,E12,38,1302,16,335.9
1,1.3,E12,38,1302,17,336.4
1,1.3,E12,38,1303,0,0
1,1.3,E12,38,1303,1,6.549
1,1.3,E12,38,1303,2,120.6
1,1.3,E12,38,1303,3,226.3
1,1.3,E12,38,1303,4,277.2
1,1.3,E12,38,1303,5,296.9
1,1.3,E12,38,1303,6,306.6
1,1.3,E12,38,1303,7,313.3
1,1.3,E12,38,1303,8,318
1,1.3,E12,38,1303,9,321.2
1,1.3,E12,38,1303,10,323.7
1,1.3,E12,38,1303,11,325.2
1,1.3,E12,38,1303,12,326.3
1,1.3,E12,38,1303,13,326.8
1,1.3,E12,38,1303,14,327.1
1,1.3,E12,38,1303,15,327.5
1,1.3,E12,38,1303,16,327.9
1,1.3,E12,38,1303,17,327.9
1,1.3,E12,38,1307,0,0
1,1.3,E12,38,1307,1,16.75
1,1.3,E12,38,1307,2,40.66
1,1.3,E12,38,1307,3,69.51
1,1.3,E12,38,1307,4,91.93
1,1.3,E12,38,1307,5,111.7
1,1.3,E12,38,1307,6,130.8
1,1.3,E12,38,1307,7,148.9
1,1.3,E12,38,1307,8,166.2
1,1.3,E12,38,1307,9,182.5
1,1.3,E12,38,1307,10,198
1,1.3,E12,38,1307,11,211.9
1,1.3,E12,38,1307,12,224.8
1,1.3,E12,38,1307,13,236
1,1.3,E12,38,1307,14,246.3
1,1.3,E12,38,1307,15,254.8
1,1.3,E12,38,1307,16,262.7
1,1.3,E12,38,1307,17,270.1
1,1.3,E12,38,1307,18,276
1,1.3,E12,38,1307,19,281.3
1,1.3,E12,38,1307,20,284.8
1,1.3,E12,38,1307,21,287.5
1,1.3,E12,38,1307,22,290.7
1,1.3,E12,38,1307,23,293.3
1,1.3,E12,38,1307,24,295.7
1,1.3,E12,38,1307,25,296.9
1,1.3,E12,38,1307,26,298.5
1,1.3,E12,38,1307,27,300.6
1,1.3,E12,38,1307,28,301.5
1,1.3,E12,38,1307,29,302.7
1,1.3,E12,38,1307,30,304.6
1,1.3,E12,38,1307,31,304.6
1,1.3,E12,38,1307,32,304.6
1,1.3,E12,38,1307,33,304.6
1,1.3,E12,38,1307,34,304.6
1,1.3,E12,38,1307,35,304.6
1,1.3,E12,38,1307,36,304.6
1,1.3,E12,38,1307,37,304.6
1,1.3,E12,38,1307,38,304.6
1,1.3,E12,38,1307,39,304.6
1,1.3,E12,38,1307,40,304.6
1,1.3,E12,38,1307,41,304.6
1,1.3,E12,38,1308,0,0
1,1.3,E12,38,1308,1,14.94
1,1.3,E12,38,1308,2,35.23
1,1.3,E12,38,1308,3,62.65
1,1.3,E12,38,1308,4,86.5
1,1.3,E12,38,1308,5,106.9
1,1.3,E12,38,1308,6,126
1,1.3,E12,38,1308,7,144
1,1.3,E12,38,1308,8,161.1
1,1.3,E12,38,1308,9,177.2
1,1.3,E12,38,1308,10,192.8
1,1.3,E12,38,1308,11,207
1,1.3,E12,38,1308,12,220.3
1,1.3,E12,38,1308,13,232.3
1,1.3,E12,38,1308,14,243.4
1,1.3,E12,38,1308,15,252.7
1,1.3,E12,38,1308,16,261.4
1,1.3,E12,38,1308,17,269.7
1,1.3,E12,38,1308,18,276.5
1,1.3,E12,38,1308,19,282.6
1,1.3,E12,38,1308,20,286.9
1,1.3,E12,38,1308,21,290.3
1,1.3,E12,38,1308,22,294.1
1,1.3,E12,38,1308,23,297.2
1,1.3,E12,38,1308,24,300.2
1,1.3,E12,38,1308,25,301.7
1,1.3,E12,38,1308,26,304.1
1,1.3,E12,38,1308,27,306.3
1,1.3,E12,38,1308,28,307.9
1,1.3,E12,38,1308,29,309.5
1,1.3,E12,38,1308,30,311.7
1,1.3,E12,38,1308,31,312
1,1.3,E12,38,1308,32,312.3
1,1.3,E12,38,1308,33,312.6
1,1.3,E12,38,1308,34,313
1,1.3,E12,38,1308,35,313.3
1,1.3,E12,38,1308,36,313.6
1,1.3,E12,38,1308,37,313.9
1,1.3,E12,38,1308,38,313.9
1,1.3,E12,38,1308,39,313.9
1,1.3,E12,38,1308,40,313.9
1,1.3,E12,38,1308,41,313.9
1,1.3,E12,38,1309,0,0
1,1.3,E12,38,1309,1,82.53
1,1.3,E12,38,1309,2,211.4
1,1.3,E12,38,1309,3,324.2
1,1.3,E12,38,1309,4,363.5
1,1.3,E12,38,1309,5,388.1
1,1.3,E12,38,1309,6,406.5
1,1.3,E12,38,1309,7,421.2
1,1.3,E12,38,1309,8,433.1
1,1.3,E12,38,1309,9,442.8
1,1.3,E12,38,1309,10,451.5
1,1.3,E12,38,1309,11,458.7
1,1.3,E12,38,1309,12,465.4
1,1.3,E12,38,1309,13,471.5
1,1.3,E12,38,1309,14,476.1
1,1.3,E12,38,1309,15,479.2
1,1.3,E12,38,1309,16,481.8
1,1.3,E12,38,1309,17,484.6
1,1.3,E12,38,1309,18,486.2
1,1.3,E12,38,1309,19,486.9
1,1.3,E12,38,1310,0,0
1,1.3,E12,38,1310,1,81.21
1,1.3,E12,38,1310,2,211.5
1,1.3,E12,38,1310,3,315.4
1,1.3,E12,38,1310,4,351.8
1,1.3,E12,38,1310,5,374.4
1,1.3,E12,38,1310,6,391.1
1,1.3,E12,38,1310,7,404.3
1,1.3,E12,38,1310,8,415.1
1,1.3,E12,38,1310,9,424.1
1,1.3,E12,38,1310,10,432.3
1,1.3,E12,38,1310,11,439.3
1,1.3,E12,38,1310,12,445.9
1,1.3,E12,38,1310,13,451.1
1,1.3,E12,38,1310,14,455.3
1,1.3,E12,38,1310,15,458.2
1,1.3,E12,38,1310,16,461
1,1.3,E12,38,1310,17,463.4
1,1.3,E12,38,1310,18,464.6
1,1.3,E12,38,1310,19,464.5
1,1.3,E12,38,1311,0,0
1,1.3,E12,38,1311,1,82.07
1,1.3,E12,38,1311,2,211.1
1,1.3,E12,38,1311,3,303.8
1,1.3,E12,38,1311,4,344.5
1,1.3,E12,38,1311,5,371.2
1,1.3,E12,38,1311,6,390.3
1,1.3,E12,38,1311,7,405.1
1,1.3,E12,38,1311,8,417.9
1,1.3,E12,38,1311,9,428.8
1,1.3,E12,38,1311,10,438.6
1,1.3,E12,38,1311,11,446.3
1,1.3,E12,38,1311,12,452.6
1,1.3,E12,38,1311,13,457.3
1,1.3,E12,38,1311,14,461.6
1,1.3,E12,38,1311,15,464.5
1,1.3,E12,38,1311,16,467.2
1,1.3,E12,38,1311,17,469.8
1,1.3,E12,38,1311,18,471.6
1,1.3,E12,38,1311,19,471.7
1,1.3,E12,38,1312,0,0
1,1.3,E12,38,1312,1,112.3
1,1.3,E12,38,1312,2,200.5
1,1.3,E12,38,1312,3,236.6
1,1.3,E12,38,1312,4,255.1
1,1.3,E12,38,1312,5,268.4
1,1.3,E12,38,1312,6,279.1
1,1.3,E12,38,1312,7,287.7
1,1.3,E12,38,1312,8,294.6
1,1.3,E12,38,1312,9,300.1
1,1.3,E12,38,1312,10,304.9
1,1.3,E12,38,1312,11,308.3
1,1.3,E12,38,1312,12,311.4
1,1.3,E12,38,1312,13,313.6
1,1.3,E12,38,1312,14,315.5
1,1.3,E12,38,1312,15,317.1
1,1.3,E12,38,1312,16,318.2
1,1.3,E12,38,1312,17,319.4
1,1.3,E12,38,1312,18,320.6
1,1.3,E12,38,1312,19,320.6
1,1.3,E12,38,1313,0,0
1,1.3,E12,38,1313,1,112.7
1,1.3,E12,38,1313,2,198.6
1,1.3,E12,38,1313,3,232.5
1,1.3,E12,38,1313,4,250.2
1,1.3,E12,38,1313,5,263
1,1.3,E12,38,1313,6,273.4
1,1.3,E12,38,1313,7,281.6
1,1.3,E12,38,1313,8,288.3
1,1.3,E12,38,1313,9,293.4
1,1.3,E12,38,1313,10,297.9
1,1.3,E12,38,1313,11,301.2
1,1.3,E12,38,1313,12,303.9
1,1.3,E12,38,1313,13,306.1
1,1.3,E12,38,1313,14,307.6
1,1.3,E12,38,1313,15,308.8
1,1.3,E12,38,1313,16,310.1
1,1.3,E12,38,1313,17,311.4
1,1.3,E12,38,1313,18,312.4
1,1.3,E12,38,1313,19,313
1,1.3,E12,38,1314,0,0
1,1.3,E12,38,1314,1,113.7
1,1.3,E12,38,1314,2,202.5
1,1.3,E12,38,1314,3,238
1,1.3,E12,38,1314,4,256.6
1,1.3,E12,38,1314,5,269.9
1,1.3,E12,38,1314,6,280.4
1,1.3,E12,38,1314,7,288.8
1,1.3,E12,38,1314,8,295.5
1,1.3,E12,38,1314,9,300.9
1,1.3,E12,38,1314,10,305.6
1,1.3,E12,38,1314,11,309
1,1.3,E12,38,1314,12,312
1,1.3,E12,38,1314,13,314.1
1,1.3,E12,38,1314,14,315.9
1,1.3,E12,38,1314,15,317.1
1,1.3,E12,38,1314,16,318.6
1,1.3,E12,38,1314,17,320.1
1,1.3,E12,38,1314,18,321.3
1,1.3,E12,38,1314,19,321.5
1,1.3,E13,13,1144,0,0
1,1.3,E13,13,1144,1,-0.691
1,1.3,E13,13,1144,2,12.43
1,1.3,E13,13,1144,3,83.66
1,1.3,E13,13,1144,4,145.2
1,1.3,E13,13,1144,5,193.7
1,1.3,E13,13,1144,6,233.7
1,1.3,E13,13,1144,7,273.5
1,1.3,E13,13,1144,8,311.4
1,1.3,E13,13,1144,9,348.1
1,1.3,E13,13,1144,10,357.2
1,1.3,E13,13,1144,11,362.2
1,1.3,E13,13,1144,12,367.5
1,1.3,E13,13,1144,13,372.2
1,1.3,E13,13,1144,14,376.5
1,1.3,E13,13,1144,15,378.4
1,1.3,E13,13,1144,16,380.2
1,1.3,E13,13,1144,17,381.1
1,1.3,E13,13,1144,18,382.6
1,1.3,E13,13,1144,19,384.7
1,1.3,E13,13,1144,20,385.6
1,1.3,E13,13,1144,21,387.2
1,1.3,E13,13,1144,22,387.9
1,1.3,E13,13,1144,23,389.6
1,1.3,E13,13,1144,24,390.3
1,1.3,E13,13,1144,25,391.8
1,1.3,E13,13,1144,26,393.2
1,1.3,E13,13,1144,27,393.6
1,1.3,E13,13,1144,28,395.7
1,1.3,E13,13,1144,29,395.2
1,1.3,E13,13,1144,30,396.4
1,1.3,E13,13,1144,31,397.6
1,1.3,E13,13,1144,32,398.9
1,1.3,E13,13,1144,33,399.1
1,1.3,E13,13,1144,34,399.3
1,1.3,E13,13,1144,35,399.6
1,1.3,E13,13,1144,36,400.8
1,1.3,E13,13,1144,37,402.7
1,1.3,E13,13,1144,38,403.3
1,1.3,E13,13,1144,39,403.5
1,1.3,E13,13,1144,40,404.8
1,1.3,E13,13,1145,0,0
1,1.3,E13,13,1145,1,-0.08946
1,1.3,E13,13,1145,2,12.63
1,1.3,E13,13,1145,3,82.12
1,1.3,E13,13,1145,4,139.5
1,1.3,E13,13,1145,5,187.6
1,1.3,E13,13,1145,6,226.6
1,1.3,E13,13,1145,7,264.4
1,1.3,E13,13,1145,8,301.3
1,1.3,E13,13,1145,9,334.2
1,1.3,E13,13,1145,10,342.1
1,1.3,E13,13,1145,11,347.8
1,1.3,E13,13,1145,12,351.9
1,1.3,E13,13,1145,13,357.4
1,1.3,E13,13,1145,14,361.6
1,1.3,E13,13,1145,15,363.4
1,1.3,E13,13,1145,16,365.1
1,1.3,E13,13,1145,17,365.9
1,1.3,E13,13,1145,18,367.4
1,1.3,E13,13,1145,19,369.5
1,1.3,E13,13,1145,20,370.3
1,1.3,E13,13,1145,21,371.8
1,1.3,E13,13,1145,22,373.4
1,1.3,E13,13,1145,23,374.1
1,1.3,E13,13,1145,24,374.8
1,1.3,E13,13,1145,25,376.2
1,1.3,E13,13,1145,26,378.6
1,1.3,E13,13,1145,27,378.9
1,1.3,E13,13,1145,28,379.9
1,1.3,E13,13,1145,29,380.4
1,1.3,E13,13,1145,30,381.5
1,1.3,E13,13,1145,31,381.8
1,1.3,E13,13,1145,32,383
1,1.3,E13,13,1145,33,383.1
1,1.3,E13,13,1145,34,383.4
1,1.3,E13,13,1145,35,384.6
1,1.3,E13,13,1145,36,384.8
1,1.3,E13,13,1145,37,386.7
1,1.3,E13,13,1145,38,387.2
1,1.3,E13,13,1145,39,387.4
1,1.3,E13,13,1145,40,388.7
1,1.3,E13,13,1146,0,0
1,1.3,E13,13,1146,1,0.2837
1,1.3,E13,13,1146,2,13.66
1,1.3,E13,13,1146,3,78.31
1,1.3,E13,13,1146,4,134.4
1,1.3,E13,13,1146,5,188
1,1.3,E13,13,1146,6,235.2
1,1.3,E13,13,1146,7,280.4
1,1.3,E13,13,1146,8,324.9
1,1.3,E13,13,1146,9,346.4
1,1.3,E13,13,1146,10,353.7
1,1.3,E13,13,1146,11,359.6
1,1.3,E13,13,1146,12,364
1,1.3,E13,13,1146,13,368.7
1,1.3,E13,13,1146,14,373.1
1,1.3,E13,13,1146,15,374
1,1.3,E13,13,1146,16,375.9
1,1.3,E13,13,1146,17,376.8
1,1.3,E13,13,1146,18,378.3
1,1.3,E13,13,1146,19,379.5
1,1.3,E13,13,1146,20,380.4
1,1.3,E13,13,1146,21,380.9
1,1.3,E13,13,1146,22,382.7
1,1.3,E13,13,1146,23,383.4
1,1.3,E13,13,1146,24,384.1
1,1.3,E13,13,1146,25,384.5
1,1.3,E13,13,1146,26,386
1,1.3,E13,13,1146,27,386.4
1,1.3,E13,13,1146,28,387.4
1,1.3,E13,13,1146,29,387
1,1.3,E13,13,1146,30,388.2
1,1.3,E13,13,1146,31,388.4
1,1.3,E13,13,1146,32,389.7
1,1.3,E13,13,1146,33,388.9
1,1.3,E13,13,1146,34,389.1
1,1.3,E13,13,1146,35,390.4
1,1.3,E13,13,1146,36,390.6
1,1.3,E13,13,1146,37,391.5
1,1.3,E13,13,1146,38,392.1
1,1.3,E13,13,1146,39,392.3
1,1.3,E13,13,1146,40,393.6
1,1.3,E13,13,1147,0,0
1,1.3,E13,13,1147,1,75.73
1,1.3,E13,13,1147,2,144.9
1,1.3,E13,13,1147,3,211.6
1,1.3,E13,13,1147,4,253.1
1,1.3,E13,13,1147,5,280.1
1,1.3,E13,13,1147,6,298.6
1,1.3,E13,13,1147,7,315
1,1.3,E13,13,1147,8,322.5
1,1.3,E13,13,1147,9,329.3
1,1.3,E13,13,1147,10,334.2
1,1.3,E13,13,1147,11,338.8
1,1.3,E13,13,1147,12,343.8
1,1.3,E13,13,1147,13,349.1
1,1.3,E13,13,1147,14,354.1
1,1.3,E13,13,1147,15,356.9
1,1.3,E13,13,1147,16,360.8
1,1.3,E13,13,1147,17,364.7
1,1.3,E13,13,1147,18,367
1,1.3,E13,13,1147,19,370
1,1.3,E13,13,1147,20,372.8
1,1.3,E13,13,1147,21,375.2
1,1.3,E13,13,1147,22,376
1,1.3,E13,13,1147,23,378
1,1.3,E13,13,1147,24,378.8
1,1.3,E13,13,1147,25,380.4
1,1.3,E13,13,1147,26,382
1,1.3,E13,13,1147,27,382.5
1,1.3,E13,13,1147,28,383.7
1,1.3,E13,13,1147,29,384.4
1,1.3,E13,13,1147,30,385.7
1,1.3,E13,13,1147,31,387
1,1.3,E13,13,1147,32,387.1
1,1.3,E13,13,1147,33,387.3
1,1.3,E13,13,1147,34,387.4
1,1.3,E13,13,1147,35,388.7
1,1.3,E13,13,1147,36,390
1,1.3,E13,13,1147,37,390.9
1,1.3,E13,13,1147,38,391.5
1,1.3,E13,13,1147,39,391.6
1,1.3,E13,13,1147,40,392.8
1,1.3,E13,13,1148,0,0
1,1.3,E13,13,1148,1,69.66
1,1.3,E13,13,1148,2,131.1
1,1.3,E13,13,1148,3,195.1
1,1.3,E13,13,1148,4,234.2
1,1.3,E13,13,1148,5,261.2
1,1.3,E13,13,1148,6,279
1,1.3,E13,13,1148,7,294.7
1,1.3,E13,13,1148,8,303
1,1.3,E13,13,1148,9,309.5
1,1.3,E13,13,1148,10,315.4
1,1.3,E13,13,1148,11,319.8
1,1.3,E13,13,1148,12,324.5
1,1.3,E13,13,1148,13,329.6
1,1.3,E13,13,1148,14,335.5
1,1.3,E13,13,1148,15,339.3
1,1.3,E13,13,1148,16,344.2
1,1.3,E13,13,1148,17,346.8
1,1.3,E13,13,1148,18,350.2
1,1.3,E13,13,1148,19,353.1
1,1.3,E13,13,1148,20,355.7
1,1.3,E13,13,1148,21,358
1,1.3,E13,13,1148,22,359.9
1,1.3,E13,13,1148,23,361.9
1,1.3,E13,13,1148,24,362.7
1,1.3,E13,13,1148,25,364.2
1,1.3,E13,13,1148,26,365.7
1,1.3,E13,13,1148,27,366.2
1,1.3,E13,13,1148,28,368.5
1,1.3,E13,13,1148,29,369.1
1,1.3,E13,13,1148,30,369.3
1,1.3,E13,13,1148,31,370.5
1,1.3,E13,13,1148,32,371.7
1,1.3,E13,13,1148,33,371.9
1,1.3,E13,13,1148,34,372
1,1.3,E13,13,1148,35,373.3
1,1.3,E13,13,1148,36,373.4
1,1.3,E13,13,1148,37,375.4
1,1.3,E13,13,1148,38,375.9
1,1.3,E13,13,1148,39,376
1,1.3,E13,13,1148,40,376.1
1,1.3,E13,13,1149,0,0
1,1.3,E13,13,1149,1,73.68
1,1.3,E13,13,1149,2,138.5
1,1.3,E13,13,1149,3,204
1,1.3,E13,13,1149,4,243.7
1,1.3,E13,13,1149,5,272.9
1,1.3,E13,13,1149,6,291.5
1,1.3,E13,13,1149,7,307.9
1,1.3,E13,13,1149,8,316.6
1,1.3,E13,13,1149,9,323.5
1,1.3,E13,13,1149,10,330.7
1,1.3,E13,13,1149,11,335.4
1,1.3,E13,13,1149,12,340.4
1,1.3,E13,13,1149,13,345.7
1,1.3,E13,13,1149,14,350.8
1,1.3,E13,13,1149,15,354.8
1,1.3,E13,13,1149,16,359.9
1,1.3,E13,13,1149,17,362.7
1,1.3,E13,13,1149,18,366.2
1,1.3,E13,13,1149,19,370.3
1,1.3,E13,13,1149,20,371.9
1,1.3,E13,13,1149,21,375.5
1,1.3,E13,13,1149,22,376.4
1,1.3,E13,13,1149,23,378.4
1,1.3,E13,13,1149,24,379.3
1,1.3,E13,13,1149,25,380.9
1,1.3,E13,13,1149,26,383.7
1,1.3,E13,13,1149,27,384.2
1,1.3,E13,13,1149,28,385.4
1,1.3,E13,13,1149,29,386.1
1,1.3,E13,13,1149,30,387.5
1,1.3,E13,13,1149,31,388.8
1,1.3,E13,13,1149,32,390.1
1,1.3,E13,13,1149,33,390.3
1,1.3,E13,13,1149,34,390.4
1,1.3,E13,13,1149,35,390.5
1,1.3,E13,13,1149,36,391.8
1,1.3,E13,13,1149,37,393.9
1,1.3,E13,13,1149,38,394.5
1,1.3,E13,13,1149,39,394.6
1,1.3,E13,13,1149,40,395.9
1,1.3,E13,13,1150,0,0
1,1.3,E13,13,1150,1,20.72
1,1.3,E13,13,1150,2,33.14
1,1.3,E13,13,1150,3,56.79
1,1.3,E13,13,1150,4,96.37
1,1.3,E13,13,1150,5,129
1,1.3,E13,13,1150,6,155.6
1,1.3,E13,13,1150,7,177
1,1.3,E13,13,1150,8,195.9
1,1.3,E13,13,1150,9,211.9
1,1.3,E13,13,1150,10,227.4
1,1.3,E13,13,1150,11,241.4
1,1.3,E13,13,1150,12,253.6
1,1.3,E13,13,1150,13,265.2
1,1.3,E13,13,1150,14,277.6
1,1.3,E13,13,1150,15,287.7
1,1.3,E13,13,1150,16,297.8
1,1.3,E13,13,1150,17,308.9
1,1.3,E13,13,1150,18,318.4
1,1.3,E13,13,1150,19,327.5
1,1.3,E13,13,1150,20,335.3
1,1.3,E13,13,1150,21,344.1
1,1.3,E13,13,1150,22,351.1
1,1.3,E13,13,1150,23,358.2
1,1.3,E13,13,1150,24,362.9
1,1.3,E13,13,1150,25,368.4
1,1.3,E13,13,1150,26,373.9
1,1.3,E13,13,1150,27,378.3
1,1.3,E13,13,1150,28,383.5
1,1.3,E13,13,1150,29,386.7
1,1.3,E13,13,1150,30,390.5
1,1.3,E13,13,1150,31,394
1,1.3,E13,13,1150,32,396.5
1,1.3,E13,13,1150,33,399.1
1,1.3,E13,13,1150,34,400.3
1,1.3,E13,13,1150,35,402.8
1,1.3,E13,13,1150,36,405.2
1,1.3,E13,13,1150,37,408.6
1,1.3,E13,13,1150,38,410.3
1,1.3,E13,13,1150,39,412.7
1,1.3,E13,13,1150,40,413.9
1,1.3,E13,13,1151,0,0
1,1.3,E13,13,1151,1,10.44
1,1.3,E13,13,1151,2,18.24
1,1.3,E13,13,1151,3,34.11
1,1.3,E13,13,1151,4,61.6
1,1.3,E13,13,1151,5,84.05
1,1.3,E13,13,1151,6,100.4
1,1.3,E13,13,1151,7,114.7
1,1.3,E13,13,1151,8,127
1,1.3,E13,13,1151,9,137.5
1,1.3,E13,13,1151,10,148.6
1,1.3,E13,13,1151,11,157.1
1,1.3,E13,13,1151,12,165
1,1.3,E13,13,1151,13,174.4
1,1.3,E13,13,1151,14,181.3
1,1.3,E13,13,1151,15,188.4
1,1.3,E13,13,1151,16,194.5
1,1.3,E13,13,1151,17,200.5
1,1.3,E13,13,1151,18,207.2
1,1.3,E13,13,1151,19,213.5
1,1.3,E13,13,1151,20,218.5
1,1.3,E13,13,1151,21,224.3
1,1.3,E13,13,1151,22,228.6
1,1.3,E13,13,1151,23,234.1
1,1.3,E13,13,1151,24,237.3
1,1.3,E13,13,1151,25,241.3
1,1.3,E13,13,1151,26,245.3
1,1.3,E13,13,1151,27,248.2
1,1.3,E13,13,1151,28,251.8
1,1.3,E13,13,1151,29,253.6
1,1.3,E13,13,1151,30,256
1,1.3,E13,13,1151,31,258.3
1,1.3,E13,13,1151,32,260.7
1,1.3,E13,13,1151,33,262
1,1.3,E13,13,1151,34,263.1
1,1.3,E13,13,1151,35,264.4
1,1.3,E13,13,1151,36,266.8
1,1.3,E13,13,1151,37,268.8
1,1.3,E13,13,1151,38,269.2
1,1.3,E13,13,1151,39,270.4
1,1.3,E13,13,1151,40,271.6
1,1.3,E13,13,1152,0,0
1,1.3,E13,13,1152,1,10.36
1,1.3,E13,13,1152,2,18.11
1,1.3,E13,13,1152,3,33.87
1,1.3,E13,13,1152,4,61.18
1,1.3,E13,13,1152,5,83.49
1,1.3,E13,13,1152,6,100.8
1,1.3,E13,13,1152,7,115.1
1,1.3,E13,13,1152,8,126.1
1,1.3,E13,13,1152,9,136.6
1,1.3,E13,13,1152,10,146.5
1,1.3,E13,13,1152,11,156.1
1,1.3,E13,13,1152,12,163.9
1,1.3,E13,13,1152,13,173.2
1,1.3,E13,13,1152,14,180.1
1,1.3,E13,13,1152,15,187.2
1,1.3,E13,13,1152,16,193.2
1,1.3,E13,13,1152,17,200.3
1,1.3,E13,13,1152,18,205.8
1,1.3,E13,13,1152,19,212.1
1,1.3,E13,13,1152,20,217
1,1.3,E13,13,1152,21,222.8
1,1.3,E13,13,1152,22,227.1
1,1.3,E13,13,1152,23,231.4
1,1.3,E13,13,1152,24,234.6
1,1.3,E13,13,1152,25,237.3
1,1.3,E13,13,1152,26,241.3
1,1.3,E13,13,1152,27,244.2
1,1.3,E13,13,1152,28,247.8
1,1.3,E13,13,1152,29,249.5
1,1.3,E13,13,1152,30,251.9
1,1.3,E13,13,1152,31,254.2
1,1.3,E13,13,1152,32,255.4
1,1.3,E13,13,1152,33,256.7
1,1.3,E13,13,1152,34,257.8
1,1.3,E13,13,1152,35,259
1,1.3,E13,13,1152,36,261.4
1,1.3,E13,13,1152,37,263.4
1,1.3,E13,13,1152,38,263.9
1,1.3,E13,13,1152,39,266.2
1,1.3,E13,13,1152,40,266.2
1,1.3,E13,13,1153,0,0
1,1.3,E13,13,1153,1,27.66
1,1.3,E13,13,1153,2,73.97
1,1.3,E13,13,1153,3,133.1
1,1.3,E13,13,1153,4,196.9
1,1.3,E13,13,1153,5,254.5
1,1.3,E13,13,1153,6,307
1,1.3,E13,13,1153,7,351.1
1,1.3,E13,13,1153,8,380.8
1,1.3,E13,13,1153,9,402.7
1,1.3,E13,13,1153,10,420.5
1,1.3,E13,13,1153,11,433.2
1,1.3,E13,13,1153,12,443.9
1,1.3,E13,13,1153,13,453.8
1,1.3,E13,13,1153,14,461
1,1.3,E13,13,1153,15,467.9
1,1.3,E13,13,1153,16,473.6
1,1.3,E13,13,1153,17,478.1
1,1.3,E13,13,1153,18,483.4
1,1.3,E13,13,1153,19,487
1,1.3,E13,13,1153,20,490.3
1,1.3,E13,13,1153,21,493.3
1,1.3,E13,13,1153,22,495.5
1,1.3,E13,13,1153,23,497.7
1,1.3,E13,13,1153,24,500
1,1.3,E13,13,1153,25,501.8
1,1.3,E13,13,1153,26,503.5
1,1.3,E13,13,1153,27,504.2
1,1.3,E13,13,1153,28,506.9
1,1.3,E13,13,1153,29,506.7
1,1.3,E13,13,1153,30,508.4
1,1.3,E13,13,1153,31,510
1,1.3,E13,13,1153,32,510.4
1,1.3,E13,13,1153,33,510.9
1,1.3,E13,13,1153,34,512.5
1,1.3,E13,13,1153,35,512.9
1,1.3,E13,13,1153,36,514.5
1,1.3,E13,13,1153,37,515.8
1,1.3,E13,13,1153,38,516.7
1,1.3,E13,13,1153,39,517.1
1,1.3,E13,13,1153,40,517.5
1,1.3,E13,13,1154,0,0
1,1.3,E13,13,1154,1,29.52
1,1.3,E13,13,1154,2,77.84
1,1.3,E13,13,1154,3,140.2
1,1.3,E13,13,1154,4,207.6
1,1.3,E13,13,1154,5,268.8
1,1.3,E13,13,1154,6,320
1,1.3,E13,13,1154,7,361.4
1,1.3,E13,13,1154,8,393
1,1.3,E13,13,1154,9,417.7
1,1.3,E13,13,1154,10,438.3
1,1.3,E13,13,1154,11,453.7
1,1.3,E13,13,1154,12,467
1,1.3,E13,13,1154,13,478.4
1,1.3,E13,13,1154,14,487
1,1.3,E13,13,1154,15,494.1
1,1.3,E13,13,1154,16,501.2
1,1.3,E13,13,1154,17,507.1
1,1.3,E13,13,1154,18,512.5
1,1.3,E13,13,1154,19,517.4
1,1.3,E13,13,1154,20,522
1,1.3,E13,13,1154,21,525.1
1,1.3,E13,13,1154,22,528.7
1,1.3,E13,13,1154,23,531
1,1.3,E13,13,1154,24,533.3
1,1.3,E13,13,1154,25,535.2
1,1.3,E13,13,1154,26,538.2
1,1.3,E13,13,1154,27,539
1,1.3,E13,13,1154,28,540.5
1,1.3,E13,13,1154,29,541.6
1,1.3,E13,13,1154,30,543.4
1,1.3,E13,13,1154,31,545
1,1.3,E13,13,1154,32,546.7
1,1.3,E13,13,1154,33,547.3
1,1.3,E13,13,1154,34,547.7
1,1.3,E13,13,1154,35,548.1
1,1.3,E13,13,1154,36,549.8
1,1.3,E13,13,1154,37,551.1
1,1.3,E13,13,1154,38,552.1
1,1.3,E13,13,1154,39,553.7
1,1.3,E13,13,1154,40,554.1
1,1.3,E13,13,1155,0,0
1,1.3,E13,13,1155,1,25.24
1,1.3,E13,13,1155,2,69.25
1,1.3,E13,13,1155,3,127.5
1,1.3,E13,13,1155,4,190.3
1,1.3,E13,13,1155,5,250.6
1,1.3,E13,13,1155,6,307.1
1,1.3,E13,13,1155,7,360.2
1,1.3,E13,13,1155,8,397.5
1,1.3,E13,13,1155,9,424.1
1,1.3,E13,13,1155,10,443.4
1,1.3,E13,13,1155,11,457.8
1,1.3,E13,13,1155,12,468.1
1,1.3,E13,13,1155,13,476.5
1,1.3,E13,13,1155,14,483.5
1,1.3,E13,13,1155,15,489.1
1,1.3,E13,13,1155,16,494.7
1,1.3,E13,13,1155,17,499.1
1,1.3,E13,13,1155,18,503.1
1,1.3,E13,13,1155,19,507.7
1,1.3,E13,13,1155,20,511
1,1.3,E13,13,1155,21,514
1,1.3,E13,13,1155,22,516.1
1,1.3,E13,13,1155,23,518.3
1,1.3,E13,13,1155,24,519.4
1,1.3,E13,13,1155,25,521.1
1,1.3,E13,13,1155,26,522.8
1,1.3,E13,13,1155,27,523.5
1,1.3,E13,13,1155,28,526.1
1,1.3,E13,13,1155,29,526
1,1.3,E13,13,1155,30,527.6
1,1.3,E13,13,1155,31,529.2
1,1.3,E13,13,1155,32,529.6
1,1.3,E13,13,1155,33,530.1
1,1.3,E13,13,1155,34,530.5
1,1.3,E13,13,1155,35,532.1
1,1.3,E13,13,1155,36,533.7
1,1.3,E13,13,1155,37,534.9
1,1.3,E13,13,1155,38,535.8
1,1.3,E13,13,1155,39,536.2
1,1.3,E13,13,1155,40,536.6
1,1.3,E14,33,673,0,0
1,1.3,E14,33,673,3,36.45
1,1.3,E14,33,673,7,224.7
1,1.3,E14,33,673,10,326
1,1.3,E14,33,673,14,347.1
1,1.3,E14,33,673,28,354.7
1,1.3,E14,33,674,0,0
1,1.3,E14,33,674,3,36.54
1,1.3,E14,33,674,7,225.3
1,1.3,E14,33,674,10,338
1,1.3,E14,33,674,14,359.2
1,1.3,E14,33,674,28,366.9
1,1.3,E14,33,675,0,0
1,1.3,E14,33,675,3,34.53
1,1.3,E14,33,675,7,229.5
1,1.3,E14,33,675,10,353.7
1,1.3,E14,33,675,14,374.8
1,1.3,E14,33,675,28,382.5
1,1.3,E14,33,676,0,0
1,1.3,E14,33,676,3,138.7
1,1.3,E14,33,676,7,173.6
1,1.3,E14,33,676,10,176.1
1,1.3,E14,33,676,14,187.8
1,1.3,E14,33,676,28,221.9
1,1.3,E14,33,677,0,0
1,1.3,E14,33,677,3,127.4
1,1.3,E14,33,677,7,230.2
1,1.3,E14,33,677,10,242.7
1,1.3,E14,33,677,14,250.5
1,1.3,E14,33,677,28,268.1
1,1.3,E14,33,678,0,0
1,1.3,E14,33,678,3,122.3
1,1.3,E14,33,678,7,231.2
1,1.3,E14,33,678,10,243.7
1,1.3,E14,33,678,14,253.4
1,1.3,E14,33,678,28,270.9
1,1.3,E14,33,679,0,0
1,1.3,E14,33,679,3,40.34
1,1.3,E14,33,679,7,86.37
1,1.3,E14,33,679,10,94.91
1,1.3,E14,33,679,14,106.9
1,1.3,E14,33,679,28,139.7
1,1.3,E14,33,680,0,0
1,1.3,E14,33,680,3,36.92
1,1.3,E14,33,680,7,85.27
1,1.3,E14,33,680,10,93.82
1,1.3,E14,33,680,14,105.9
1,1.3,E14,33,680,28,133.7
1,1.3,E14,33,681,0,0
1,1.3,E14,33,681,3,38.56
1,1.3,E14,33,681,7,86.78
1,1.3,E14,33,681,10,97.32
1,1.3,E14,33,681,14,111.4
1,1.3,E14,33,681,28,139.1
1,1.3,E14,33,682,0,0
1,1.3,E14,33,682,3,84.16
1,1.3,E14,33,682,7,263
1,1.3,E14,33,682,10,348.5
1,1.3,E14,33,682,14,389.1
1,1.3,E14,33,682,28,399
1,1.3,E14,33,683,0,0
1,1.3,E14,33,683,3,81.61
1,1.3,E14,33,683,7,265.2
1,1.3,E14,33,683,10,351.1
1,1.3,E14,33,683,14,391.9
1,1.3,E14,33,683,28,431.5
1,1.3,E14,33,684,0,0
1,1.3,E14,33,684,3,87.36
1,1.3,E14,33,684,7,266.8
1,1.3,E14,33,684,10,350.4
1,1.3,E14,33,684,14,391.1
1,1.3,E14,33,684,28,435.5
1,1.3,E15,118,846,0,0
1,1.3,E15,118,846,1,24.48
1,1.3,E15,118,846,2,54.08
1,1.3,E15,118,846,3,72.6
1,1.3,E15,118,846,4,87.52
1,1.3,E15,118,846,5,104.3
1,1.3,E15,118,846,6,123.3
1,1.3,E15,118,846,7,143.1
1,1.3,E15,118,846,8,162.6
1,1.3,E15,118,846,9,180.7
1,1.3,E15,118,846,10,197.9
1,1.3,E15,118,846,11,213.8
1,1.3,E15,118,846,12,228.1
1,1.3,E15,118,846,13,240.5
1,1.3,E15,118,846,14,251
1,1.3,E15,118,846,15,260.1
1,1.3,E15,118,846,16,267.9
1,1.3,E15,118,846,17,274
1,1.3,E15,118,846,18,279.1
1,1.3,E15,118,846,19,283.2
1,1.3,E15,118,846,20,287
1,1.3,E15,118,846,21,289.9
1,1.3,E15,118,846,22,292.6
1,1.3,E15,118,846,23,294.8
1,1.3,E15,118,846,24,297.1
1,1.3,E15,118,846,25,298.9
1,1.3,E15,118,847,0,0
1,1.3,E15,118,847,1,23.69
1,1.3,E15,118,847,2,53.46
1,1.3,E15,118,847,3,71.73
1,1.3,E15,118,847,4,85.06
1,1.3,E15,118,847,5,100.2
1,1.3,E15,118,847,6,117.4
1,1.3,E15,118,847,7,135.9
1,1.3,E15,118,847,8,154.7
1,1.3,E15,118,847,9,172
1,1.3,E15,118,847,10,188.7
1,1.3,E15,118,847,11,204.2
1,1.3,E15,118,847,12,218.1
1,1.3,E15,118,847,13,230.1
1,1.3,E15,118,847,14,241
1,1.3,E15,118,847,15,250.4
1,1.3,E15,118,847,16,258.3
1,1.3,E15,118,847,17,264.9
1,1.3,E15,118,847,18,270.7
1,1.3,E15,118,847,19,275.8
1,1.3,E15,118,847,20,280.1
1,1.3,E15,118,847,21,283.7
1,1.3,E15,118,847,22,287
1,1.3,E15,118,847,23,289.7
1,1.3,E15,118,847,24,292.4
1,1.3,E15,118,847,25,294.8
1,1.3,E15,118,848,0,0
1,1.3,E15,118,848,1,19.68
1,1.3,E15,118,848,2,48.48
1,1.3,E15,118,848,3,66.82
1,1.3,E15,118,848,4,79.22
1,1.3,E15,118,848,5,92.97
1,1.3,E15,118,848,6,108.9
1,1.3,E15,118,848,7,125.5
1,1.3,E15,118,848,8,141.5
1,1.3,E15,118,848,9,156.2
1,1.3,E15,118,848,10,170.7
1,1.3,E15,118,848,11,183.4
1,1.3,E15,118,848,12,194.3
1,1.3,E15,118,848,13,203.5
1,1.3,E15,118,848,14,211.7
1,1.3,E15,118,848,15,218.9
1,1.3,E15,118,848,16,225
1,1.3,E15,118,848,17,230.1
1,1.3,E15,118,848,18,234.7
1,1.3,E15,118,848,19,238.7
1,1.3,E15,118,848,20,242.1
1,1.3,E15,118,848,21,245.3
1,1.3,E15,118,848,22,248.1
1,1.3,E15,118,848,23,249.9
1,1.3,E15,118,848,24,251.9
1,1.3,E15,118,848,25,253.7
1,1.3,E15,118,849,0,0
1,1.3,E15,118,849,1,147.6
1,1.3,E15,118,849,2,271.4
1,1.3,E15,118,849,3,321.9
1,1.3,E15,118,849,4,350.2
1,1.3,E15,118,849,5,370.7
1,1.3,E15,118,849,6,389.2
1,1.3,E15,118,849,7,404.1
1,1.3,E15,118,849,8,415.5
1,1.3,E15,118,849,9,424.2
1,1.3,E15,118,849,10,431.4
1,1.3,E15,118,849,11,437.3
1,1.3,E15,118,849,12,442.3
1,1.3,E15,118,849,13,446.3
1,1.3,E15,118,849,14,449.7
1,1.3,E15,118,849,15,452.5
1,1.3,E15,118,849,16,454.7
1,1.3,E15,118,849,17,456.5
1,1.3,E15,118,849,18,458.2
1,1.3,E15,118,849,19,459.4
1,1.3,E15,118,849,20,460.6
1,1.3,E15,118,849,21,461.2
1,1.3,E15,118,849,22,462.8
1,1.3,E15,118,849,23,464
1,1.3,E15,118,849,24,465.9
1,1.3,E15,118,849,25,467.2
1,1.3,E15,118,850,0,0
1,1.3,E15,118,850,1,132.6
1,1.3,E15,118,850,2,239.9
1,1.3,E15,118,850,3,301.6
1,1.3,E15,118,850,4,338.8
1,1.3,E15,118,850,5,366.1
1,1.3,E15,118,850,6,389.7
1,1.3,E15,118,850,7,408.9
1,1.3,E15,118,850,8,424.4
1,1.3,E15,118,850,9,436.6
1,1.3,E15,118,850,10,446.3
1,1.3,E15,118,850,11,454.2
1,1.3,E15,118,850,12,460.8
1,1.3,E15,118,850,13,465.9
1,1.3,E15,118,850,14,470.1
1,1.3,E15,118,850,15,473.8
1,1.3,E15,118,850,16,476.9
1,1.3,E15,118,850,17,479.5
1,1.3,E15,118,850,18,481.5
1,1.3,E15,118,850,19,483.4
1,1.3,E15,118,850,20,485.2
1,1.3,E15,118,850,21,486.5
1,1.3,E15,118,850,22,487.9
1,1.3,E15,118,850,23,489.2
1,1.3,E15,118,850,24,490.5
1,1.3,E15,118,850,25,491.7
1,1.3,E15,118,851,0,0
1,1.3,E15,118,851,1,139.2
1,1.3,E15,118,851,2,256.2
1,1.3,E15,118,851,3,308.5
1,1.3,E15,118,851,4,337.6
1,1.3,E15,118,851,5,359.6
1,1.3,E15,118,851,6,379.5
1,1.3,E15,118,851,7,396.2
1,1.3,E15,118,851,8,409.5
1,1.3,E15,118,851,9,419.8
1,1.3,E15,118,851,10,428.3
1,1.3,E15,118,851,11,435.4
1,1.3,E15,118,851,12,441.2
1,1.3,E15,118,851,13,445.9
1,1.3,E15,118,851,14,449.9
1,1.3,E15,118,851,15,453.4
1,1.3,E15,118,851,16,456.4
1,1.3,E15,118,851,17,458.8
1,1.3,E15,118,851,18,460.8
1,1.3,E15,118,851,19,462.8
1,1.3,E15,118,851,20,464.4
1,1.3,E15,118,851,21,465.6
1,1.3,E15,118,851,22,466.9
1,1.3,E15,118,851,23,467.9
1,1.3,E15,118,851,24,469.1
1,1.3,E15,118,851,25,470.2
1,1.3,E15,118,854,0,0
1,1.3,E15,118,854,1,8.038
1,1.3,E15,118,854,2,93.61
1,1.3,E15,118,854,3,206.3
1,1.3,E15,118,854,4,266.7
1,1.3,E15,118,854,5,299.2
1,1.3,E15,118,854,6,310.8
1,1.3,E15,118,854,7,316.2
1,1.3,E15,118,854,8,319.2
1,1.3,E15,118,854,9,321.4
1,1.3,E15,118,854,10,323.6
1,1.3,E15,118,854,11,326.4
1,1.3,E15,118,854,12,330.4
1,1.3,E15,118,854,13,333
1,1.3,E15,118,854,14,335.4
1,1.3,E15,118,854,15,337.8
1,1.3,E15,118,854,16,339.9
1,1.3,E15,118,854,17,341.6
1,1.3,E15,118,854,18,342.8
1,1.3,E15,118,854,19,343.7
1,1.3,E15,118,854,20,344.4
1,1.3,E15,118,854,21,345
1,1.3,E15,118,854,22,345.5
1,1.3,E15,118,854,23,345.8
1,1.3,E15,118,854,24,346.3
1,1.3,E15,118,854,25,346.6
1,1.3,E15,118,855,0,0
1,1.3,E15,118,855,1,7.91
1,1.3,E15,118,855,2,92.82
1,1.3,E15,118,855,3,203.3
1,1.3,E15,118,855,4,263
1,1.3,E15,118,855,5,295.3
1,1.3,E15,118,855,6,306.8
1,1.3,E15,118,855,7,311.8
1,1.3,E15,118,855,8,314.7
1,1.3,E15,118,855,9,316.6
1,1.3,E15,118,855,10,318.6
1,1.3,E15,118,855,11,321.4
1,1.3,E15,118,855,12,325.1
1,1.3,E15,118,855,13,327.5
1,1.3,E15,118,855,14,329.7
1,1.3,E15,118,855,15,331.9
1,1.3,E15,118,855,16,333.9
1,1.3,E15,118,855,17,335.7
1,1.3,E15,118,855,18,337.1
1,1.3,E15,118,855,19,338.2
1,1.3,E15,118,855,20,339.2
1,1.3,E15,118,855,21,340
1,1.3,E15,118,855,22,340.8
1,1.3,E15,118,855,23,341.4
1,1.3,E15,118,855,24,342.2
1,1.3,E15,118,855,25,342.9
1,1.3,E15,118,856,0,0
1,1.3,E15,118,856,1,8.11
1,1.3,E15,118,856,2,96.83
1,1.3,E15,118,856,3,207.2
1,1.3,E15,118,856,4,266.7
1,1.3,E15,118,856,5,297.8
1,1.3,E15,118,856,6,308.8
1,1.3,E15,118,856,7,313.6
1,1.3,E15,118,856,8,316.3
1,1.3,E15,118,856,9,318.1
1,1.3,E15,118,856,10,320.1
1,1.3,E15,118,856,11,322.6
1,1.3,E15,118,856,12,325.8
1,1.3,E15,118,856,13,328
1,1.3,E15,118,856,14,330.1
1,1.3,E15,118,856,15,332
1,1.3,E15,118,856,16,333.8
1,1.3,E15,118,856,17,335.1
1,1.3,E15,118,856,18,336.1
1,1.3,E15,118,856,19,336.9
1,1.3,E15,118,856,20,337.6
1,1.3,E15,118,856,21,338
1,1.3,E15,118,856,22,338.5
1,1.3,E15,118,856,23,338.7
1,1.3,E15,118,856,24,338.9
1,1.3,E15,118,856,25,339.2
1,1.3,E15,118,857,0,0
1,1.3,E15,118,857,1,169.4
1,1.3,E15,118,857,2,208.9
1,1.3,E15,118,857,3,225.2
1,1.3,E15,118,857,4,237.1
1,1.3,E15,118,857,5,247.7
1,1.3,E15,118,857,6,256.3
1,1.3,E15,118,857,7,264.6
1,1.3,E15,118,857,8,272.3
1,1.3,E15,118,857,9,278.3
1,1.3,E15,118,857,10,283
1,1.3,E15,118,857,11,286.7
1,1.3,E15,118,857,12,289.9
1,1.3,E15,118,857,13,292.8
1,1.3,E15,118,857,14,295.1
1,1.3,E15,118,857,15,297.4
1,1.3,E15,118,857,16,299.1
1,1.3,E15,118,857,17,300.5
1,1.3,E15,118,857,18,301.5
1,1.3,E15,118,857,19,302.4
1,1.3,E15,118,857,20,303
1,1.3,E15,118,857,21,303.6
1,1.3,E15,118,857,22,304.1
1,1.3,E15,118,857,23,304.2
1,1.3,E15,118,857,24,305
1,1.3,E15,118,857,25,305.2
1,1.3,E15,118,858,0,0
1,1.3,E15,118,858,1,168
1,1.3,E15,118,858,2,209.2
1,1.3,E15,118,858,3,225.8
1,1.3,E15,118,858,4,237.7
1,1.3,E15,118,858,5,248.3
1,1.3,E15,118,858,6,256.9
1,1.3,E15,118,858,7,265
1,1.3,E15,118,858,8,272.3
1,1.3,E15,118,858,9,278
1,1.3,E15,118,858,10,282.3
1,1.3,E15,118,858,11,285.7
1,1.3,E15,118,858,12,288.5
1,1.3,E15,118,858,13,290.6
1,1.3,E15,118,858,14,292.4
1,1.3,E15,118,858,15,294
1,1.3,E15,118,858,16,295.1
1,1.3,E15,118,858,17,295.7
1,1.3,E15,118,858,18,296.4
1,1.3,E15,118,858,19,296.9
1,1.3,E15,118,858,20,297.1
1,1.3,E15,118,858,21,297.3
1,1.3,E15,118,858,22,297.5
1,1.3,E15,118,858,23,297.5
1,1.3,E15,118,858,24,297.7
1,1.3,E15,118,858,25,297.8
1,1.3,E15,118,859,0,0
1,1.3,E15,118,859,1,160.9
1,1.3,E15,118,859,2,200.4
1,1.3,E15,118,859,3,216.2
1,1.3,E15,118,859,4,228
1,1.3,E15,118,859,5,238.7
1,1.3,E15,118,859,6,247.2
1,1.3,E15,118,859,7,255.3
1,1.3,E15,118,859,8,262
1,1.3,E15,118,859,9,267
1,1.3,E15,118,859,10,270.8
1,1.3,E15,118,859,11,273.6
1,1.3,E15,118,859,12,275.7
1,1.3,E15,118,859,13,277.4
1,1.3,E15,118,859,14,278.8
1,1.3,E15,118,859,15,280.1
1,1.3,E15,118,859,16,281.2
1,1.3,E15,118,859,17,282
1,1.3,E15,118,859,18,283.1
1,1.3,E15,118,859,19,283.9
1,1.3,E15,118,859,20,284.6
1,1.3,E15,118,859,21,285.2
1,1.3,E15,118,859,22,285.8
1,1.3,E15,118,859,23,286.2
1,1.3,E15,118,859,24,286.9
1,1.3,E15,118,859,25,287.6
1,1.3,E16,111,1622,0,0
1,1.3,E16,111,1622,1,46.79
1,1.3,E16,111,1622,2,103.6
1,1.3,E16,111,1622,3,158.5
1,1.3,E16,111,1622,5,261.2
1,1.3,E16,111,1622,7,306.4
1,1.3,E16,111,1622,9,323.1
1,1.3,E16,111,1622,12,335.1
1,1.3,E16,111,1622,15,346.8
1,1.3,E16,111,1622,18,362.8
1,1.3,E16,111,1622,22,376.2
1,1.3,E16,111,1623,0,0
1,1.3,E16,111,1623,1,45.44
1,1.3,E16,111,1623,2,101.5
1,1.3,E16,111,1623,3,157.5
1,1.3,E16,111,1623,5,262.4
1,1.3,E16,111,1623,7,306.7
1,1.3,E16,111,1623,9,324.3
1,1.3,E16,111,1623,12,336
1,1.3,E16,111,1623,15,345.4
1,1.3,E16,111,1623,18,362.1
1,1.3,E16,111,1623,22,376.9
1,1.3,E16,111,1624,0,0
1,1.3,E16,111,1624,1,43.95
1,1.3,E16,111,1624,2,99.02
1,1.3,E16,111,1624,3,152.6
1,1.3,E16,111,1624,5,261.7
1,1.3,E16,111,1624,7,300.8
1,1.3,E16,111,1624,9,322.7
1,1.3,E16,111,1624,12,334.7
1,1.3,E16,111,1624,15,345.7
1,1.3,E16,111,1624,18,360.6
1,1.3,E16,111,1624,22,372.5
1,1.3,E16,111,1628,0,0
1,1.3,E16,111,1628,1,5.38
1,1.3,E16,111,1628,2,5.147
1,1.3,E16,111,1628,3,30.27
1,1.3,E16,111,1628,5,138.8
1,1.3,E16,111,1628,7,258.9
1,1.3,E16,111,1628,9,345.9
1,1.3,E16,111,1628,12,376.6
1,1.3,E16,111,1628,15,380.4
1,1.3,E16,111,1629,0,0
1,1.3,E16,111,1629,1,6.125
1,1.3,E16,111,1629,2,6.839
1,1.3,E16,111,1629,3,33.71
1,1.3,E16,111,1629,5,154.6
1,1.3,E16,111,1629,7,281.7
1,1.3,E16,111,1629,9,357.1
1,1.3,E16,111,1629,12,379.7
1,1.3,E16,111,1629,15,383
1,1.3,E16,111,1630,0,0
1,1.3,E16,111,1630,1,6.926
1,1.3,E16,111,1630,2,8.081
1,1.3,E16,111,1630,3,32.24
1,1.3,E16,111,1630,5,145.5
1,1.3,E16,111,1630,7,265.5
1,1.3,E16,111,1630,9,348.3
1,1.3,E16,111,1630,12,377.4
1,1.3,E16,111,1630,15,384
1,1.3,E16,111,1631,0,0
1,1.3,E16,111,1631,1,32.82
1,1.3,E16,111,1631,2,85.93
1,1.3,E16,111,1631,3,134.2
1,1.3,E16,111,1631,5,240.7
1,1.3,E16,111,1631,7,310.1
1,1.3,E16,111,1631,9,365.1
1,1.3,E16,111,1631,12,426.3
1,1.3,E16,111,1631,15,476.4
1,1.3,E16,111,1631,18,504.5
1,1.3,E16,111,1631,22,527.3
1,1.3,E16,111,1631,26,540.7
1,1.3,E16,111,1632,0,0
1,1.3,E16,111,1632,1,32.34
1,1.3,E16,111,1632,2,86.66
1,1.3,E16,111,1632,3,135.5
1,1.3,E16,111,1632,5,245.9
1,1.3,E16,111,1632,7,320.8
1,1.3,E16,111,1632,9,372.1
1,1.3,E16,111,1632,12,434.1
1,1.3,E16,111,1632,15,483.2
1,1.3,E16,111,1632,18,509.8
1,1.3,E16,111,1632,22,531.7
1,1.3,E16,111,1632,26,548.4
1,1.3,E16,111,1633,0,0
1,1.3,E16,111,1633,1,30.96
1,1.3,E16,111,1633,2,80.38
1,1.3,E16,111,1633,3,131.7
1,1.3,E16,111,1633,5,243.4
1,1.3,E16,111,1633,7,317
1,1.3,E16,111,1633,9,370
1,1.3,E16,111,1633,12,430.2
1,1.3,E16,111,1633,15,475.2
1,1.3,E16,111,1633,18,502.6
1,1.3,E16,111,1633,22,522.6
1,1.3,E16,111,1633,26,533.6
1,1.3,E16,111,1634,0,0
1,1.3,E16,111,1634,1,15.18
1,1.3,E16,111,1634,2,22.87
1,1.3,E16,111,1634,3,36.92
1,1.3,E16,111,1634,5,84.59
1,1.3,E16,111,1634,7,109.7
1,1.3,E16,111,1634,9,134.2
1,1.3,E16,111,1634,12,173.7
1,1.3,E16,111,1634,15,207.5
1,1.3,E16,111,1634,18,234
1,1.3,E16,111,1634,22,262.8
1,1.3,E16,111,1634,26,283.9
1,1.3,E16,111,1634,30,300.7
1,1.3,E16,111,1634,35,313.4
1,1.3,E16,111,1635,0,0
1,1.3,E16,111,1635,1,14.93
1,1.3,E16,111,1635,2,26.6
1,1.3,E16,111,1635,3,42.28
1,1.3,E16,111,1635,5,95.05
1,1.3,E16,111,1635,7,122.3
1,1.3,E16,111,1635,9,147.6
1,1.3,E16,111,1635,12,185
1,1.3,E16,111,1635,15,218.1
1,1.3,E16,111,1635,18,244.5
1,1.3,E16,111,1635,22,273
1,1.3,E16,111,1635,26,295
1,1.3,E16,111,1635,30,309.5
1,1.3,E16,111,1635,35,317.6
1,1.3,E16,111,1636,0,0
1,1.3,E16,111,1636,1,13.97
1,1.3,E16,111,1636,2,21.43
1,1.3,E16,111,1636,3,35.58
1,1.3,E16,111,1636,5,83.47
1,1.3,E16,111,1636,7,109.9
1,1.3,E16,111,1636,9,135.4
1,1.3,E16,111,1636,12,173.1
1,1.3,E16,111,1636,15,207.8
1,1.3,E16,111,1636,18,236
1,1.3,E16,111,1636,22,264.9
1,1.3,E16,111,1636,26,287.5
1,1.3,E16,111,1636,30,300.8
1,1.3,E16,111,1636,35,309.1
1,1.3,E17,83,514,0,0
1,1.3,E17,83,514,1,5.027
1,1.3,E17,83,514,2,31.82
1,1.3,E17,83,514,3,68.08
1,1.3,E17,83,514,4,126
1,1.3,E17,83,514,5,185.7
1,1.3,E17,83,514,6,229
1,1.3,E17,83,514,7,277
1,1.3,E17,83,514,8,298.1
1,1.3,E17,83,514,9,323.5
1,1.3,E17,83,514,10,337.5
1,1.3,E17,83,514,11,367.8
1,1.3,E17,83,514,12,378.7
1,1.3,E17,83,514,13,390.2
1,1.3,E17,83,514,14,408.1
1,1.3,E17,83,514,15,423.4
1,1.3,E17,83,514,16,442.5
1,1.3,E17,83,514,17,452.5
1,1.3,E17,83,514,18,465.8
1,1.3,E17,83,514,19,479.9
1,1.3,E17,83,514,20,494
1,1.3,E17,83,514,21,502.8
1,1.3,E17,83,514,22,510.9
1,1.3,E17,83,514,23,526.6
1,1.3,E17,83,514,24,537.6
1,1.3,E17,83,514,25,534.7
1,1.3,E17,83,514,26,526.4
1,1.3,E17,83,514,27,521.6
1,1.3,E17,83,514,28,535.3
1,1.3,E17,83,514,29,538.5
1,1.3,E17,83,514,30,544.1
1,1.3,E17,83,514,31,550.6
1,1.3,E17,83,514,32,556.1
1,1.3,E17,83,514,33,564.7
1,1.3,E17,83,515,0,0
1,1.3,E17,83,515,1,2.306
1,1.3,E17,83,515,2,1.508
1,1.3,E17,83,515,3,2.036
1,1.3,E17,83,515,4,11.29
1,1.3,E17,83,515,5,23.94
1,1.3,E17,83,515,6,39.95
1,1.3,E17,83,515,7,58.31
1,1.3,E17,83,515,8,73.85
1,1.3,E17,83,515,9,85.44
1,1.3,E17,83,515,10,93.96
1,1.3,E17,83,515,11,119.3
1,1.3,E17,83,515,12,127.2
1,1.3,E17,83,515,13,136
1,1.3,E17,83,515,14,153.1
1,1.3,E17,83,515,15,168
1,1.3,E17,83,515,16,187.5
1,1.3,E17,83,515,17,198.5
1,1.3,E17,83,515,18,212.3
1,1.3,E17,83,515,19,227
1,1.3,E17,83,515,20,243.8
1,1.3,E17,83,515,21,251.7
1,1.3,E17,83,515,22,269.4
1,1.3,E17,83,515,23,278.4
1,1.3,E17,83,515,24,288.8
1,1.3,E17,83,515,25,296.6
1,1.3,E17,83,515,26,309
1,1.3,E17,83,515,27,320.2
1,1.3,E17,83,515,28,321
1,1.3,E17,83,515,29,327.7
1,1.3,E17,83,515,30,333.2
1,1.3,E17,83,515,31,338
1,1.3,E17,83,515,32,343.1
1,1.3,E17,83,515,33,347.8
1,1.3,E17,83,516,0,0
1,1.3,E17,83,516,1,7.636
1,1.3,E17,83,516,2,33.43
1,1.3,E17,83,516,3,73.55
1,1.3,E17,83,516,4,135.8
1,1.3,E17,83,516,5,193.8
1,1.3,E17,83,516,6,238.2
1,1.3,E17,83,516,7,287.4
1,1.3,E17,83,516,8,312.2
1,1.3,E17,83,516,9,370.7
1,1.3,E17,83,516,10,383.9
1,1.3,E17,83,516,11,446.1
1,1.3,E17,83,516,12,455.9
1,1.3,E17,83,516,13,488.5
1,1.3,E17,83,516,14,509.5
1,1.3,E17,83,516,15,562.9
1,1.3,E17,83,516,16,582.7
1,1.3,E17,83,516,17,625
1,1.3,E17,83,516,18,640
1,1.3,E17,83,516,19,678.1
1,1.3,E17,83,516,20,741.3
1,1.3,E17,83,516,21,748
1,1.3,E17,83,516,22,769.4
1,1.3,E17,83,516,23,811.4
1,1.3,E17,83,516,24,867.8
1,1.3,E17,83,516,25,941.9
1,1.3,E17,83,516,26,1009
1,1.3,E17,83,516,27,1085
1,1.3,E17,83,516,28,1099
1,1.3,E17,83,516,29,1103
1,1.3,E17,83,516,30,1122
1,1.3,E17,83,516,31,1153
1,1.3,E17,83,516,32,1196
1,1.3,E17,83,516,33,1204
1,1.3,E17,83,517,0,0
1,1.3,E17,83,517,1,-1.214
1,1.3,E17,83,517,2,-0.2068
1,1.3,E17,83,517,3,1.739
1,1.3,E17,83,517,4,12.97
1,1.3,E17,83,517,5,26
1,1.3,E17,83,517,6,42.41
1,1.3,E17,83,517,7,61.18
1,1.3,E17,83,517,8,77.4
1,1.3,E17,83,517,9,88.66
1,1.3,E17,83,517,10,97.75
1,1.3,E17,83,517,11,121.6
1,1.3,E17,83,517,12,128.9
1,1.3,E17,83,517,13,137.3
1,1.3,E17,83,517,14,153.2
1,1.3,E17,83,517,15,168.7
1,1.3,E17,83,517,16,187.7
1,1.3,E17,83,517,17,198.5
1,1.3,E17,83,517,18,213.3
1,1.3,E17,83,517,19,227
1,1.3,E17,83,517,20,244.1
1,1.3,E17,83,517,21,251.8
1,1.3,E17,83,517,22,262.6
1,1.3,E17,83,517,23,275.5
1,1.3,E17,83,517,24,285.1
1,1.3,E17,83,517,25,293.5
1,1.3,E17,83,517,26,303.6
1,1.3,E17,83,517,27,312.8
1,1.3,E17,83,517,28,319.4
1,1.3,E17,83,517,29,326.2
1,1.3,E17,83,517,30,331.5
1,1.3,E17,83,517,31,337.6
1,1.3,E17,83,517,32,344.5
1,1.3,E17,83,517,33,350.6
1,1.3,E17,83,518,0,0
1,1.3,E17,83,518,1,-3.16
1,1.3,E17,83,518,2,-4.207
1,1.3,E17,83,518,3,-7.062
1,1.3,E17,83,518,4,10.08
1,1.3,E17,83,518,5,39.75
1,1.3,E17,83,518,6,82.31
1,1.3,E17,83,518,7,120.8
1,1.3,E17,83,518,8,166.7
1,1.3,E17,83,518,9,213.8
1,1.3,E17,83,518,10,239.7
1,1.3,E17,83,518,11,255.9
1,1.3,E17,83,518,12,264.5
1,1.3,E17,83,518,13,270.5
1,1.3,E17,83,518,14,281.6
1,1.3,E17,83,518,15,296.7
1,1.3,E17,83,518,16,307.7
1,1.3,E17,83,518,17,312.6
1,1.3,E17,83,518,18,323.6
1,1.3,E17,83,518,19,332.6
1,1.3,E17,83,518,20,342.8
1,1.3,E17,83,518,21,348.6
1,1.3,E17,83,518,22,352.9
1,1.3,E17,83,518,23,360
1,1.3,E17,83,518,24,366.5
1,1.3,E17,83,518,25,371.6
1,1.3,E17,83,518,26,376.9
1,1.3,E17,83,518,27,383.5
1,1.3,E17,83,518,28,393
1,1.3,E17,83,518,29,397.8
1,1.3,E17,83,518,30,399.8
1,1.3,E17,83,518,31,403
1,1.3,E17,83,518,32,405
1,1.3,E17,83,518,33,410.4
1,1.3,E17,83,519,0,0
1,1.3,E17,83,519,1,15.52
1,1.3,E17,83,519,2,61.13
1,1.3,E17,83,519,3,108.7
1,1.3,E17,83,519,4,171.3
1,1.3,E17,83,519,5,214.4
1,1.3,E17,83,519,6,234
1,1.3,E17,83,519,7,248.4
1,1.3,E17,83,519,8,263.3
1,1.3,E17,83,519,9,269
1,1.3,E17,83,519,10,274.6
1,1.3,E17,83,519,11,294
1,1.3,E17,83,519,12,299.2
1,1.3,E17,83,519,13,305
1,1.3,E17,83,519,14,315.1
1,1.3,E17,83,519,15,328.6
1,1.3,E17,83,519,16,339.2
1,1.3,E17,83,519,17,347.6
1,1.3,E17,83,519,18,357.3
1,1.3,E17,83,519,19,367.8
1,1.3,E17,83,519,20,386.3
1,1.3,E17,83,519,21,385.7
1,1.3,E17,83,519,22,392
1,1.3,E17,83,519,23,404.3
1,1.3,E17,83,519,24,410.4
1,1.3,E17,83,519,25,416.3
1,1.3,E17,83,519,26,423.5
1,1.3,E17,83,519,27,430.9
1,1.3,E17,83,519,28,433.6
1,1.3,E17,83,519,29,438.2
1,1.3,E17,83,519,30,441.9
1,1.3,E17,83,519,31,445.8
1,1.3,E17,83,519,32,449.4
1,1.3,E17,83,519,33,455.8
1,1.3,E17,83,520,0,0
1,1.3,E17,83,520,1,22.09
1,1.3,E17,83,520,2,70.44
1,1.3,E17,83,520,3,120.1
1,1.3,E17,83,520,4,181.1
1,1.3,E17,83,520,5,220.2
1,1.3,E17,83,520,6,238.5
1,1.3,E17,83,520,7,254
1,1.3,E17,83,520,8,267.7
1,1.3,E17,83,520,9,275.7
1,1.3,E17,83,520,10,285.4
1,1.3,E17,83,520,11,302
1,1.3,E17,83,520,12,306.8
1,1.3,E17,83,520,13,311.9
1,1.3,E17,83,520,14,324.6
1,1.3,E17,83,520,15,341.9
1,1.3,E17,83,520,16,352.1
1,1.3,E17,83,520,17,358.8
1,1.3,E17,83,520,18,367.4
1,1.3,E17,83,520,19,378.1
1,1.3,E17,83,520,20,391
1,1.3,E17,83,520,21,395.4
1,1.3,E17,83,520,22,402.6
1,1.3,E17,83,520,23,414
1,1.3,E17,83,520,24,420.1
1,1.3,E17,83,520,25,425
1,1.3,E17,83,520,26,433.3
1,1.3,E17,83,520,27,440.5
1,1.3,E17,83,520,28,440.4
1,1.3,E17,83,520,29,444.1
1,1.3,E17,83,520,30,447.8
1,1.3,E17,83,520,31,452
1,1.3,E17,83,520,32,455.6
1,1.3,E17,83,520,33,463.1
1,1.3,E17,83,521,0,0
1,1.3,E17,83,521,1,15.45
1,1.3,E17,83,521,2,63.76
1,1.3,E17,83,521,3,114.4
1,1.3,E17,83,521,4,171.2
1,1.3,E17,83,521,5,201
1,1.3,E17,83,521,6,221.5
1,1.3,E17,83,521,7,242.3
1,1.3,E17,83,521,8,259.3
1,1.3,E17,83,521,9,271
1,1.3,E17,83,521,10,276
1,1.3,E17,83,521,11,304
1,1.3,E17,83,521,12,312.5
1,1.3,E17,83,521,13,320.4
1,1.3,E17,83,521,14,338.5
1,1.3,E17,83,521,15,355.6
1,1.3,E17,83,521,16,372.1
1,1.3,E17,83,521,17,380.2
1,1.3,E17,83,521,18,388.6
1,1.3,E17,83,521,19,397.3
1,1.3,E17,83,521,20,407.7
1,1.3,E17,83,521,21,409.7
1,1.3,E17,83,521,22,413.6
1,1.3,E17,83,521,23,422.3
1,1.3,E17,83,521,24,427.3
1,1.3,E17,83,521,25,431.9
1,1.3,E17,83,521,26,437.8
1,1.3,E17,83,521,27,444.9
1,1.3,E17,83,521,28,453.7
1,1.3,E17,83,521,29,456.6
1,1.3,E17,83,521,30,459.9
1,1.3,E17,83,521,31,463.4
1,1.3,E17,83,521,32,467.9
1,1.3,E17,83,521,33,475.1
1,1.3,E17,83,522,0,0
1,1.3,E17,83,522,1,-0.4761
1,1.3,E17,83,522,2,1.071
1,1.3,E17,83,522,3,3.27
1,1.3,E17,83,522,4,13.47
1,1.3,E17,83,522,5,26.19
1,1.3,E17,83,522,6,42.62
1,1.3,E17,83,522,7,61.39
1,1.3,E17,83,522,8,76.61
1,1.3,E17,83,522,9,87.39
1,1.3,E17,83,522,10,97.33
1,1.3,E17,83,522,11,120.3
1,1.3,E17,83,522,12,127.9
1,1.3,E17,83,522,13,136.9
1,1.3,E17,83,522,14,153.3
1,1.3,E17,83,522,15,165.8
1,1.3,E17,83,522,16,183.8
1,1.3,E17,83,522,17,194
1,1.3,E17,83,522,18,207.6
1,1.3,E17,83,522,19,223.6
1,1.3,E17,83,522,20,239.1
1,1.3,E17,83,522,21,245.6
1,1.3,E17,83,522,22,256.5
1,1.3,E17,83,522,23,268.2
1,1.3,E17,83,522,24,277.8
1,1.3,E17,83,522,25,286.1
1,1.3,E17,83,522,26,296.8
1,1.3,E17,83,522,27,306.3
1,1.3,E17,83,522,28,311.3
1,1.3,E17,83,522,29,317.8
1,1.3,E17,83,522,30,323.4
1,1.3,E17,83,522,31,329.6
1,1.3,E17,83,522,32,336.2
1,1.3,E17,83,522,33,342
1,1.3,E17,83,523,0,0
1,1.3,E17,83,523,1,1.775
1,1.3,E17,83,523,2,7.396
1,1.3,E17,83,523,3,12.99
1,1.3,E17,83,523,4,55.39
1,1.3,E17,83,523,5,73.48
1,1.3,E17,83,523,6,124.1
1,1.3,E17,83,523,7,172.9
1,1.3,E17,83,523,8,200.7
1,1.3,E17,83,523,9,211.5
1,1.3,E17,83,523,10,216.5
1,1.3,E17,83,523,11,228.9
1,1.3,E17,83,523,12,235.1
1,1.3,E17,83,523,13,235.6
1,1.3,E17,83,523,14,242.5
1,1.3,E17,83,523,15,252
1,1.3,E17,83,523,16,260.7
1,1.3,E17,83,523,17,265.1
1,1.3,E17,83,523,18,275
1,1.3,E17,83,523,19,282.2
1,1.3,E17,83,523,20,290.7
1,1.3,E17,83,523,21,295.7
1,1.3,E17,83,523,22,301.2
1,1.3,E17,83,523,23,310.3
1,1.3,E17,83,523,24,317
1,1.3,E17,83,523,25,321.9
1,1.3,E17,83,523,26,327.1
1,1.3,E17,83,523,27,331.2
1,1.3,E17,83,523,28,339.5
1,1.3,E17,83,523,29,344
1,1.3,E17,83,523,30,345.9
1,1.3,E17,83,523,31,348.6
1,1.3,E17,83,523,32,351
1,1.3,E17,83,523,33,357.3
1,1.3,E17,83,524,0,0
1,1.3,E17,83,524,1,5.848
1,1.3,E17,83,524,2,26.44
1,1.3,E17,83,524,3,60.45
1,1.3,E17,83,524,4,116.5
1,1.3,E17,83,524,5,175.4
1,1.3,E17,83,524,6,216.5
1,1.3,E17,83,524,7,263.8
1,1.3,E17,83,524,8,291.7
1,1.3,E17,83,524,9,310.8
1,1.3,E17,83,524,10,325.8
1,1.3,E17,83,524,11,355.4
1,1.3,E17,83,524,12,366.1
1,1.3,E17,83,524,13,379.7
1,1.3,E17,83,524,14,401.5
1,1.3,E17,83,524,15,417
1,1.3,E17,83,524,16,432.7
1,1.3,E17,83,524,17,441.4
1,1.3,E17,83,524,18,452.1
1,1.3,E17,83,524,19,461.6
1,1.3,E17,83,524,20,473.6
1,1.3,E17,83,524,21,477.9
1,1.3,E17,83,524,22,482.8
1,1.3,E17,83,524,23,490.3
1,1.3,E17,83,524,24,496.3
1,1.3,E17,83,524,25,501.7
1,1.3,E17,83,524,26,507.2
1,1.3,E17,83,524,27,505.6
1,1.3,E17,83,524,28,516.1
1,1.3,E17,83,524,29,516.8
1,1.3,E17,83,524,30,518.9
1,1.3,E17,83,524,31,521.3
1,1.3,E17,83,524,32,523.7
1,1.3,E17,83,524,33,528.2
1,1.3,E18,57,1018,0,0
1,1.3,E18,57,1018,2,59.27
1,1.3,E18,57,1018,3,115.8
1,1.3,E18,57,1018,6,202.9
1,1.3,E18,57,1018,8,244.8
1,1.3,E18,57,1018,10,270
1,1.3,E18,57,1018,13,297.9
1,1.3,E18,57,1018,15,302.6
1,1.3,E18,57,1018,17,309.9
1,1.3,E18,57,1018,20,321.9
1,1.3,E18,57,1018,23,328.1
1,1.3,E18,57,1018,27,333.3
1,1.3,E18,57,1018,34,340.4
1,1.3,E18,57,1018,43,347
1,1.3,E18,57,1019,0,0
1,1.3,E18,57,1019,2,58.19
1,1.3,E18,57,1019,3,114.4
1,1.3,E18,57,1019,6,203.6
1,1.3,E18,57,1019,8,247.3
1,1.3,E18,57,1019,10,272
1,1.3,E18,57,1019,13,295.6
1,1.3,E18,57,1019,15,298.3
1,1.3,E18,57,1019,17,305.5
1,1.3,E18,57,1019,20,317.3
1,1.3,E18,57,1019,23,322
1,1.3,E18,57,1019,27,325.8
1,1.3,E18,57,1019,34,334.6
1,1.3,E18,57,1019,43,339.6
1,1.3,E18,57,1020,0,0
1,1.3,E18,57,1020,2,55.34
1,1.3,E18,57,1020,3,124.5
1,1.3,E18,57,1020,6,219.3
1,1.3,E18,57,1020,8,257.3
1,1.3,E18,57,1020,10,279.1
1,1.3,E18,57,1020,13,301
1,1.3,E18,57,1020,15,305.7
1,1.3,E18,57,1020,17,317.9
1,1.3,E18,57,1020,20,330.7
1,1.3,E18,57,1020,23,339.9
1,1.3,E18,57,1020,27,344.6
1,1.3,E18,57,1020,34,352.1
1,1.3,E18,57,1020,43,356.7
1,1.3,E18,57,1021,0,0
1,1.3,E18,57,1021,2,122.9
1,1.3,E18,57,1021,3,161.3
1,1.3,E18,57,1021,6,238
1,1.3,E18,57,1021,8,254.7
1,1.3,E18,57,1021,10,262.7
1,1.3,E18,57,1021,13,276.3
1,1.3,E18,57,1021,15,278.6
1,1.3,E18,57,1021,17,284.4
1,1.3,E18,57,1021,20,294.6
1,1.3,E18,57,1021,23,299.4
1,1.3,E18,57,1021,27,307.2
1,1.3,E18,57,1021,34,319.8
1,1.3,E18,57,1021,43,326.5
1,1.3,E18,57,1022,0,0
1,1.3,E18,57,1022,2,129.2
1,1.3,E18,57,1022,3,166.3
1,1.3,E18,57,1022,6,242.9
1,1.3,E18,57,1022,8,259.8
1,1.3,E18,57,1022,10,268
1,1.3,E18,57,1022,13,281.6
1,1.3,E18,57,1022,15,284.2
1,1.3,E18,57,1022,17,292.3
1,1.3,E18,57,1022,20,302.5
1,1.3,E18,57,1022,23,308.1
1,1.3,E18,57,1022,27,311.4
1,1.3,E18,57,1022,34,326.1
1,1.3,E18,57,1022,43,332.8
1,1.3,E18,57,1023,0,0
1,1.3,E18,57,1023,2,125.3
1,1.3,E18,57,1023,3,163.1
1,1.3,E18,57,1023,6,241.9
1,1.3,E18,57,1023,8,258.7
1,1.3,E18,57,1023,10,266.8
1,1.3,E18,57,1023,13,282.6
1,1.3,E18,57,1023,15,285.1
1,1.3,E18,57,1023,17,293.2
1,1.3,E18,57,1023,20,304.2
1,1.3,E18,57,1023,23,309.9
1,1.3,E18,57,1023,27,313.1
1,1.3,E18,57,1023,34,327.9
1,1.3,E18,57,1023,43,334.5
1,1.3,E18,57,1024,0,0
1,1.3,E18,57,1024,2,47.53
1,1.3,E18,57,1024,3,67.92
1,1.3,E18,57,1024,6,123.7
1,1.3,E18,57,1024,8,154.9
1,1.3,E18,57,1024,10,171.1
1,1.3,E18,57,1024,13,198
1,1.3,E18,57,1024,15,205.5
1,1.3,E18,57,1024,17,218.3
1,1.3,E18,57,1024,20,233
1,1.3,E18,57,1024,23,240.8
1,1.3,E18,57,1024,27,249.1
1,1.3,E18,57,1024,34,264.2
1,1.3,E18,57,1024,43,274.6
1,1.3,E18,57,1025,0,0
1,1.3,E18,57,1025,2,49.43
1,1.3,E18,57,1025,3,70.1
1,1.3,E18,57,1025,6,122.4
1,1.3,E18,57,1025,8,152.6
1,1.3,E18,57,1025,10,168.4
1,1.3,E18,57,1025,13,195.6
1,1.3,E18,57,1025,15,205.1
1,1.3,E18,57,1025,17,218.4
1,1.3,E18,57,1025,20,231.9
1,1.3,E18,57,1025,23,240.8
1,1.3,E18,57,1025,27,247.4
1,1.3,E18,57,1025,34,260.7
1,1.3,E18,57,1025,43,274.1
1,1.3,E18,57,1026,0,0
1,1.3,E18,57,1026,2,48.17
1,1.3,E18,57,1026,3,70.6
1,1.3,E18,57,1026,6,120.6
1,1.3,E18,57,1026,8,151.3
1,1.3,E18,57,1026,10,167.4
1,1.3,E18,57,1026,13,196.3
1,1.3,E18,57,1026,15,204.4
1,1.3,E18,57,1026,17,217.6
1,1.3,E18,57,1026,20,231.3
1,1.3,E18,57,1026,23,240.3
1,1.3,E18,57,1026,27,247
1,1.3,E18,57,1026,34,261
1,1.3,E18,57,1026,43,274.1
1,1.3,E18,57,1027,0,0
1,1.3,E18,57,1027,2,115
1,1.3,E18,57,1027,3,173.6
1,1.3,E18,57,1027,6,290.8
1,1.3,E18,57,1027,8,325.7
1,1.3,E18,57,1027,10,347.7
1,1.3,E18,57,1027,13,388.1
1,1.3,E18,57,1027,15,405.1
1,1.3,E18,57,1027,17,424.8
1,1.3,E18,57,1027,20,444.3
1,1.3,E18,57,1027,23,457.7
1,1.3,E18,57,1027,27,472.8
1,1.3,E18,57,1027,34,490.5
1,1.3,E18,57,1027,43,506.6
1,1.3,E18,57,1028,0,0
1,1.3,E18,57,1028,2,108.5
1,1.3,E18,57,1028,3,169.2
1,1.3,E18,57,1028,6,289.3
1,1.3,E18,57,1028,8,323.7
1,1.3,E18,57,1028,10,345.6
1,1.3,E18,57,1028,13,384
1,1.3,E18,57,1028,15,401.7
1,1.3,E18,57,1028,17,421.4
1,1.3,E18,57,1028,20,441.7
1,1.3,E18,57,1028,23,454.2
1,1.3,E18,57,1028,27,468.4
1,1.3,E18,57,1028,34,488
1,1.3,E18,57,1028,43,503.1
1,1.3,E18,57,1029,0,0
1,1.3,E18,57,1029,2,107.6
1,1.3,E18,57,1029,3,171.9
1,1.3,E18,57,1029,6,289.5
1,1.3,E18,57,1029,8,328.4
1,1.3,E18,57,1029,10,352.5
1,1.3,E18,57,1029,13,394.2
1,1.3,E18,57,1029,15,412.2
1,1.3,E18,57,1029,17,433.1
1,1.3,E18,57,1029,20,453.8
1,1.3,E18,57,1029,23,468.3
1,1.3,E18,57,1029,27,484.6
1,1.3,E18,57,1029,34,502.6
1,1.3,E18,57,1029,43,520
1,1.3,E19,47,625,0,0
1,1.3,E19,47,625,1,32.49
1,1.3,E19,47,625,2,88.55
1,1.3,E19,47,625,4,153.7
1,1.3,E19,47,625,5,172.6
1,1.3,E19,47,625,7,216.6
1,1.3,E19,47,625,9,246.2
1,1.3,E19,47,625,11,261.1
1,1.3,E19,47,625,15,278.5
1,1.3,E19,47,625,18,287
1,1.3,E19,47,625,23,294.5
1,1.3,E19,47,625,25,297.6
1,1.3,E19,47,625,30,303.9
1,1.3,E19,47,626,0,0
1,1.3,E19,47,626,1,39.26
1,1.3,E19,47,626,2,103.1
1,1.3,E19,47,626,4,188.9
1,1.3,E19,47,626,5,210.8
1,1.3,E19,47,626,7,257.8
1,1.3,E19,47,626,9,288.8
1,1.3,E19,47,626,11,305.1
1,1.3,E19,47,626,15,321.1
1,1.3,E19,47,626,18,329.2
1,1.3,E19,47,626,23,337.1
1,1.3,E19,47,626,25,340.7
1,1.3,E19,47,626,30,347.5
1,1.3,E19,47,627,0,0
1,1.3,E19,47,627,1,41.17
1,1.3,E19,47,627,2,105.9
1,1.3,E19,47,627,4,193.4
1,1.3,E19,47,627,5,215.2
1,1.3,E19,47,627,7,262.3
1,1.3,E19,47,627,9,292.9
1,1.3,E19,47,627,11,309.5
1,1.3,E19,47,627,15,325.2
1,1.3,E19,47,627,18,333.6
1,1.3,E19,47,627,23,341.5
1,1.3,E19,47,627,25,344.7
1,1.3,E19,47,627,30,351.3
1,1.3,E19,47,631,0,0
1,1.3,E19,47,631,1,0.1703
1,1.3,E19,47,631,2,10.11
1,1.3,E19,47,631,4,115.1
1,1.3,E19,47,631,5,147.5
1,1.3,E19,47,631,7,206.2
1,1.3,E19,47,631,9,250.3
1,1.3,E19,47,631,11,277.6
1,1.3,E19,47,631,15,294.3
1,1.3,E19,47,631,18,302.8
1,1.3,E19,47,631,23,307.6
1,1.3,E19,47,631,25,309.7
1,1.3,E19,47,631,30,313.8
1,1.3,E19,47,632,0,0
1,1.3,E19,47,632,1,0.3476
1,1.3,E19,47,632,2,6.419
1,1.3,E19,47,632,4,113.6
1,1.3,E19,47,632,5,155.7
1,1.3,E19,47,632,7,219.7
1,1.3,E19,47,632,9,271.5
1,1.3,E19,47,632,11,309.8
1,1.3,E19,47,632,15,329.6
1,1.3,E19,47,632,18,338.8
1,1.3,E19,47,632,23,343.6
1,1.3,E19,47,632,25,344.4
1,1.3,E19,47,632,30,348
1,1.3,E19,47,633,0,0
1,1.3,E19,47,633,1,0.2264
1,1.3,E19,47,633,2,6.236
1,1.3,E19,47,633,4,118.3
1,1.3,E19,47,633,5,162.5
1,1.3,E19,47,633,7,228.4
1,1.3,E19,47,633,9,275
1,1.3,E19,47,633,11,311.9
1,1.3,E19,47,633,15,328.6
1,1.3,E19,47,633,18,336.7
1,1.3,E19,47,633,23,341.7
1,1.3,E19,47,633,25,343.1
1,1.3,E19,47,633,30,347.1
1,1.3,E19,47,634,0,0
1,1.3,E19,47,634,1,18.04
1,1.3,E19,47,634,2,69.53
1,1.3,E19,47,634,4,197.2
1,1.3,E19,47,634,5,249.5
1,1.3,E19,47,634,7,341.9
1,1.3,E19,47,634,9,389.5
1,1.3,E19,47,634,11,415
1,1.3,E19,47,634,15,445.1
1,1.3,E19,47,634,18,462
1,1.3,E19,47,634,23,475.9
1,1.3,E19,47,634,25,480.2
1,1.3,E19,47,634,30,487.2
1,1.3,E19,47,635,0,0
1,1.3,E19,47,635,1,20.8
1,1.3,E19,47,635,2,76.67
1,1.3,E19,47,635,4,202.4
1,1.3,E19,47,635,5,255.7
1,1.3,E19,47,635,7,347.3
1,1.3,E19,47,635,9,394.5
1,1.3,E19,47,635,11,418.8
1,1.3,E19,47,635,15,447.4
1,1.3,E19,47,635,18,464.2
1,1.3,E19,47,635,23,477.6
1,1.3,E19,47,635,25,482.6
1,1.3,E19,47,635,30,490.5
1,1.3,E19,47,636,0,0
1,1.3,E19,47,636,1,25.81
1,1.3,E19,47,636,2,85.37
1,1.3,E19,47,636,4,225.4
1,1.3,E19,47,636,5,282.9
1,1.3,E19,47,636,7,382.5
1,1.3,E19,47,636,9,433.8
1,1.3,E19,47,636,11,461.9
1,1.3,E19,47,636,15,495
1,1.3,E19,47,636,18,514.6
1,1.3,E19,47,636,23,530.2
1,1.3,E19,47,636,25,537.3
1,1.3,E19,47,636,30,546.3
1,1.3,E19,47,637,0,0
1,1.3,E19,47,637,1,9.806
1,1.3,E19,47,637,2,17.65
1,1.3,E19,47,637,4,57.27
1,1.3,E19,47,637,5,74.22
1,1.3,E19,47,637,7,113.6
1,1.3,E19,47,637,9,149.2
1,1.3,E19,47,637,11,175.9
1,1.3,E19,47,637,15,211.6
1,1.3,E19,47,637,18,231.3
1,1.3,E19,47,637,23,250
1,1.3,E19,47,637,25,260.8
1,1.3,E19,47,637,30,275.9
1,1.3,E19,47,638,0,0
1,1.3,E19,47,638,1,7.227
1,1.3,E19,47,638,2,16.22
1,1.3,E19,47,638,4,55.17
1,1.3,E19,47,638,5,73.07
1,1.3,E19,47,638,7,115.4
1,1.3,E19,47,638,9,155.9
1,1.3,E19,47,638,11,184.2
1,1.3,E19,47,638,15,221.6
1,1.3,E19,47,638,18,242.2
1,1.3,E19,47,638,23,263.3
1,1.3,E19,47,638,25,276
1,1.3,E19,47,638,30,291.6
1,1.3,E19,47,639,0,0
1,1.3,E19,47,639,1,5.112
1,1.3,E19,47,639,2,14.99
1,1.3,E19,47,639,4,53.5
1,1.3,E19,47,639,5,72.22
1,1.3,E19,47,639,7,113.2
1,1.3,E19,47,639,9,153.1
1,1.3,E19,47,639,11,179.2
1,1.3,E19,47,639,15,215.9
1,1.3,E19,47,639,18,237
1,1.3,E19,47,639,23,258.1
1,1.3,E19,47,639,25,272.1
1,1.3,E19,47,639,30,289
1,1.3,E20,102,259,0,0
1,1.3,E20,102,259,1,19.7
1,1.3,E20,102,259,2,52.12
1,1.3,E20,102,259,3,82.25
1,1.3,E20,102,259,4,123.8
1,1.3,E20,102,259,5,152.4
1,1.3,E20,102,259,6,174.7
1,1.3,E20,102,259,7,195.1
1,1.3,E20,102,259,8,220.9
1,1.3,E20,102,259,9,239.6
1,1.3,E20,102,259,10,250
1,1.3,E20,102,259,11,259.1
1,1.3,E20,102,259,12,268.4
1,1.3,E20,102,259,13,274.8
1,1.3,E20,102,259,14,279.9
1,1.3,E20,102,259,15,285
1,1.3,E20,102,259,16,289
1,1.3,E20,102,259,17,291.7
1,1.3,E20,102,259,18,294.5
1,1.3,E20,102,259,19,297
1,1.3,E20,102,259,20,299.6
1,1.3,E20,102,259,21,302.2
1,1.3,E20,102,259,22,304.8
1,1.3,E20,102,259,23,307.4
1,1.3,E20,102,259,24,309.9
1,1.3,E20,102,259,25,311.2
1,1.3,E20,102,259,26,312.5
1,1.3,E20,102,259,27,313.5
1,1.3,E20,102,260,0,0
1,1.3,E20,102,260,1,16.03
1,1.3,E20,102,260,2,42.4
1,1.3,E20,102,260,3,74.74
1,1.3,E20,102,260,4,114
1,1.3,E20,102,260,5,142.7
1,1.3,E20,102,260,6,165
1,1.3,E20,102,260,7,184.6
1,1.3,E20,102,260,8,213.4
1,1.3,E20,102,260,9,231.9
1,1.3,E20,102,260,10,240.9
1,1.3,E20,102,260,11,248.6
1,1.3,E20,102,260,12,256.2
1,1.3,E20,102,260,13,262.5
1,1.3,E20,102,260,14,266.3
1,1.3,E20,102,260,15,270.6
1,1.3,E20,102,260,16,274.6
1,1.3,E20,102,260,17,277.9
1,1.3,E20,102,260,18,279.9
1,1.3,E20,102,260,19,283
1,1.3,E20,102,260,20,285.6
1,1.3,E20,102,260,21,288.2
1,1.3,E20,102,260,22,290.7
1,1.3,E20,102,260,23,292
1,1.3,E20,102,260,24,292.7
1,1.3,E20,102,260,25,293.4
1,1.3,E20,102,260,26,294.6
1,1.3,E20,102,260,27,295.9
1,1.3,E20,102,261,0,0
1,1.3,E20,102,261,1,18.51
1,1.3,E20,102,261,2,49
1,1.3,E20,102,261,3,79.72
1,1.3,E20,102,261,4,119.9
1,1.3,E20,102,261,5,148.6
1,1.3,E20,102,261,6,169.7
1,1.3,E20,102,261,7,189.3
1,1.3,E20,102,261,8,214.9
1,1.3,E20,102,261,9,233.6
1,1.3,E20,102,261,10,245.5
1,1.3,E20,102,261,11,254.6
1,1.3,E20,102,261,12,263.8
1,1.3,E20,102,261,13,270.2
1,1.3,E20,102,261,14,275.2
1,1.3,E20,102,261,15,280.2
1,1.3,E20,102,261,16,283.5
1,1.3,E20,102,261,17,286.8
1,1.3,E20,102,261,18,289.4
1,1.3,E20,102,261,19,291.9
1,1.3,E20,102,261,20,294.5
1,1.3,E20,102,261,21,297.1
1,1.3,E20,102,261,22,300.3
1,1.3,E20,102,261,23,302.8
1,1.3,E20,102,261,24,305.3
1,1.3,E20,102,261,25,306.6
1,1.3,E20,102,261,26,307.9
1,1.3,E20,102,261,27,309.1
1,1.3,E20,102,262,0,0
1,1.3,E20,102,262,1,-0.766
1,1.3,E20,102,262,2,-0.791
1,1.3,E20,102,262,3,1.414
1,1.3,E20,102,262,4,26.74
1,1.3,E20,102,262,5,61.75
1,1.3,E20,102,262,6,88.42
1,1.3,E20,102,262,7,116.5
1,1.3,E20,102,262,8,151.5
1,1.3,E20,102,262,9,176.7
1,1.3,E20,102,262,10,198.3
1,1.3,E20,102,262,11,217.1
1,1.3,E20,102,262,12,238.6
1,1.3,E20,102,262,13,261.3
1,1.3,E20,102,262,14,275.6
1,1.3,E20,102,262,15,282.6
1,1.3,E20,102,262,16,286.8
1,1.3,E20,102,262,17,289.6
1,1.3,E20,102,262,18,292.4
1,1.3,E20,102,262,19,295.8
1,1.3,E20,102,262,20,298.6
1,1.3,E20,102,262,21,300
1,1.3,E20,102,262,22,301.3
1,1.3,E20,102,262,23,302.7
1,1.3,E20,102,262,24,304
1,1.3,E20,102,262,25,305.4
1,1.3,E20,102,263,0,0
1,1.3,E20,102,263,1,-0.6289
1,1.3,E20,102,263,2,-0.6587
1,1.3,E20,102,263,3,1.465
1,1.3,E20,102,263,4,27.44
1,1.3,E20,102,263,5,60.15
1,1.3,E20,102,263,6,85.06
1,1.3,E20,102,263,7,109.7
1,1.3,E20,102,263,8,143.3
1,1.3,E20,102,263,9,170.7
1,1.3,E20,102,263,10,193.3
1,1.3,E20,102,263,11,213.5
1,1.3,E20,102,263,12,234.9
1,1.3,E20,102,263,13,257.4
1,1.3,E20,102,263,14,281.4
1,1.3,E20,102,263,15,295.8
1,1.3,E20,102,263,16,301.5
1,1.3,E20,102,263,17,305.8
1,1.3,E20,102,263,18,308.6
1,1.3,E20,102,263,19,311.4
1,1.3,E20,102,263,20,314.2
1,1.3,E20,102,263,21,317
1,1.3,E20,102,263,22,319.5
1,1.3,E20,102,263,23,320.8
1,1.3,E20,102,263,24,322.2
1,1.3,E20,102,263,25,323.6
1,1.3,E20,102,264,0,0
1,1.3,E20,102,264,1,-0.4196
1,1.3,E20,102,264,2,-0.1639
1,1.3,E20,102,264,3,2.182
1,1.3,E20,102,264,4,25.05
1,1.3,E20,102,264,5,62.22
1,1.3,E20,102,264,6,87.32
1,1.3,E20,102,264,7,113.8
1,1.3,E20,102,264,8,150.7
1,1.3,E20,102,264,9,179.1
1,1.3,E20,102,264,10,205.1
1,1.3,E20,102,264,11,226.3
1,1.3,E20,102,264,12,245.7
1,1.3,E20,102,264,13,266.3
1,1.3,E20,102,264,14,288.5
1,1.3,E20,102,264,15,304
1,1.3,E20,102,264,16,311
1,1.3,E20,102,264,17,314.6
1,1.3,E20,102,264,18,317.4
1,1.3,E20,102,264,19,321.6
1,1.3,E20,102,264,20,324.5
1,1.3,E20,102,264,21,327.2
1,1.3,E20,102,264,22,329.9
1,1.3,E20,102,264,23,331.2
1,1.3,E20,102,264,24,332.5
1,1.3,E20,102,264,25,333.8
1,1.3,E20,102,268,0,0
1,1.3,E20,102,268,1,12.47
1,1.3,E20,102,268,2,47.98
1,1.3,E20,102,268,3,88.04
1,1.3,E20,102,268,4,132.1
1,1.3,E20,102,268,5,187.8
1,1.3,E20,102,268,6,235.4
1,1.3,E20,102,268,7,273
1,1.3,E20,102,268,8,309.2
1,1.3,E20,102,268,9,328.5
1,1.3,E20,102,268,10,351
1,1.3,E20,102,268,11,367.3
1,1.3,E20,102,268,12,383.4
1,1.3,E20,102,268,13,394.7
1,1.3,E20,102,268,14,403.1
1,1.3,E20,102,268,15,410.3
1,1.3,E20,102,268,16,416.8
1,1.3,E20,102,268,17,422.7
1,1.3,E20,102,268,18,428.6
1,1.3,E20,102,268,19,434.3
1,1.3,E20,102,268,20,438.6
1,1.3,E20,102,268,21,442.1
1,1.3,E20,102,268,22,446.3
1,1.3,E20,102,268,23,449.1
1,1.3,E20,102,268,24,451.9
1,1.3,E20,102,268,25,454.7
1,1.3,E20,102,269,0,0
1,1.3,E20,102,269,1,12.18
1,1.3,E20,102,269,2,47.33
1,1.3,E20,102,269,3,87.42
1,1.3,E20,102,269,4,135.8
1,1.3,E20,102,269,5,191.5
1,1.3,E20,102,269,6,239.1
1,1.3,E20,102,269,7,276.8
1,1.3,E20,102,269,8,312.9
1,1.3,E20,102,269,9,330.8
1,1.3,E20,102,269,10,351.7
1,1.3,E20,102,269,11,369.5
1,1.3,E20,102,269,12,384.1
1,1.3,E20,102,269,13,392.6
1,1.3,E20,102,269,14,400.3
1,1.3,E20,102,269,15,407.3
1,1.3,E20,102,269,16,412.9
1,1.3,E20,102,269,17,418.7
1,1.3,E20,102,269,18,423.1
1,1.3,E20,102,269,19,428.9
1,1.3,E20,102,269,20,433
1,1.3,E20,102,269,21,436.5
1,1.3,E20,102,269,22,440.7
1,1.3,E20,102,269,23,443.2
1,1.3,E20,102,269,24,445.7
1,1.3,E20,102,269,25,448.2
1,1.3,E20,102,270,0,0
1,1.3,E20,102,270,1,12.57
1,1.3,E20,102,270,2,47.67
1,1.3,E20,102,270,3,86.74
1,1.3,E20,102,270,4,134.9
1,1.3,E20,102,270,5,190.4
1,1.3,E20,102,270,6,238
1,1.3,E20,102,270,7,277.2
1,1.3,E20,102,270,8,313.3
1,1.3,E20,102,270,9,331.3
1,1.3,E20,102,270,10,350.7
1,1.3,E20,102,270,11,370.2
1,1.3,E20,102,270,12,387.9
1,1.3,E20,102,270,13,397.8
1,1.3,E20,102,270,14,406.2
1,1.3,E20,102,270,15,411.7
1,1.3,E20,102,270,16,416.6
1,1.3,E20,102,270,17,421
1,1.3,E20,102,270,18,424.6
1,1.3,E20,102,270,19,428.9
1,1.3,E20,102,270,20,433.1
1,1.3,E20,102,270,21,436.6
1,1.3,E20,102,270,22,440.1
1,1.3,E20,102,270,23,442.2
1,1.3,E20,102,270,24,444.3
1,1.3,E20,102,270,25,446.4
1,1.3,E20,102,271,0,0
1,1.3,E20,102,271,1,6.311
1,1.3,E20,102,271,2,15.42
1,1.3,E20,102,271,3,25.31
1,1.3,E20,102,271,4,44.99
1,1.3,E20,102,271,5,67.52
1,1.3,E20,102,271,6,85.53
1,1.3,E20,102,271,7,102
1,1.3,E20,102,271,8,122.2
1,1.3,E20,102,271,9,134.4
1,1.3,E20,102,271,10,148.9
1,1.3,E20,102,271,11,161.1
1,1.3,E20,102,271,12,171.9
1,1.3,E20,102,271,13,180.4
1,1.3,E20,102,271,14,187.8
1,1.3,E20,102,271,15,194.1
1,1.3,E20,102,271,16,200.4
1,1.3,E20,102,271,17,206.7
1,1.3,E20,102,271,18,211.5
1,1.3,E20,102,271,19,215.8
1,1.3,E20,102,271,20,218.6
1,1.3,E20,102,271,21,221.9
1,1.3,E20,102,271,22,225.2
1,1.3,E20,102,271,23,228.6
1,1.3,E20,102,271,24,232
1,1.3,E20,102,271,25,235.4
1,1.3,E20,102,271,26,237.6
1,1.3,E20,102,271,27,239.8
1,1.3,E20,102,271,28,242
1,1.3,E20,102,271,29,244
1,1.3,E20,102,271,30,246.1
1,1.3,E20,102,271,31,247.7
1,1.3,E20,102,271,32,249.4
1,1.3,E20,102,271,33,251.1
1,1.3,E20,102,271,34,252.7
1,1.3,E20,102,271,35,254.1
1,1.3,E20,102,272,0,0
1,1.3,E20,102,272,1,6.596
1,1.3,E20,102,272,2,16.1
1,1.3,E20,102,272,3,25.93
1,1.3,E20,102,272,4,45.5
1,1.3,E20,102,272,5,67.87
1,1.3,E20,102,272,6,85.69
1,1.3,E20,102,272,7,103.2
1,1.3,E20,102,272,8,123.3
1,1.3,E20,102,272,9,136.6
1,1.3,E20,102,272,10,148.7
1,1.3,E20,102,272,11,163.2
1,1.3,E20,102,272,12,174
1,1.3,E20,102,272,13,182.5
1,1.3,E20,102,272,14,191.1
1,1.3,E20,102,272,15,197.5
1,1.3,E20,102,272,16,203.5
1,1.3,E20,102,272,17,209.2
1,1.3,E20,102,272,18,213.7
1,1.3,E20,102,272,19,218.1
1,1.3,E20,102,272,20,222.5
1,1.3,E20,102,272,21,225.9
1,1.3,E20,102,272,22,229.3
1,1.3,E20,102,272,23,232.6
1,1.3,E20,102,272,24,236
1,1.3,E20,102,272,25,238.7
1,1.3,E20,102,272,26,241.5
1,1.3,E20,102,272,27,243.2
1,1.3,E20,102,272,28,244.8
1,1.3,E20,102,272,29,246.5
1,1.3,E20,102,272,30,248.2
1,1.3,E20,102,272,31,249.9
1,1.3,E20,102,272,32,251.7
1,1.3,E20,102,272,33,253.4
1,1.3,E20,102,272,34,255.1
1,1.3,E20,102,272,35,256.9
1,1.3,E20,102,273,0,0
1,1.3,E20,102,273,1,7.096
1,1.3,E20,102,273,2,17.08
1,1.3,E20,102,273,3,27.45
1,1.3,E20,102,273,4,46.16
1,1.3,E20,102,273,5,68.67
1,1.3,E20,102,273,6,85.55
1,1.3,E20,102,273,7,102
1,1.3,E20,102,273,8,122.2
1,1.3,E20,102,273,9,134.5
1,1.3,E20,102,273,10,148.5
1,1.3,E20,102,273,11,162.5
1,1.3,E20,102,273,12,172.8
1,1.3,E20,102,273,13,181.7
1,1.3,E20,102,273,14,190.3
1,1.3,E20,102,273,15,196.7
1,1.3,E20,102,273,16,202.7
1,1.3,E20,102,273,17,207.3
1,1.3,E20,102,273,18,211.9
1,1.3,E20,102,273,19,216.4
1,1.3,E20,102,273,20,220.8
1,1.3,E20,102,273,21,224.1
1,1.3,E20,102,273,22,227.4
1,1.3,E20,102,273,23,230.7
1,1.3,E20,102,273,24,234.1
1,1.3,E20,102,273,25,236.9
1,1.3,E20,102,273,26,239.6
1,1.3,E20,102,273,27,241.3
1,1.3,E20,102,273,28,242.9
1,1.3,E20,102,273,29,244.6
1,1.3,E20,102,273,30,246.3
1,1.3,E20,102,273,31,248
1,1.3,E20,102,273,32,249.7
1,1.3,E20,102,273,33,251.4
1,1.3,E20,102,273,34,253.1
1,1.3,E20,102,273,35,254.8
1,1.3,E21,45,316,0,0
1,1.3,E21,45,316,1,56.68
1,1.3,E21,45,316,2,103.5
1,1.3,E21,45,316,3,125.5
1,1.3,E21,45,316,4,156.3
1,1.3,E21,45,316,5,180.9
1,1.3,E21,45,316,6,206
1,1.3,E21,45,316,7,224.6
1,1.3,E21,45,316,8,237.4
1,1.3,E21,45,316,9,244.3
1,1.3,E21,45,316,10,253.3
1,1.3,E21,45,316,11,260
1,1.3,E21,45,316,12,264.8
1,1.3,E21,45,316,13,273.3
1,1.3,E21,45,316,14,277.9
1,1.3,E21,45,316,15,285.9
1,1.3,E21,45,316,16,296.1
1,1.3,E21,45,316,17,299.9
1,1.3,E21,45,316,18,305.7
1,1.3,E21,45,316,19,312.5
1,1.3,E21,45,316,20,314.1
1,1.3,E21,45,316,21,316.5
1,1.3,E21,45,316,22,319.5
1,1.3,E21,45,316,23,327
1,1.3,E21,45,316,24,324.7
1,1.3,E21,45,316,25,325
1,1.3,E21,45,316,26,326.9
1,1.3,E21,45,316,27,327.5
1,1.3,E21,45,316,28,321
1,1.3,E21,45,316,29,322.4
1,1.3,E21,45,316,30,325.4
1,1.3,E21,45,316,31,328.4
1,1.3,E21,45,316,32,330
1,1.3,E21,45,316,33,332.4
1,1.3,E21,45,316,34,331.1
1,1.3,E21,45,316,35,332.2
1,1.3,E21,45,316,36,331.4
1,1.3,E21,45,316,37,330.5
1,1.3,E21,45,316,38,329.7
1,1.3,E21,45,316,39,334.1
1,1.3,E21,45,316,40,334.4
1,1.3,E21,45,316,41,334.7
1,1.3,E21,45,316,42,335.2
1,1.3,E21,45,317,0,0
1,1.3,E21,45,317,1,56.06
1,1.3,E21,45,317,2,97.24
1,1.3,E21,45,317,3,121.9
1,1.3,E21,45,317,4,149
1,1.3,E21,45,317,5,172.5
1,1.3,E21,45,317,6,197.5
1,1.3,E21,45,317,7,219.6
1,1.3,E21,45,317,8,231.4
1,1.3,E21,45,317,9,238.9
1,1.3,E21,45,317,10,245.7
1,1.3,E21,45,317,11,253.1
1,1.3,E21,45,317,12,255.4
1,1.3,E21,45,317,13,261.7
1,1.3,E21,45,317,14,271.8
1,1.3,E21,45,317,15,278.7
1,1.3,E21,45,317,16,294.5
1,1.3,E21,45,317,17,297.5
1,1.3,E21,45,317,18,302.8
1,1.3,E21,45,317,19,309.1
1,1.3,E21,45,317,20,311
1,1.3,E21,45,317,21,313.5
1,1.3,E21,45,317,22,317.9
1,1.3,E21,45,317,23,324.8
1,1.3,E21,45,317,24,322.2
1,1.3,E21,45,317,25,321.3
1,1.3,E21,45,317,26,325.6
1,1.3,E21,45,317,27,325.5
1,1.3,E21,45,317,28,319.9
1,1.3,E21,45,317,29,322.4
1,1.3,E21,45,317,30,313.2
1,1.3,E21,45,317,31,326.2
1,1.3,E21,45,317,32,328.7
1,1.3,E21,45,317,33,326.3
1,1.3,E21,45,317,34,329.2
1,1.3,E21,45,317,35,328.3
1,1.3,E21,45,317,36,327.3
1,1.3,E21,45,317,37,329.5
1,1.3,E21,45,317,38,327.3
1,1.3,E21,45,317,39,328.7
1,1.3,E21,45,317,40,328.9
1,1.3,E21,45,317,41,329.3
1,1.3,E21,45,317,42,329.4
1,1.3,E21,45,318,0,0
1,1.3,E21,45,318,1,59.34
1,1.3,E21,45,318,2,104.3
1,1.3,E21,45,318,3,127.1
1,1.3,E21,45,318,4,158.5
1,1.3,E21,45,318,5,179.7
1,1.3,E21,45,318,6,209.8
1,1.3,E21,45,318,7,230.8
1,1.3,E21,45,318,8,237.5
1,1.3,E21,45,318,9,246.3
1,1.3,E21,45,318,10,253
1,1.3,E21,45,318,11,260.7
1,1.3,E21,45,318,12,264.1
1,1.3,E21,45,318,13,268.7
1,1.3,E21,45,318,14,276.5
1,1.3,E21,45,318,15,285.5
1,1.3,E21,45,318,16,293.5
1,1.3,E21,45,318,17,300
1,1.3,E21,45,318,18,306.5
1,1.3,E21,45,318,19,311.5
1,1.3,E21,45,318,20,311.8
1,1.3,E21,45,318,21,314.7
1,1.3,E21,45,318,22,318.7
1,1.3,E21,45,318,23,325.1
1,1.3,E21,45,318,24,323.4
1,1.3,E21,45,318,25,323.8
1,1.3,E21,45,318,26,325.5
1,1.3,E21,45,318,27,327.2
1,1.3,E21,45,318,28,319.7
1,1.3,E21,45,318,29,320.5
1,1.3,E21,45,318,30,324.4
1,1.3,E21,45,318,31,327.8
1,1.3,E21,45,318,32,329.5
1,1.3,E21,45,318,33,327.4
1,1.3,E21,45,318,34,330.8
1,1.3,E21,45,318,35,328.9
1,1.3,E21,45,318,36,327.2
1,1.3,E21,45,318,37,330.3
1,1.3,E21,45,318,38,329.5
1,1.3,E21,45,318,39,332.3
1,1.3,E21,45,318,40,332.6
1,1.3,E21,45,318,41,332.9
1,1.3,E21,45,318,42,333.6
1,1.3,E21,45,322,0,0
1,1.3,E21,45,322,1,9.49
1,1.3,E21,45,322,2,60.58
1,1.3,E21,45,322,3,96.08
1,1.3,E21,45,322,4,124.4
1,1.3,E21,45,322,5,144.4
1,1.3,E21,45,322,6,162.3
1,1.3,E21,45,322,7,175.3
1,1.3,E21,45,322,8,187.3
1,1.3,E21,45,322,9,194.9
1,1.3,E21,45,322,10,201
1,1.3,E21,45,322,11,211.1
1,1.3,E21,45,322,12,216.6
1,1.3,E21,45,322,13,225.2
1,1.3,E21,45,322,14,235.8
1,1.3,E21,45,322,15,234.8
1,1.3,E21,45,322,16,247
1,1.3,E21,45,322,17,254.9
1,1.3,E21,45,322,18,259
1,1.3,E21,45,322,19,265.1
1,1.3,E21,45,322,20,266.7
1,1.3,E21,45,322,21,271.2
1,1.3,E21,45,322,22,275.8
1,1.3,E21,45,322,23,280.3
1,1.3,E21,45,322,24,279.1
1,1.3,E21,45,322,25,286.6
1,1.3,E21,45,322,26,290.2
1,1.3,E21,45,322,27,292.1
1,1.3,E21,45,322,28,299
1,1.3,E21,45,322,29,300.4
1,1.3,E21,45,322,30,309
1,1.3,E21,45,322,31,314.7
1,1.3,E21,45,322,32,319.1
1,1.3,E21,45,322,33,323.9
1,1.3,E21,45,322,34,327.1
1,1.3,E21,45,322,35,325.4
1,1.3,E21,45,322,36,324.6
1,1.3,E21,45,322,37,326.4
1,1.3,E21,45,322,38,330.4
1,1.3,E21,45,322,39,329.2
1,1.3,E21,45,322,40,329
1,1.3,E21,45,322,41,329.1
1,1.3,E21,45,322,42,329.8
1,1.3,E21,45,323,0,0
1,1.3,E21,45,323,1,9.985
1,1.3,E21,45,323,2,60.96
1,1.3,E21,45,323,3,98.77
1,1.3,E21,45,323,4,126.9
1,1.3,E21,45,323,5,149.3
1,1.3,E21,45,323,6,166.7
1,1.3,E21,45,323,7,178.9
1,1.3,E21,45,323,8,196.5
1,1.3,E21,45,323,9,207.3
1,1.3,E21,45,323,10,210.8
1,1.3,E21,45,323,11,217.4
1,1.3,E21,45,323,12,227.4
1,1.3,E21,45,323,13,238.2
1,1.3,E21,45,323,14,244.2
1,1.3,E21,45,323,15,244.2
1,1.3,E21,45,323,16,254.7
1,1.3,E21,45,323,17,259.5
1,1.3,E21,45,323,18,264.5
1,1.3,E21,45,323,19,270.8
1,1.3,E21,45,323,20,274.5
1,1.3,E21,45,323,21,279.4
1,1.3,E21,45,323,22,283.6
1,1.3,E21,45,323,23,288.3
1,1.3,E21,45,323,24,289.3
1,1.3,E21,45,323,25,296
1,1.3,E21,45,323,26,298.1
1,1.3,E21,45,323,27,308.2
1,1.3,E21,45,323,28,308.5
1,1.3,E21,45,323,29,310.4
1,1.3,E21,45,323,30,316.8
1,1.3,E21,45,323,31,324.6
1,1.3,E21,45,323,32,332.6
1,1.3,E21,45,323,33,330.4
1,1.3,E21,45,323,34,336.7
1,1.3,E21,45,323,35,333.8
1,1.3,E21,45,323,36,335.1
1,1.3,E21,45,323,37,335.7
1,1.3,E21,45,323,38,336.8
1,1.3,E21,45,323,39,334.8
1,1.3,E21,45,323,40,334.8
1,1.3,E21,45,323,41,334.9
1,1.3,E21,45,323,42,335.5
1,1.3,E21,45,324,0,0
1,1.3,E21,45,324,1,8.095
1,1.3,E21,45,324,2,59.01
1,1.3,E21,45,324,3,93.49
1,1.3,E21,45,324,4,120.6
1,1.3,E21,45,324,5,142.7
1,1.3,E21,45,324,6,160
1,1.3,E21,45,324,7,175.1
1,1.3,E21,45,324,8,186.4
1,1.3,E21,45,324,9,192.9
1,1.3,E21,45,324,10,200.3
1,1.3,E21,45,324,11,207.3
1,1.3,E21,45,324,12,215
1,1.3,E21,45,324,13,220
1,1.3,E21,45,324,14,223.6
1,1.3,E21,45,324,15,227.7
1,1.3,E21,45,324,16,244.3
1,1.3,E21,45,324,17,241.4
1,1.3,E21,45,324,18,247
1,1.3,E21,45,324,19,253.2
1,1.3,E21,45,324,20,258.1
1,1.3,E21,45,324,21,261.7
1,1.3,E21,45,324,22,265.6
1,1.3,E21,45,324,23,271
1,1.3,E21,45,324,24,272.5
1,1.3,E21,45,324,25,276.6
1,1.3,E21,45,324,26,281.1
1,1.3,E21,45,324,27,289.2
1,1.3,E21,45,324,28,291.7
1,1.3,E21,45,324,29,292.6
1,1.3,E21,45,324,30,297.6
1,1.3,E21,45,324,31,303.4
1,1.3,E21,45,324,32,311.6
1,1.3,E21,45,324,33,309.9
1,1.3,E21,45,324,34,316.9
1,1.3,E21,45,324,35,319.9
1,1.3,E21,45,324,36,320.7
1,1.3,E21,45,324,37,327.1
1,1.3,E21,45,324,38,330.4
1,1.3,E21,45,324,39,329.2
1,1.3,E21,45,324,40,329.6
1,1.3,E21,45,324,41,329.7
1,1.3,E21,45,324,42,330.3
1,1.3,E21,45,325,0,0
1,1.3,E21,45,325,1,37.82
1,1.3,E21,45,325,2,71.66
1,1.3,E21,45,325,3,96.36
1,1.3,E21,45,325,4,124.5
1,1.3,E21,45,325,5,149.5
1,1.3,E21,45,325,6,181.1
1,1.3,E21,45,325,7,216.6
1,1.3,E21,45,325,8,249.1
1,1.3,E21,45,325,9,271.1
1,1.3,E21,45,325,10,295
1,1.3,E21,45,325,11,313.9
1,1.3,E21,45,325,12,327.5
1,1.3,E21,45,325,13,340
1,1.3,E21,45,325,14,350.4
1,1.3,E21,45,325,15,365.5
1,1.3,E21,45,325,16,376.8
1,1.3,E21,45,325,17,378.5
1,1.3,E21,45,325,18,390.1
1,1.3,E21,45,325,19,401.1
1,1.3,E21,45,325,20,406.4
1,1.3,E21,45,325,21,411.7
1,1.3,E21,45,325,22,417.1
1,1.3,E21,45,325,23,423.2
1,1.3,E21,45,325,24,430
1,1.3,E21,45,325,25,431.1
1,1.3,E21,45,325,26,439.3
1,1.3,E21,45,325,27,443.3
1,1.3,E21,45,325,28,446.4
1,1.3,E21,45,325,29,449.8
1,1.3,E21,45,325,30,449.9
1,1.3,E21,45,325,31,455.7
1,1.3,E21,45,325,32,461.2
1,1.3,E21,45,325,33,460.6
1,1.3,E21,45,325,34,469.5
1,1.3,E21,45,325,35,470.7
1,1.3,E21,45,325,36,471
1,1.3,E21,45,325,37,471.7
1,1.3,E21,45,325,38,476.1
1,1.3,E21,45,325,39,477.9
1,1.3,E21,45,325,40,480.5
1,1.3,E21,45,325,41,481.2
1,1.3,E21,45,325,42,481.8
1,1.3,E21,45,326,0,0
1,1.3,E21,45,326,1,38.98
1,1.3,E21,45,326,2,77.31
1,1.3,E21,45,326,3,102.8
1,1.3,E21,45,326,4,132.8
1,1.3,E21,45,326,5,158.8
1,1.3,E21,45,326,6,189.8
1,1.3,E21,45,326,7,226.5
1,1.3,E21,45,326,8,258.2
1,1.3,E21,45,326,9,279.2
1,1.3,E21,45,326,10,302.5
1,1.3,E21,45,326,11,322.8
1,1.3,E21,45,326,12,333
1,1.3,E21,45,326,13,350.9
1,1.3,E21,45,326,14,362
1,1.3,E21,45,326,15,376.8
1,1.3,E21,45,326,16,388.1
1,1.3,E21,45,326,17,382.4
1,1.3,E21,45,326,18,401.4
1,1.3,E21,45,326,19,408.3
1,1.3,E21,45,326,20,412.9
1,1.3,E21,45,326,21,418.5
1,1.3,E21,45,326,22,423.7
1,1.3,E21,45,326,23,431
1,1.3,E21,45,326,24,435.9
1,1.3,E21,45,326,25,441.4
1,1.3,E21,45,326,26,445.7
1,1.3,E21,45,326,27,448.8
1,1.3,E21,45,326,28,451.3
1,1.3,E21,45,326,29,456
1,1.3,E21,45,326,30,459.2
1,1.3,E21,45,326,31,459.3
1,1.3,E21,45,326,32,466.1
1,1.3,E21,45,326,33,469
1,1.3,E21,45,326,34,473.2
1,1.3,E21,45,326,35,475.7
1,1.3,E21,45,326,36,476.4
1,1.3,E21,45,326,37,476.6
1,1.3,E21,45,326,38,479.8
1,1.3,E21,45,326,39,479.4
1,1.3,E21,45,326,40,482.4
1,1.3,E21,45,326,41,484.4
1,1.3,E21,45,326,42,484.3
1,1.3,E21,45,327,0,0
1,1.3,E21,45,327,1,37.16
1,1.3,E21,45,327,2,77.38
1,1.3,E21,45,327,3,104.3
1,1.3,E21,45,327,4,134.5
1,1.3,E21,45,327,5,162.2
1,1.3,E21,45,327,6,193.6
1,1.3,E21,45,327,7,231.2
1,1.3,E21,45,327,8,262.1
1,1.3,E21,45,327,9,284.3
1,1.3,E21,45,327,10,306.3
1,1.3,E21,45,327,11,328.4
1,1.3,E21,45,327,12,337.6
1,1.3,E21,45,327,13,355.4
1,1.3,E21,45,327,14,361
1,1.3,E21,45,327,15,376.6
1,1.3,E21,45,327,16,386.8
1,1.3,E21,45,327,17,385.3
1,1.3,E21,45,327,18,398.1
1,1.3,E21,45,327,19,405.8
1,1.3,E21,45,327,20,411.1
1,1.3,E21,45,327,21,415.2
1,1.3,E21,45,327,22,420.3
1,1.3,E21,45,327,23,428.3
1,1.3,E21,45,327,24,434.6
1,1.3,E21,45,327,25,436.7
1,1.3,E21,45,327,26,444
1,1.3,E21,45,327,27,445.5
1,1.3,E21,45,327,28,447.6
1,1.3,E21,45,327,29,451.9
1,1.3,E21,45,327,30,454
1,1.3,E21,45,327,31,457.9
1,1.3,E21,45,327,32,461.8
1,1.3,E21,45,327,33,462
1,1.3,E21,45,327,34,469.1
1,1.3,E21,45,327,35,471.2
1,1.3,E21,45,327,36,472.6
1,1.3,E21,45,327,37,472.4
1,1.3,E21,45,327,38,475.1
1,1.3,E21,45,327,39,475.1
1,1.3,E21,45,327,40,477.2
1,1.3,E21,45,327,41,477.9
1,1.3,E21,45,327,42,477.9
1,1.3,E21,45,328,0,0
1,1.3,E21,45,328,1,27.34
1,1.3,E21,45,328,2,53.45
1,1.3,E21,45,328,3,64.16
1,1.3,E21,45,328,4,78.16
1,1.3,E21,45,328,5,83.58
1,1.3,E21,45,328,6,92.2
1,1.3,E21,45,328,7,103.7
1,1.3,E21,45,328,8,112.2
1,1.3,E21,45,328,9,118
1,1.3,E21,45,328,10,128.3
1,1.3,E21,45,328,11,133.2
1,1.3,E21,45,328,12,138.1
1,1.3,E21,45,328,13,143.1
1,1.3,E21,45,328,14,149.2
1,1.3,E21,45,328,15,154.2
1,1.3,E21,45,328,16,159.9
1,1.3,E21,45,328,17,164.1
1,1.3,E21,45,328,18,168.3
1,1.3,E21,45,328,19,175.1
1,1.3,E21,45,328,20,176.6
1,1.3,E21,45,328,21,177.8
1,1.3,E21,45,328,22,181.3
1,1.3,E21,45,328,23,188.2
1,1.3,E21,45,328,24,190.9
1,1.3,E21,45,328,25,194.6
1,1.3,E21,45,328,26,196.8
1,1.3,E21,45,328,27,198.5
1,1.3,E21,45,328,28,197.9
1,1.3,E21,45,328,29,202
1,1.3,E21,45,328,30,205.1
1,1.3,E21,45,328,31,208
1,1.3,E21,45,328,32,210.2
1,1.3,E21,45,328,33,213
1,1.3,E21,45,328,34,213.7
1,1.3,E21,45,328,35,214.9
1,1.3,E21,45,328,36,215.9
1,1.3,E21,45,328,37,220.7
1,1.3,E21,45,328,38,220.8
1,1.3,E21,45,328,39,222
1,1.3,E21,45,328,40,224
1,1.3,E21,45,328,41,225
1,1.3,E21,45,328,42,225.9
1,1.3,E21,45,329,0,0
1,1.3,E21,45,329,1,29.58
1,1.3,E21,45,329,2,52.82
1,1.3,E21,45,329,3,64.54
1,1.3,E21,45,329,4,76.52
1,1.3,E21,45,329,5,83.52
1,1.3,E21,45,329,6,92.29
1,1.3,E21,45,329,7,100.7
1,1.3,E21,45,329,8,108.6
1,1.3,E21,45,329,9,113.9
1,1.3,E21,45,329,10,120.6
1,1.3,E21,45,329,11,130.1
1,1.3,E21,45,329,12,135.2
1,1.3,E21,45,329,13,144.7
1,1.3,E21,45,329,14,154.6
1,1.3,E21,45,329,15,160.2
1,1.3,E21,45,329,16,165.7
1,1.3,E21,45,329,17,173.2
1,1.3,E21,45,329,18,177.2
1,1.3,E21,45,329,19,185.3
1,1.3,E21,45,329,20,189.5
1,1.3,E21,45,329,21,192.3
1,1.3,E21,45,329,22,199.5
1,1.3,E21,45,329,23,203.4
1,1.3,E21,45,329,24,207.5
1,1.3,E21,45,329,25,210.7
1,1.3,E21,45,329,26,214.2
1,1.3,E21,45,329,27,215
1,1.3,E21,45,329,28,218
1,1.3,E21,45,329,29,219.6
1,1.3,E21,45,329,30,222.8
1,1.3,E21,45,329,31,224
1,1.3,E21,45,329,32,227.1
1,1.3,E21,45,329,33,227.2
1,1.3,E21,45,329,34,228.9
1,1.3,E21,45,329,35,231.3
1,1.3,E21,45,329,36,231.3
1,1.3,E21,45,329,37,230.8
1,1.3,E21,45,329,38,233.4
1,1.3,E21,45,329,39,234.8
1,1.3,E21,45,329,40,236.4
1,1.3,E21,45,329,41,237
1,1.3,E21,45,329,42,237.8
1,1.3,E21,45,330,0,0
1,1.3,E21,45,330,1,27.8
1,1.3,E21,45,330,2,50.23
1,1.3,E21,45,330,3,62.43
1,1.3,E21,45,330,4,74.35
1,1.3,E21,45,330,5,80.99
1,1.3,E21,45,330,6,89.43
1,1.3,E21,45,330,7,98.64
1,1.3,E21,45,330,8,104.7
1,1.3,E21,45,330,9,112.4
1,1.3,E21,45,330,10,116.6
1,1.3,E21,45,330,11,128.3
1,1.3,E21,45,330,12,133.6
1,1.3,E21,45,330,13,139.7
1,1.3,E21,45,330,14,149.3
1,1.3,E21,45,330,15,155.8
1,1.3,E21,45,330,16,162.6
1,1.3,E21,45,330,17,168.6
1,1.3,E21,45,330,18,175.7
1,1.3,E21,45,330,19,181.2
1,1.3,E21,45,330,20,185.1
1,1.3,E21,45,330,21,190.1
1,1.3,E21,45,330,22,192.6
1,1.3,E21,45,330,23,198.6
1,1.3,E21,45,330,24,202.7
1,1.3,E21,45,330,25,204.6
1,1.3,E21,45,330,26,209.8
1,1.3,E21,45,330,27,210.9
1,1.3,E21,45,330,28,213.5
1,1.3,E21,45,330,29,213.7
1,1.3,E21,45,330,30,216.6
1,1.3,E21,45,330,31,219.1
1,1.3,E21,45,330,32,221.8
1,1.3,E21,45,330,33,225.4
1,1.3,E21,45,330,34,225.3
1,1.3,E21,45,330,35,222.2
1,1.3,E21,45,330,36,219
1,1.3,E21,45,330,37,225
1,1.3,E21,45,330,38,227.2
1,1.3,E21,45,330,39,230.2
1,1.3,E21,45,330,40,231.8
1,1.3,E21,45,330,41,232.4
1,1.3,E21,45,330,42,233.2
1,1.3,E22,56,727,0,0
1,1.3,E22,56,727,1,34.62
1,1.3,E22,56,727,2,49.82
1,1.3,E22,56,727,3,65.91
1,1.3,E22,56,727,6,94.71
1,1.3,E22,56,727,7,104.1
1,1.3,E22,56,727,8,110.7
1,1.3,E22,56,727,10,130.3
1,1.3,E22,56,727,13,137.3
1,1.3,E22,56,727,14,127.8
1,1.3,E22,56,727,15,138.7
1,1.3,E22,56,727,16,143.5
1,1.3,E22,56,727,17,144.6
1,1.3,E22,56,727,20,146.6
1,1.3,E22,56,727,21,150.8
1,1.3,E22,56,727,22,150.5
1,1.3,E22,56,727,23,152.9
1,1.3,E22,56,727,24,156
1,1.3,E22,56,727,27,161.9
1,1.3,E22,56,727,28,164
1,1.3,E22,56,727,29,164.9
1,1.3,E22,56,727,30,168.4
1,1.3,E22,56,727,31,167.3
1,1.3,E22,56,727,34,172.9
1,1.3,E22,56,727,35,174.8
1,1.3,E22,56,727,36,176.1
1,1.3,E22,56,727,37,178
1,1.3,E22,56,727,38,177.1
1,1.3,E22,56,727,41,184.7
1,1.3,E22,56,728,0,0
1,1.3,E22,56,728,1,0.09532
1,1.3,E22,56,728,2,-0.2018
1,1.3,E22,56,728,3,-0.2023
1,1.3,E22,56,728,6,12.58
1,1.3,E22,56,728,7,29.98
1,1.3,E22,56,728,8,55.22
1,1.3,E22,56,728,10,103.8
1,1.3,E22,56,728,13,183.6
1,1.3,E22,56,728,14,204.9
1,1.3,E22,56,728,15,225.3
1,1.3,E22,56,728,16,241.6
1,1.3,E22,56,728,17,258.9
1,1.3,E22,56,728,20,304.6
1,1.3,E22,56,728,21,327.2
1,1.3,E22,56,728,22,330.6
1,1.3,E22,56,728,23,331.7
1,1.3,E22,56,728,24,330.8
1,1.3,E22,56,728,27,343.7
1,1.3,E22,56,728,28,348.2
1,1.3,E22,56,728,29,352.4
1,1.3,E22,56,728,30,357.4
1,1.3,E22,56,728,31,353.9
1,1.3,E22,56,728,34,357.9
1,1.3,E22,56,728,35,363
1,1.3,E22,56,728,36,365.1
1,1.3,E22,56,728,37,367.5
1,1.3,E22,56,728,38,365.6
1,1.3,E22,56,728,41,377.2
1,1.3,E22,56,728,42,379.1
1,1.3,E22,56,728,43,386.2
1,1.3,E22,56,729,0,0
1,1.3,E22,56,729,1,0.8279
1,1.3,E22,56,729,2,0.7256
1,1.3,E22,56,729,3,0.9577
1,1.3,E22,56,729,6,11.37
1,1.3,E22,56,729,7,27.75
1,1.3,E22,56,729,8,51.48
1,1.3,E22,56,729,10,97
1,1.3,E22,56,729,13,178.9
1,1.3,E22,56,729,14,198.4
1,1.3,E22,56,729,15,219.3
1,1.3,E22,56,729,16,237.2
1,1.3,E22,56,729,17,256.2
1,1.3,E22,56,729,20,316.8
1,1.3,E22,56,729,21,342.7
1,1.3,E22,56,729,22,351.4
1,1.3,E22,56,729,23,354.9
1,1.3,E22,56,729,24,356
1,1.3,E22,56,729,27,371.2
1,1.3,E22,56,729,28,376.8
1,1.3,E22,56,729,29,381.3
1,1.3,E22,56,729,30,387
1,1.3,E22,56,729,31,384.9
1,1.3,E22,56,729,34,392
1,1.3,E22,56,729,35,396.2
1,1.3,E22,56,729,36,398.6
1,1.3,E22,56,729,37,399.6
1,1.3,E22,56,729,38,395.4
1,1.3,E22,56,729,41,401.2
1,1.3,E22,56,729,42,402.4
1,1.3,E22,56,729,43,408.3
1,1.3,E22,56,730,0,0
1,1.3,E22,56,730,1,0.8782
1,1.3,E22,56,730,2,1.024
1,1.3,E22,56,730,3,1.327
1,1.3,E22,56,730,6,12.06
1,1.3,E22,56,730,7,28.64
1,1.3,E22,56,730,8,54.83
1,1.3,E22,56,730,10,108.9
1,1.3,E22,56,730,13,192.8
1,1.3,E22,56,730,14,214.3
1,1.3,E22,56,730,15,235.5
1,1.3,E22,56,730,16,251.8
1,1.3,E22,56,730,17,269.7
1,1.3,E22,56,730,20,320.3
1,1.3,E22,56,730,21,344.9
1,1.3,E22,56,730,22,360.9
1,1.3,E22,56,730,23,367.4
1,1.3,E22,56,730,24,366.6
1,1.3,E22,56,730,27,378.1
1,1.3,E22,56,730,28,382.3
1,1.3,E22,56,730,29,386.1
1,1.3,E22,56,730,30,390.8
1,1.3,E22,56,730,31,388
1,1.3,E22,56,730,34,393.8
1,1.3,E22,56,730,35,398.3
1,1.3,E22,56,730,36,399.7
1,1.3,E22,56,730,37,400.7
1,1.3,E22,56,730,38,396.2
1,1.3,E22,56,730,41,402.3
1,1.3,E22,56,730,42,402.7
1,1.3,E22,56,730,43,408.8
1,1.3,E22,56,731,0,0
1,1.3,E22,56,731,1,59.72
1,1.3,E22,56,731,2,130.3
1,1.3,E22,56,731,3,174.7
1,1.3,E22,56,731,6,267.2
1,1.3,E22,56,731,7,274.8
1,1.3,E22,56,731,8,279.8
1,1.3,E22,56,731,10,283.5
1,1.3,E22,56,731,13,290.7
1,1.3,E22,56,731,14,292.7
1,1.3,E22,56,731,15,294.2
1,1.3,E22,56,731,16,289.1
1,1.3,E22,56,731,17,292.1
1,1.3,E22,56,731,20,301.2
1,1.3,E22,56,731,21,312.8
1,1.3,E22,56,731,22,314.8
1,1.3,E22,56,731,23,315.5
1,1.3,E22,56,731,24,315.4
1,1.3,E22,56,731,27,338.2
1,1.3,E22,56,731,28,350.3
1,1.3,E22,56,731,29,361.1
1,1.3,E22,56,731,30,366.9
1,1.3,E22,56,731,31,362.9
1,1.3,E22,56,731,34,363
1,1.3,E22,56,731,35,366.3
1,1.3,E22,56,731,36,368
1,1.3,E22,56,731,37,368.1
1,1.3,E22,56,731,38,363.7
1,1.3,E22,56,731,41,368.7
1,1.3,E22,56,731,42,369.3
1,1.3,E22,56,731,43,375
1,1.3,E22,56,732,0,0
1,1.3,E22,56,732,1,53.76
1,1.3,E22,56,732,2,120.5
1,1.3,E22,56,732,3,161.1
1,1.3,E22,56,732,6,257
1,1.3,E22,56,732,7,267
1,1.3,E22,56,732,8,268.7
1,1.3,E22,56,732,10,272.1
1,1.3,E22,56,732,13,278
1,1.3,E22,56,732,14,281.4
1,1.3,E22,56,732,15,282.1
1,1.3,E22,56,732,16,276.7
1,1.3,E22,56,732,17,279.3
1,1.3,E22,56,732,20,287.3
1,1.3,E22,56,732,21,298.9
1,1.3,E22,56,732,22,301.9
1,1.3,E22,56,732,23,304.6
1,1.3,E22,56,732,24,306.5
1,1.3,E22,56,732,27,326.6
1,1.3,E22,56,732,28,336
1,1.3,E22,56,732,29,342.4
1,1.3,E22,56,732,30,345.1
1,1.3,E22,56,732,31,341.3
1,1.3,E22,56,732,34,340.9
1,1.3,E22,56,732,35,344
1,1.3,E22,56,732,36,345.1
1,1.3,E22,56,732,37,344.6
1,1.3,E22,56,732,38,340.3
1,1.3,E22,56,732,41,344.8
1,1.3,E22,56,732,42,345
1,1.3,E22,56,732,43,350.1
1,1.3,E22,56,733,0,0
1,1.3,E22,56,733,1,13.86
1,1.3,E22,56,733,2,27.56
1,1.3,E22,56,733,3,39.21
1,1.3,E22,56,733,6,72.21
1,1.3,E22,56,733,7,79.46
1,1.3,E22,56,733,8,92.22
1,1.3,E22,56,733,10,94.82
1,1.3,E22,56,733,13,110.7
1,1.3,E22,56,733,14,114.2
1,1.3,E22,56,733,15,117.5
1,1.3,E22,56,733,16,117.3
1,1.3,E22,56,733,17,120.1
1,1.3,E22,56,733,20,128.6
1,1.3,E22,56,733,21,134.1
1,1.3,E22,56,733,22,135.8
1,1.3,E22,56,733,23,137.2
1,1.3,E22,56,733,24,136.8
1,1.3,E22,56,733,27,142.9
1,1.3,E22,56,733,28,145.2
1,1.3,E22,56,733,29,147
1,1.3,E22,56,733,30,149.6
1,1.3,E22,56,733,31,151.7
1,1.3,E22,56,733,34,157.7
1,1.3,E22,56,733,35,159.2
1,1.3,E22,56,733,36,159.9
1,1.3,E22,56,733,37,161.2
1,1.3,E22,56,733,38,159.2
1,1.3,E22,56,733,41,163.6
1,1.3,E22,56,734,0,0
1,1.3,E22,56,734,1,9.872
1,1.3,E22,56,734,2,21.65
1,1.3,E22,56,734,3,31.53
1,1.3,E22,56,734,6,60.82
1,1.3,E22,56,734,7,66.88
1,1.3,E22,56,734,8,71.38
1,1.3,E22,56,734,10,80.22
1,1.3,E22,56,734,13,93.4
1,1.3,E22,56,734,14,97.2
1,1.3,E22,56,734,15,100.3
1,1.3,E22,56,734,16,100.9
1,1.3,E22,56,734,17,103.6
1,1.3,E22,56,734,20,104.6
1,1.3,E22,56,734,21,107.8
1,1.3,E22,56,734,22,117.7
1,1.3,E22,56,734,23,119.4
1,1.3,E22,56,734,24,119.5
1,1.3,E22,56,734,27,125.4
1,1.3,E22,56,734,28,127.2
1,1.3,E22,56,734,29,128.7
1,1.3,E22,56,734,30,130.8
1,1.3,E22,56,734,31,130.3
1,1.3,E22,56,734,34,132.6
1,1.3,E22,56,734,35,134.3
1,1.3,E22,56,734,36,134.6
1,1.3,E22,56,734,37,135.8
1,1.3,E22,56,734,38,135
1,1.3,E22,56,734,41,138.2
1,1.3,E22,56,735,0,0
1,1.3,E22,56,735,1,15.56
1,1.3,E22,56,735,2,26.41
1,1.3,E22,56,735,3,35.78
1,1.3,E22,56,735,6,75.48
1,1.3,E22,56,735,7,114.8
1,1.3,E22,56,735,8,134.7
1,1.3,E22,56,735,10,189.3
1,1.3,E22,56,735,13,278.8
1,1.3,E22,56,735,14,296.6
1,1.3,E22,56,735,15,306.5
1,1.3,E22,56,735,16,307.4
1,1.3,E22,56,735,17,313.4
1,1.3,E22,56,735,20,329.7
1,1.3,E22,56,735,21,345.1
1,1.3,E22,56,735,22,349.7
1,1.3,E22,56,735,23,351.9
1,1.3,E22,56,735,24,353.6
1,1.3,E22,56,735,27,431.7
1,1.3,E22,56,735,28,455.9
1,1.3,E22,56,735,29,461
1,1.3,E22,56,735,30,463.5
1,1.3,E22,56,735,31,457.8
1,1.3,E22,56,735,34,454.3
1,1.3,E22,56,735,35,457.4
1,1.3,E22,56,735,36,458.9
1,1.3,E22,56,735,37,459.8
1,1.3,E22,56,735,38,454.8
1,1.3,E22,56,736,0,0
1,1.3,E22,56,736,1,23.81
1,1.3,E22,56,736,2,39.15
1,1.3,E22,56,736,3,51.21
1,1.3,E22,56,736,6,92.47
1,1.3,E22,56,736,7,107.8
1,1.3,E22,56,736,8,125.6
1,1.3,E22,56,736,10,176.6
1,1.3,E22,56,736,13,273.9
1,1.3,E22,56,736,14,301.7
1,1.3,E22,56,736,15,317.6
1,1.3,E22,56,736,16,318.6
1,1.3,E22,56,736,17,328.2
1,1.3,E22,56,736,20,350.5
1,1.3,E22,56,736,21,365.5
1,1.3,E22,56,736,22,369.7
1,1.3,E22,56,736,23,373.1
1,1.3,E22,56,736,24,375
1,1.3,E22,56,736,27,395.5
1,1.3,E22,56,736,28,404.2
1,1.3,E22,56,736,29,410.7
1,1.3,E22,56,736,30,413.6
1,1.3,E22,56,736,31,413.5
1,1.3,E22,56,736,34,409
1,1.3,E22,56,736,35,411.1
1,1.3,E22,56,736,36,411.1
1,1.3,E22,56,736,37,410.4
1,1.3,E22,56,736,38,405.1
1,1.3,E22,56,737,0,0
1,1.3,E22,56,737,1,24.72
1,1.3,E22,56,737,2,39.93
1,1.3,E22,56,737,3,53.67
1,1.3,E22,56,737,6,100.6
1,1.3,E22,56,737,7,118
1,1.3,E22,56,737,8,142.3
1,1.3,E22,56,737,10,206.9
1,1.3,E22,56,737,13,292.2
1,1.3,E22,56,737,14,303.7
1,1.3,E22,56,737,15,311.5
1,1.3,E22,56,737,16,308.6
1,1.3,E22,56,737,17,312.6
1,1.3,E22,56,737,20,320.3
1,1.3,E22,56,737,21,329
1,1.3,E22,56,737,22,329.8
1,1.3,E22,56,737,23,329.9
1,1.3,E22,56,737,24,329.2
1,1.3,E22,56,737,27,338.2
1,1.3,E22,56,737,28,341.4
1,1.3,E22,56,737,29,341.4
1,1.3,E22,56,737,30,343.3
1,1.3,E22,56,737,31,339.2
1,1.3,E22,56,737,34,334.6
1,1.3,E22,56,737,35,335.9
1,1.3,E22,56,737,36,334.1
1,1.3,E22,56,737,37,334
1,1.3,E22,56,737,38,329.1
1,1.3,E22,56,741,0,0
1,1.3,E22,56,741,1,85.27
1,1.3,E22,56,741,2,152.7
1,1.3,E22,56,741,3,196
1,1.3,E22,56,741,6,288
1,1.3,E22,56,741,7,295.4
1,1.3,E22,56,741,8,297.3
1,1.3,E22,56,741,10,296
1,1.3,E22,56,741,13,301.1
1,1.3,E22,56,741,14,302.8
1,1.3,E22,56,741,15,303.8
1,1.3,E22,56,741,16,293.1
1,1.3,E22,56,741,17,295.5
1,1.3,E22,56,741,20,299.7
1,1.3,E22,56,741,21,309.1
1,1.3,E22,56,741,22,309.1
1,1.3,E22,56,741,23,307.8
1,1.3,E22,56,741,24,307.3
1,1.3,E22,56,741,27,325.4
1,1.3,E22,56,741,28,334
1,1.3,E22,56,741,29,341.3
1,1.3,E22,56,741,30,343.8
1,1.3,E22,56,741,31,338.8
1,1.3,E22,56,741,34,334.4
1,1.3,E22,56,741,35,336.4
1,1.3,E22,56,741,36,335.6
1,1.3,E22,56,741,37,334.5
1,1.3,E22,56,741,38,328.9
1,1.3,E22,56,741,41,330.2
1,1.3,E22,56,741,42,329.6
1,1.3,E22,56,741,43,333.9
1,1.3,E23,122,419,0.3,-2.969
1,1.3,E23,122,419,0.4,4.763
1,1.3,E23,122,419,0.5,12.59
1,1.3,E23,122,419,0.6,17.72
1,1.3,E23,122,419,0.7,20.29
1,1.3,E23,122,419,0.8,22.56
1,1.3,E23,122,419,0.9,27.4
1,1.3,E23,122,419,1,29.68
1,1.3,E23,122,419,1.1,32.38
1,1.3,E23,122,419,1.2,35.08
1,1.3,E23,122,419,1.4,37.34
1,1.3,E23,122,419,1.5,40.04
1,1.3,E23,122,419,1.6,42.74
1,1.3,E23,122,419,1.7,45.47
1,1.3,E23,122,419,1.8,48.17
1,1.3,E23,122,419,1.9,51.89
1,1.3,E23,122,419,2,55.48
1,1.3,E23,122,419,2.1,59.07
1,1.3,E23,122,419,2.2,62.66
1,1.3,E23,122,419,2.3,66.24
1,1.3,E23,122,419,2.4,69.79
1,1.3,E23,122,419,2.5,73.34
1,1.3,E23,122,419,2.6,77.69
1,1.3,E23,122,419,2.7,82.04
1,1.3,E23,122,419,2.8,86.39
1,1.3,E23,122,419,2.9,90.72
1,1.3,E23,122,419,3,95.05
1,1.3,E23,122,419,3.1,99.38
1,1.3,E23,122,419,3.2,103.7
1,1.3,E23,122,419,3.3,108.7
1,1.3,E23,122,419,3.4,113.8
1,1.3,E23,122,419,3.5,118.7
1,1.3,E23,122,419,3.6,123.6
1,1.3,E23,122,419,3.7,128.6
1,1.3,E23,122,419,3.8,133.5
1,1.3,E23,122,419,3.9,138.4
1,1.3,E23,122,419,4,143.8
1,1.3,E23,122,419,4.1,149.2
1,1.3,E23,122,419,4.2,154.6
1,1.3,E23,122,419,4.3,159.9
1,1.3,E23,122,419,4.5,164.4
1,1.3,E23,122,419,4.6,169.7
1,1.3,E23,122,419,4.7,174.9
1,1.3,E23,122,419,4.8,180.5
1,1.3,E23,122,419,4.9,186.2
1,1.3,E23,122,419,5,191.7
1,1.3,E23,122,419,5.1,197.3
1,1.3,E23,122,419,5.2,202.9
1,1.3,E23,122,419,5.4,207.6
1,1.3,E23,122,419,5.7,211.6
1,1.3,E23,122,419,6,216
1,1.3,E23,122,419,6.4,219.8
1,1.3,E23,122,419,6.7,224.2
1,1.3,E23,122,419,7.1,227.9
1,1.3,E23,122,419,7.5,231.7
1,1.3,E23,122,419,7.9,235.2
1,1.3,E23,122,419,8.3,238.9
1,1.3,E23,122,419,8.7,242.5
1,1.3,E23,122,419,9.1,246.1
1,1.3,E23,122,419,9.5,249.8
1,1.3,E23,122,419,10,253.1
1,1.3,E23,122,419,10.5,256.4
1,1.3,E23,122,419,11,259.8
1,1.3,E23,122,419,11.5,262.6
1,1.3,E23,122,419,12.1,264.8
1,1.3,E23,122,419,12.7,267.3
1,1.3,E23,122,419,13.3,269.8
1,1.3,E23,122,419,14,271.9
1,1.3,E23,122,419,14.7,274.4
1,1.3,E23,122,419,15.4,276.8
1,1.3,E23,122,419,16.3,278.7
1,1.3,E23,122,419,17.1,281
1,1.3,E23,122,419,18.1,283
1,1.3,E23,122,419,19.1,285.6
1,1.3,E23,122,419,20.4,287.5
1,1.3,E23,122,419,21.8,289.1
1,1.3,E23,122,419,23.1,291
1,1.3,E23,122,419,24.7,292.5
1,1.3,E23,122,419,26.2,294.3
1,1.3,E23,122,419,27.9,296.7
1,1.3,E23,122,419,29.5,299.7
1,1.3,E23,122,419,31.6,302.8
1,1.3,E23,122,419,33.8,306.1
1,1.3,E23,122,419,35,308
1,1.3,E23,122,420,0.3,-3.184
1,1.3,E23,122,420,0.4,4.138
1,1.3,E23,122,420,0.5,11.51
1,1.3,E23,122,420,0.6,16.37
1,1.3,E23,122,420,0.7,18.79
1,1.3,E23,122,420,0.8,20.91
1,1.3,E23,122,420,0.9,23.03
1,1.3,E23,122,420,1,25.15
1,1.3,E23,122,420,1.1,27.15
1,1.3,E23,122,420,1.2,30.26
1,1.3,E23,122,420,1.3,33.36
1,1.3,E23,122,420,1.4,36.47
1,1.3,E23,122,420,1.5,39.58
1,1.3,E23,122,420,1.6,42.69
1,1.3,E23,122,420,1.7,45.79
1,1.3,E23,122,420,1.8,48.86
1,1.3,E23,122,420,1.9,52.57
1,1.3,E23,122,420,2,56.24
1,1.3,E23,122,420,2.1,59.9
1,1.3,E23,122,420,2.2,63.55
1,1.3,E23,122,420,2.3,67.22
1,1.3,E23,122,420,2.4,70.84
1,1.3,E23,122,420,2.5,74.6
1,1.3,E23,122,420,2.7,78.6
1,1.3,E23,122,420,2.8,83.08
1,1.3,E23,122,420,2.9,87.53
1,1.3,E23,122,420,3,91.95
1,1.3,E23,122,420,3.1,96.4
1,1.3,E23,122,420,3.2,101
1,1.3,E23,122,420,3.3,105.5
1,1.3,E23,122,420,3.4,110.5
1,1.3,E23,122,420,3.5,115.6
1,1.3,E23,122,420,3.6,120.6
1,1.3,E23,122,420,3.7,125.7
1,1.3,E23,122,420,3.8,130.7
1,1.3,E23,122,420,3.9,135.7
1,1.3,E23,122,420,4.1,140.1
1,1.3,E23,122,420,4.2,145.6
1,1.3,E23,122,420,4.3,151
1,1.3,E23,122,420,4.4,156.5
1,1.3,E23,122,420,4.5,162.1
1,1.3,E23,122,420,4.6,167.5
1,1.3,E23,122,420,4.7,172.9
1,1.3,E23,122,420,4.9,177.5
1,1.3,E23,122,420,5,183.1
1,1.3,E23,122,420,5.1,188.8
1,1.3,E23,122,420,5.2,194.5
1,1.3,E23,122,420,5.3,200.1
1,1.3,E23,122,420,5.6,204.2
1,1.3,E23,122,420,5.9,208.4
1,1.3,E23,122,420,6.2,212.8
1,1.3,E23,122,420,6.6,216.6
1,1.3,E23,122,420,7,220.3
1,1.3,E23,122,420,7.4,224.1
1,1.3,E23,122,420,7.8,227.7
1,1.3,E23,122,420,8.2,231.3
1,1.3,E23,122,420,8.6,235.1
1,1.3,E23,122,420,9,239.1
1,1.3,E23,122,420,9.5,241.9
1,1.3,E23,122,420,9.9,245.6
1,1.3,E23,122,420,10.4,248.8
1,1.3,E23,122,420,10.9,252.1
1,1.3,E23,122,420,11.5,254.7
1,1.3,E23,122,420,12,257.8
1,1.3,E23,122,420,12.6,260.6
1,1.3,E23,122,420,13.3,262.4
1,1.3,E23,122,420,14,264.6
1,1.3,E23,122,420,14.7,267
1,1.3,E23,122,420,15.5,269
1,1.3,E23,122,420,16.3,271.3
1,1.3,E23,122,420,17.2,273.3
1,1.3,E23,122,420,18.2,275.6
1,1.3,E23,122,420,19.3,277.8
1,1.3,E23,122,420,20.5,280
1,1.3,E23,122,420,21.7,282.1
1,1.3,E23,122,420,23,284
1,1.3,E23,122,420,24.6,285.4
1,1.3,E23,122,420,26.1,287.1
1,1.3,E23,122,420,27.7,289.4
1,1.3,E23,122,420,29.3,292.4
1,1.3,E23,122,420,31.1,295.8
1,1.3,E23,122,420,33.1,299.4
1,1.3,E23,122,420,35,302.1
1,1.3,E23,122,424,0.6,-1.201
1,1.3,E23,122,424,1.1,2.008
1,1.3,E23,122,424,1.3,5.713
1,1.3,E23,122,424,1.5,9.418
1,1.3,E23,122,424,1.6,13.59
1,1.3,E23,122,424,1.7,17.76
1,1.3,E23,122,424,1.8,21.93
1,1.3,E23,122,424,1.9,26.3
1,1.3,E23,122,424,2,34.93
1,1.3,E23,122,424,2.1,38.98
1,1.3,E23,122,424,2.2,43.04
1,1.3,E23,122,424,2.3,51.15
1,1.3,E23,122,424,2.4,54.61
1,1.3,E23,122,424,2.5,58.07
1,1.3,E23,122,424,2.6,65.66
1,1.3,E23,122,424,2.7,69.13
1,1.3,E23,122,424,2.8,76.66
1,1.3,E23,122,424,2.9,80.05
1,1.3,E23,122,424,3,87.45
1,1.3,E23,122,424,3.1,90.84
1,1.3,E23,122,424,3.2,98.25
1,1.3,E23,122,424,3.3,101.6
1,1.3,E23,122,424,3.4,109.5
1,1.3,E23,122,424,3.5,113
1,1.3,E23,122,424,3.6,120.7
1,1.3,E23,122,424,3.7,128.4
1,1.3,E23,122,424,3.8,132.2
1,1.3,E23,122,424,3.9,135.9
1,1.3,E23,122,424,4,144.3
1,1.3,E23,122,424,4.1,148
1,1.3,E23,122,424,4.2,156.2
1,1.3,E23,122,424,4.3,160.1
1,1.3,E23,122,424,4.4,168.8
1,1.3,E23,122,424,4.5,172.7
1,1.3,E23,122,424,4.6,176.6
1,1.3,E23,122,424,4.7,185.4
1,1.3,E23,122,424,4.8,189.8
1,1.3,E23,122,424,4.9,194.1
1,1.3,E23,122,424,5,203.4
1,1.3,E23,122,424,5.1,207.8
1,1.3,E23,122,424,5.2,212.1
1,1.3,E23,122,424,5.3,216.3
1,1.3,E23,122,424,5.4,221.1
1,1.3,E23,122,424,5.5,225.9
1,1.3,E23,122,424,5.6,230.8
1,1.3,E23,122,424,5.7,235.7
1,1.3,E23,122,424,5.8,240.6
1,1.3,E23,122,424,5.9,245.5
1,1.3,E23,122,424,6,250.5
1,1.3,E23,122,424,6.2,255.2
1,1.3,E23,122,424,6.3,260.5
1,1.3,E23,122,424,6.4,265.8
1,1.3,E23,122,424,6.5,271.1
1,1.3,E23,122,424,6.6,276.4
1,1.3,E23,122,424,6.7,281.8
1,1.3,E23,122,424,6.9,286.4
1,1.3,E23,122,424,7,292.1
1,1.3,E23,122,424,7.1,297.8
1,1.3,E23,122,424,7.2,303.5
1,1.3,E23,122,424,7.3,309.2
1,1.3,E23,122,424,7.5,314.1
1,1.3,E23,122,424,7.8,318.1
1,1.3,E23,122,424,8,322.9
1,1.3,E23,122,424,8.3,327.4
1,1.3,E23,122,424,8.9,329.9
1,1.3,E23,122,424,9.5,332.4
1,1.3,E23,122,424,10.1,335.3
1,1.3,E23,122,424,10.9,337
1,1.3,E23,122,424,11.7,338.7
1,1.3,E23,122,424,12.4,341.1
1,1.3,E23,122,424,13.3,342.5
1,1.3,E23,122,424,14.3,343.8
1,1.3,E23,122,424,15.2,345.9
1,1.3,E23,122,424,16.3,347.5
1,1.3,E23,122,424,17.4,349.4
1,1.3,E23,122,424,18.6,351.9
1,1.3,E23,122,424,19.9,354.6
1,1.3,E23,122,424,21.4,356.3
1,1.3,E23,122,424,23,357.7
1,1.3,E23,122,424,24.9,358.8
1,1.3,E23,122,424,26.3,361.2
1,1.3,E23,122,424,28.3,363.5
1,1.3,E23,122,424,30.2,366.5
1,1.3,E23,122,424,32.6,369.8
1,1.3,E23,122,424,35,372.5
1,1.3,E23,122,425,0,-1.158
1,1.3,E23,122,425,1.3,1.12
1,1.3,E23,122,425,1.5,4.805
1,1.3,E23,122,425,1.6,8.947
1,1.3,E23,122,425,1.7,13.27
1,1.3,E23,122,425,1.8,17.36
1,1.3,E23,122,425,1.9,21.51
1,1.3,E23,122,425,2,25.53
1,1.3,E23,122,425,2.1,29.56
1,1.3,E23,122,425,2.2,38.14
1,1.3,E23,122,425,2.3,42.14
1,1.3,E23,122,425,2.4,46.1
1,1.3,E23,122,425,2.5,54.12
1,1.3,E23,122,425,2.6,57.6
1,1.3,E23,122,425,2.7,65.48
1,1.3,E23,122,425,2.8,69.16
1,1.3,E23,122,425,2.9,72.61
1,1.3,E23,122,425,3,80.15
1,1.3,E23,122,425,3.1,83.62
1,1.3,E23,122,425,3.2,91.33
1,1.3,E23,122,425,3.3,94.78
1,1.3,E23,122,425,3.4,102.3
1,1.3,E23,122,425,3.5,105.9
1,1.3,E23,122,425,3.6,109.5
1,1.3,E23,122,425,3.7,117.4
1,1.3,E23,122,425,3.8,121
1,1.3,E23,122,425,3.9,129
1,1.3,E23,122,425,4,132.9
1,1.3,E23,122,425,4.1,141.4
1,1.3,E23,122,425,4.2,145.2
1,1.3,E23,122,425,4.3,153.6
1,1.3,E23,122,425,4.4,157.4
1,1.3,E23,122,425,4.5,161.5
1,1.3,E23,122,425,4.6,170.4
1,1.3,E23,122,425,4.7,174.4
1,1.3,E23,122,425,4.8,178.5
1,1.3,E23,122,425,4.9,187.5
1,1.3,E23,122,425,5,192
1,1.3,E23,122,425,5.1,196.6
1,1.3,E23,122,425,5.2,206.4
1,1.3,E23,122,425,5.3,210.8
1,1.3,E23,122,425,5.4,215.2
1,1.3,E23,122,425,5.5,219.6
1,1.3,E23,122,425,5.6,224.5
1,1.3,E23,122,425,5.7,229.4
1,1.3,E23,122,425,5.8,234.4
1,1.3,E23,122,425,5.9,239.4
1,1.3,E23,122,425,6,244.5
1,1.3,E23,122,425,6.1,249.6
1,1.3,E23,122,425,6.2,254.6
1,1.3,E23,122,425,6.3,259.9
1,1.3,E23,122,425,6.4,265.2
1,1.3,E23,122,425,6.5,270.5
1,1.3,E23,122,425,6.6,276.1
1,1.3,E23,122,425,6.7,281.4
1,1.3,E23,122,425,6.8,286.7
1,1.3,E23,122,425,7,291.2
1,1.3,E23,122,425,7.2,296.1
1,1.3,E23,122,425,7.4,301
1,1.3,E23,122,425,7.6,305.8
1,1.3,E23,122,425,7.9,309.7
1,1.3,E23,122,425,8.4,312.3
1,1.3,E23,122,425,8.8,315.9
1,1.3,E23,122,425,9.4,318.1
1,1.3,E23,122,425,10,320.6
1,1.3,E23,122,425,10.7,322.7
1,1.3,E23,122,425,11.5,324.2
1,1.3,E23,122,425,12.3,325.7
1,1.3,E23,122,425,13.2,326.9
1,1.3,E23,122,425,14.2,327.9
1,1.3,E23,122,425,15.2,329.2
1,1.3,E23,122,425,16.3,330.2
1,1.3,E23,122,425,17.4,331.6
1,1.3,E23,122,425,18.6,333.5
1,1.3,E23,122,425,20,335.3
1,1.3,E23,122,425,21.7,336.2
1,1.3,E23,122,425,23.3,337.5
1,1.3,E23,122,425,25.2,338.4
1,1.3,E23,122,425,26.9,339.9
1,1.3,E23,122,425,28.7,342.8
1,1.3,E23,122,425,30.7,345.6
1,1.3,E23,122,425,33.2,348.8
1,1.3,E23,122,425,35,350.4
1,1.3,E23,122,426,0.6,-1.578
1,1.3,E23,122,426,1.1,1.148
1,1.3,E23,122,426,1.3,4.356
1,1.3,E23,122,426,1.5,7.563
1,1.3,E23,122,426,1.7,10.75
1,1.3,E23,122,426,1.8,14.33
1,1.3,E23,122,426,1.9,17.93
1,1.3,E23,122,426,2,21.47
1,1.3,E23,122,426,2.1,25.02
1,1.3,E23,122,426,2.2,28.56
1,1.3,E23,122,426,2.3,32.11
1,1.3,E23,122,426,2.4,35.78
1,1.3,E23,122,426,2.5,43.35
1,1.3,E23,122,426,2.6,47.08
1,1.3,E23,122,426,2.7,50.82
1,1.3,E23,122,426,2.8,54.55
1,1.3,E23,122,426,2.9,62.57
1,1.3,E23,122,426,3,66.28
1,1.3,E23,122,426,3.1,69.98
1,1.3,E23,122,426,3.2,77.85
1,1.3,E23,122,426,3.3,81.62
1,1.3,E23,122,426,3.4,89.65
1,1.3,E23,122,426,3.5,93.2
1,1.3,E23,122,426,3.6,96.74
1,1.3,E23,122,426,3.7,104.9
1,1.3,E23,122,426,3.8,108.6
1,1.3,E23,122,426,3.9,116.7
1,1.3,E23,122,426,4,120.4
1,1.3,E23,122,426,4.1,128.8
1,1.3,E23,122,426,4.2,132.7
1,1.3,E23,122,426,4.3,141.1
1,1.3,E23,122,426,4.4,145.3
1,1.3,E23,122,426,4.5,149.1
1,1.3,E23,122,426,4.6,157.8
1,1.3,E23,122,426,4.7,161.9
1,1.3,E23,122,426,4.8,170.8
1,1.3,E23,122,426,4.9,174.9
1,1.3,E23,122,426,5,178.9
1,1.3,E23,122,426,5.1,188
1,1.3,E23,122,426,5.2,192.4
1,1.3,E23,122,426,5.3,196.7
1,1.3,E23,122,426,5.4,206.2
1,1.3,E23,122,426,5.5,210.6
1,1.3,E23,122,426,5.6,215
1,1.3,E23,122,426,5.7,219.7
1,1.3,E23,122,426,5.8,229.8
1,1.3,E23,122,426,5.9,234.6
1,1.3,E23,122,426,6,239.4
1,1.3,E23,122,426,6.1,244.2
1,1.3,E23,122,426,6.2,248.9
1,1.3,E23,122,426,6.3,253.9
1,1.3,E23,122,426,6.4,258.9
1,1.3,E23,122,426,6.5,269.7
1,1.3,E23,122,426,6.6,274.7
1,1.3,E23,122,426,6.7,279.7
1,1.3,E23,122,426,6.8,284.7
1,1.3,E23,122,426,7,289.2
1,1.3,E23,122,426,7.1,294.4
1,1.3,E23,122,426,7.3,299
1,1.3,E23,122,426,7.5,303.5
1,1.3,E23,122,426,7.8,307.1
1,1.3,E23,122,426,8.1,310.7
1,1.3,E23,122,426,8.5,313.8
1,1.3,E23,122,426,8.9,317.2
1,1.3,E23,122,426,9.4,319.9
1,1.3,E23,122,426,9.9,322.9
1,1.3,E23,122,426,10.6,324.7
1,1.3,E23,122,426,11.2,327.2
1,1.3,E23,122,426,12,328.4
1,1.3,E23,122,426,12.8,329.8
1,1.3,E23,122,426,13.7,330.7
1,1.3,E23,122,426,14.7,331.6
1,1.3,E23,122,426,15.7,332.8
1,1.3,E23,122,426,16.8,334
1,1.3,E23,122,426,17.8,335.9
1,1.3,E23,122,426,19.1,337.8
1,1.3,E23,122,426,20.6,339.3
1,1.3,E23,122,426,22.2,340.3
1,1.3,E23,122,426,24.1,341
1,1.3,E23,122,426,25.9,342
1,1.3,E23,122,426,27.7,344
1,1.3,E23,122,426,29.5,346.7
1,1.3,E23,122,426,31.9,349.5
1,1.3,E23,122,426,34.8,352.1
1,1.3,E23,122,426,35,354.3
1,1.3,E23,122,427,0.3,-0.629
1,1.3,E23,122,427,0.5,4.624
1,1.3,E23,122,427,0.7,9.878
1,1.3,E23,122,427,0.8,14.81
1,1.3,E23,122,427,0.9,19.79
1,1.3,E23,122,427,1,24.77
1,1.3,E23,122,427,1.1,29.61
1,1.3,E23,122,427,1.2,34.45
1,1.3,E23,122,427,1.3,39.26
1,1.3,E23,122,427,1.5,43.71
1,1.3,E23,122,427,1.6,48.52
1,1.3,E23,122,427,1.7,53.33
1,1.3,E23,122,427,1.8,58.1
1,1.3,E23,122,427,1.9,62.94
1,1.3,E23,122,427,2,67.99
1,1.3,E23,122,427,2.2,72.2
1,1.3,E23,122,427,2.3,76.98
1,1.3,E23,122,427,2.4,81.72
1,1.3,E23,122,427,2.5,86.46
1,1.3,E23,122,427,2.6,91.23
1,1.3,E23,122,427,2.7,95.98
1,1.3,E23,122,427,2.8,101.2
1,1.3,E23,122,427,2.9,106.4
1,1.3,E23,122,427,3,111.6
1,1.3,E23,122,427,3.1,116.8
1,1.3,E23,122,427,3.2,122
1,1.3,E23,122,427,3.3,127.2
1,1.3,E23,122,427,3.4,138.6
1,1.3,E23,122,427,3.5,144.1
1,1.3,E23,122,427,3.6,149.7
1,1.3,E23,122,427,3.7,155.2
1,1.3,E23,122,427,3.8,160.8
1,1.3,E23,122,427,3.9,166.4
1,1.3,E23,122,427,4.1,171.2
1,1.3,E23,122,427,4.2,177.1
1,1.3,E23,122,427,4.3,182.9
1,1.3,E23,122,427,4.5,188.1
1,1.3,E23,122,427,4.6,194
1,1.3,E23,122,427,4.8,198.9
1,1.3,E23,122,427,4.9,204.7
1,1.3,E23,122,427,5,210.4
1,1.3,E23,122,427,5.1,216.2
1,1.3,E23,122,427,5.2,222.1
1,1.3,E23,122,427,5.3,227.9
1,1.3,E23,122,427,5.5,232.9
1,1.3,E23,122,427,5.6,238.8
1,1.3,E23,122,427,5.8,244
1,1.3,E23,122,427,5.9,249.9
1,1.3,E23,122,427,6.1,255.3
1,1.3,E23,122,427,6.3,260.7
1,1.3,E23,122,427,6.4,266.7
1,1.3,E23,122,427,6.6,271.9
1,1.3,E23,122,427,6.8,277.1
1,1.3,E23,122,427,7,282.4
1,1.3,E23,122,427,7.2,287.7
1,1.3,E23,122,427,7.4,292.9
1,1.3,E23,122,427,7.6,298
1,1.3,E23,122,427,7.8,303.1
1,1.3,E23,122,427,8,308.2
1,1.3,E23,122,427,8.1,314.1
1,1.3,E23,122,427,8.3,319.3
1,1.3,E23,122,427,8.5,324.6
1,1.3,E23,122,427,8.8,329.1
1,1.3,E23,122,427,9,334.3
1,1.3,E23,122,427,9.3,338.8
1,1.3,E23,122,427,9.5,344.1
1,1.3,E23,122,427,9.8,348.7
1,1.3,E23,122,427,10.2,352.8
1,1.3,E23,122,427,10.5,357.5
1,1.3,E23,122,427,10.8,362.2
1,1.3,E23,122,427,11.2,366.3
1,1.3,E23,122,427,11.6,370.4
1,1.3,E23,122,427,12,374.4
1,1.3,E23,122,427,12.3,379.2
1,1.3,E23,122,427,12.8,382.8
1,1.3,E23,122,427,13.2,387.1
1,1.3,E23,122,427,13.7,390.7
1,1.3,E23,122,427,14.2,394.6
1,1.3,E23,122,427,14.7,398.5
1,1.3,E23,122,427,15.3,402
1,1.3,E23,122,427,16,405.2
1,1.3,E23,122,427,16.7,408.6
1,1.3,E23,122,427,17.4,412
1,1.3,E23,122,427,18.2,415.6
1,1.3,E23,122,427,19.1,419.1
1,1.3,E23,122,427,20.2,422.2
1,1.3,E23,122,427,21.2,425.6
1,1.3,E23,122,427,22.2,428.9
1,1.3,E23,122,427,23.3,432.1
1,1.3,E23,122,427,24.5,435.2
1,1.3,E23,122,427,25.7,438.3
1,1.3,E23,122,427,27.2,440.9
1,1.3,E23,122,427,28.8,444.5
1,1.3,E23,122,427,30.4,448.3
1,1.3,E23,122,427,32.5,452.1
1,1.3,E23,122,427,34.9,455.7
1,1.3,E23,122,427,35,456.3
1,1.3,E23,122,428,0.3,-0.623
1,1.3,E23,122,428,0.5,4.626
1,1.3,E23,122,428,0.7,9.875
1,1.3,E23,122,428,0.8,14.8
1,1.3,E23,122,428,1,19.41
1,1.3,E23,122,428,1.1,24.19
1,1.3,E23,122,428,1.2,28.98
1,1.3,E23,122,428,1.3,33.76
1,1.3,E23,122,428,1.4,38.54
1,1.3,E23,122,428,1.5,43.33
1,1.3,E23,122,428,1.6,48.08
1,1.3,E23,122,428,1.7,52.84
1,1.3,E23,122,428,1.8,57.56
1,1.3,E23,122,428,2,61.91
1,1.3,E23,122,428,2.1,66.77
1,1.3,E23,122,428,2.2,71.62
1,1.3,E23,122,428,2.3,76.48
1,1.3,E23,122,428,2.4,81.29
1,1.3,E23,122,428,2.5,86.32
1,1.3,E23,122,428,2.6,91.17
1,1.3,E23,122,428,2.7,96
1,1.3,E23,122,428,2.8,101.3
1,1.3,E23,122,428,2.9,106.5
1,1.3,E23,122,428,3,111.8
1,1.3,E23,122,428,3.1,117.1
1,1.3,E23,122,428,3.2,122.4
1,1.3,E23,122,428,3.3,127.6
1,1.3,E23,122,428,3.4,132.8
1,1.3,E23,122,428,3.5,138.4
1,1.3,E23,122,428,3.6,144
1,1.3,E23,122,428,3.7,150
1,1.3,E23,122,428,3.8,155.6
1,1.3,E23,122,428,3.9,161.2
1,1.3,E23,122,428,4,166.8
1,1.3,E23,122,428,4.1,172.4
1,1.3,E23,122,428,4.3,177.6
1,1.3,E23,122,428,4.4,183.5
1,1.3,E23,122,428,4.6,188.5
1,1.3,E23,122,428,4.7,194.3
1,1.3,E23,122,428,4.8,200.2
1,1.3,E23,122,428,5,205.1
1,1.3,E23,122,428,5.1,210.9
1,1.3,E23,122,428,5.2,216.8
1,1.3,E23,122,428,5.3,222.8
1,1.3,E23,122,428,5.4,228.7
1,1.3,E23,122,428,5.6,233.9
1,1.3,E23,122,428,5.7,239.9
1,1.3,E23,122,428,5.9,245.2
1,1.3,E23,122,428,6.1,250.7
1,1.3,E23,122,428,6.2,256.8
1,1.3,E23,122,428,6.4,262.1
1,1.3,E23,122,428,6.6,267.5
1,1.3,E23,122,428,6.8,272.9
1,1.3,E23,122,428,6.9,279
1,1.3,E23,122,428,7.1,284.3
1,1.3,E23,122,428,7.3,289.7
1,1.3,E23,122,428,7.5,294.9
1,1.3,E23,122,428,7.7,300.1
1,1.3,E23,122,428,7.9,305.3
1,1.3,E23,122,428,8.1,310.5
1,1.3,E23,122,428,8.3,315.8
1,1.3,E23,122,428,8.4,321.9
1,1.3,E23,122,428,8.6,327.3
1,1.3,E23,122,428,8.9,331.9
1,1.3,E23,122,428,9.1,337.3
1,1.3,E23,122,428,9.4,342
1,1.3,E23,122,428,9.6,347.5
1,1.3,E23,122,428,9.9,352.3
1,1.3,E23,122,428,10.2,357.2
1,1.3,E23,122,428,10.5,362.1
1,1.3,E23,122,428,10.9,366.3
1,1.3,E23,122,428,11.2,371.1
1,1.3,E23,122,428,11.6,375.3
1,1.3,E23,122,428,12,379.5
1,1.3,E23,122,428,12.3,384.3
1,1.3,E23,122,428,12.7,388.6
1,1.3,E23,122,428,13.1,393
1,1.3,E23,122,428,13.5,397.4
1,1.3,E23,122,428,13.9,401.9
1,1.3,E23,122,428,14.4,406
1,1.3,E23,122,428,14.9,410.1
1,1.3,E23,122,428,15.4,414.4
1,1.3,E23,122,428,16,418.2
1,1.3,E23,122,428,16.6,422.3
1,1.3,E23,122,428,17.2,426.2
1,1.3,E23,122,428,17.9,429.9
1,1.3,E23,122,428,18.7,433.9
1,1.3,E23,122,428,19.5,437.9
1,1.3,E23,122,428,20.4,441.7
1,1.3,E23,122,428,21.4,445.1
1,1.3,E23,122,428,22.3,448.9
1,1.3,E23,122,428,23.3,452.5
1,1.3,E23,122,428,24.4,456
1,1.3,E23,122,428,25.6,459.2
1,1.3,E23,122,428,26.8,462.5
1,1.3,E23,122,428,28.3,466.3
1,1.3,E23,122,428,29.6,470.5
1,1.3,E23,122,428,31.5,474.5
1,1.3,E23,122,428,33.3,478.9
1,1.3,E23,122,428,35,482.1
1,1.3,E23,122,429,0.3,-0.8072
1,1.3,E23,122,429,0.5,4.238
1,1.3,E23,122,429,0.7,9.283
1,1.3,E23,122,429,0.8,14.01
1,1.3,E23,122,429,0.9,18.73
1,1.3,E23,122,429,1,23.45
1,1.3,E23,122,429,1.1,28.06
1,1.3,E23,122,429,1.2,32.79
1,1.3,E23,122,429,1.4,36.9
1,1.3,E23,122,429,1.5,41.48
1,1.3,E23,122,429,1.6,46.03
1,1.3,E23,122,429,1.7,50.61
1,1.3,E23,122,429,1.8,55.13
1,1.3,E23,122,429,1.9,59.64
1,1.3,E23,122,429,2.1,63.74
1,1.3,E23,122,429,2.2,68.4
1,1.3,E23,122,429,2.3,73.06
1,1.3,E23,122,429,2.4,77.67
1,1.3,E23,122,429,2.5,82.29
1,1.3,E23,122,429,2.6,86.92
1,1.3,E23,122,429,2.7,91.54
1,1.3,E23,122,429,2.8,96.67
1,1.3,E23,122,429,2.9,101.8
1,1.3,E23,122,429,3,106.9
1,1.3,E23,122,429,3.1,112.1
1,1.3,E23,122,429,3.2,117.2
1,1.3,E23,122,429,3.3,122.5
1,1.3,E23,122,429,3.4,127.6
1,1.3,E23,122,429,3.5,133.2
1,1.3,E23,122,429,3.6,138.8
1,1.3,E23,122,429,3.7,144.3
1,1.3,E23,122,429,3.8,149.9
1,1.3,E23,122,429,4,154.7
1,1.3,E23,122,429,4.1,160.3
1,1.3,E23,122,429,4.2,165.8
1,1.3,E23,122,429,4.3,171.6
1,1.3,E23,122,429,4.5,176.6
1,1.3,E23,122,429,4.6,182.4
1,1.3,E23,122,429,4.8,187.3
1,1.3,E23,122,429,4.9,193.1
1,1.3,E23,122,429,5,198.7
1,1.3,E23,122,429,5.1,204.5
1,1.3,E23,122,429,5.2,210.4
1,1.3,E23,122,429,5.4,215.5
1,1.3,E23,122,429,5.5,221.4
1,1.3,E23,122,429,5.7,226.8
1,1.3,E23,122,429,5.8,232.9
1,1.3,E23,122,429,6,238.1
1,1.3,E23,122,429,6.1,244.2
1,1.3,E23,122,429,6.3,249.6
1,1.3,E23,122,429,6.4,255.6
1,1.3,E23,122,429,6.6,260.7
1,1.3,E23,122,429,6.8,266
1,1.3,E23,122,429,7,271.3
1,1.3,E23,122,429,7.1,277.3
1,1.3,E23,122,429,7.3,282.8
1,1.3,E23,122,429,7.5,288
1,1.3,E23,122,429,7.7,293.2
1,1.3,E23,122,429,7.9,298.3
1,1.3,E23,122,429,8,304.4
1,1.3,E23,122,429,8.2,309.7
1,1.3,E23,122,429,8.4,315
1,1.3,E23,122,429,8.6,320.4
1,1.3,E23,122,429,8.8,325.7
1,1.3,E23,122,429,9.1,330.2
1,1.3,E23,122,429,9.3,335.4
1,1.3,E23,122,429,9.6,340.1
1,1.3,E23,122,429,9.8,345.4
1,1.3,E23,122,429,10.1,350.2
1,1.3,E23,122,429,10.4,355
1,1.3,E23,122,429,10.7,359.7
1,1.3,E23,122,429,11.1,363.8
1,1.3,E23,122,429,11.4,368.6
1,1.3,E23,122,429,11.8,372.7
1,1.3,E23,122,429,12.1,377.5
1,1.3,E23,122,429,12.5,381.6
1,1.3,E23,122,429,12.9,385.9
1,1.3,E23,122,429,13.4,389.5
1,1.3,E23,122,429,13.8,393.9
1,1.3,E23,122,429,14.3,397.8
1,1.3,E23,122,429,14.8,401.8
1,1.3,E23,122,429,15.3,405.8
1,1.3,E23,122,429,15.8,409.9
1,1.3,E23,122,429,16.5,413.1
1,1.3,E23,122,429,17.1,417
1,1.3,E23,122,429,17.8,420.5
1,1.3,E23,122,429,18.7,424.1
1,1.3,E23,122,429,19.6,427.7
1,1.3,E23,122,429,20.5,431.4
1,1.3,E23,122,429,21.5,434.8
1,1.3,E23,122,429,22.5,438.2
1,1.3,E23,122,429,23.6,441.4
1,1.3,E23,122,429,24.8,444.6
1,1.3,E23,122,429,26.1,447.4
1,1.3,E23,122,429,27.6,450.5
1,1.3,E23,122,429,29,454.4
1,1.3,E23,122,429,30.7,458.2
1,1.3,E23,122,429,32.7,462.2
1,1.3,E23,122,429,35,465.6
1,1.3,E23,122,430,0.4,-1.138
1,1.3,E23,122,430,0.7,3.55
1,1.3,E23,122,430,0.9,7.602
1,1.3,E23,122,430,1.2,11.05
1,1.3,E23,122,430,1.4,14.81
1,1.3,E23,122,430,1.6,18.58
1,1.3,E23,122,430,1.8,22.33
1,1.3,E23,122,430,1.9,26.52
1,1.3,E23,122,430,2.1,30.09
1,1.3,E23,122,430,2.3,33.67
1,1.3,E23,122,430,2.4,37.76
1,1.3,E23,122,430,2.6,41.26
1,1.3,E23,122,430,2.8,44.77
1,1.3,E23,122,430,3,48.23
1,1.3,E23,122,430,3.1,53.01
1,1.3,E23,122,430,3.3,57.17
1,1.3,E23,122,430,3.5,61.23
1,1.3,E23,122,430,3.7,65.25
1,1.3,E23,122,430,3.9,69.26
1,1.3,E23,122,430,4.1,73.28
1,1.3,E23,122,430,4.2,77.94
1,1.3,E23,122,430,4.4,81.74
1,1.3,E23,122,430,4.6,85.47
1,1.3,E23,122,430,4.8,89.2
1,1.3,E23,122,430,4.9,93.76
1,1.3,E23,122,430,5.1,97.4
1,1.3,E23,122,430,5.2,101.9
1,1.3,E23,122,430,5.3,106.4
1,1.3,E23,122,430,5.5,110.2
1,1.3,E23,122,430,5.7,114.1
1,1.3,E23,122,430,5.9,118.1
1,1.3,E23,122,430,6,122.9
1,1.3,E23,122,430,6.2,127
1,1.3,E23,122,430,6.4,131.1
1,1.3,E23,122,430,6.7,134.3
1,1.3,E23,122,430,6.9,138.5
1,1.3,E23,122,430,7.1,142.8
1,1.3,E23,122,430,7.3,147
1,1.3,E23,122,430,7.5,151.2
1,1.3,E23,122,430,7.7,155.3
1,1.3,E23,122,430,8,158.6
1,1.3,E23,122,430,8.2,162.8
1,1.3,E23,122,430,8.5,166.3
1,1.3,E23,122,430,8.7,170.6
1,1.3,E23,122,430,9,174.2
1,1.3,E23,122,430,9.2,178.5
1,1.3,E23,122,430,9.5,182.1
1,1.3,E23,122,430,9.8,185.9
1,1.3,E23,122,430,10.1,189.7
1,1.3,E23,122,430,10.4,193.4
1,1.3,E23,122,430,10.7,197.1
1,1.3,E23,122,430,11,200.9
1,1.3,E23,122,430,11.4,204
1,1.3,E23,122,430,11.7,207.8
1,1.3,E23,122,430,12.1,211
1,1.3,E23,122,430,12.5,214.2
1,1.3,E23,122,430,12.9,217.5
1,1.3,E23,122,430,13.3,220.7
1,1.3,E23,122,430,13.7,224.1
1,1.3,E23,122,430,14.2,227.1
1,1.3,E23,122,430,14.7,230.1
1,1.3,E23,122,430,15.2,233.2
1,1.3,E23,122,430,15.7,236.4
1,1.3,E23,122,430,16.3,239.3
1,1.3,E23,122,430,16.9,242.3
1,1.3,E23,122,430,17.5,245.2
1,1.3,E23,122,430,18.2,248.4
1,1.3,E23,122,430,18.9,251.7
1,1.3,E23,122,430,19.7,254.9
1,1.3,E23,122,430,20.6,257.8
1,1.3,E23,122,430,21.5,260.7
1,1.3,E23,122,430,22.5,263.4
1,1.3,E23,122,430,23.6,266
1,1.3,E23,122,430,24.9,268.2
1,1.3,E23,122,430,26.1,270.7
1,1.3,E23,122,430,27.7,272.9
1,1.3,E23,122,430,29.2,276
1,1.3,E23,122,430,30.7,279.7
1,1.3,E23,122,430,32.6,283.4
1,1.3,E23,122,430,34.7,286.9
1,1.3,E23,122,430,35,288
1,1.3,E23,122,431,0.3,-1.01
1,1.3,E23,122,431,0.6,3.782
1,1.3,E23,122,431,0.8,8.257
1,1.3,E23,122,431,1,12.41
1,1.3,E23,122,431,1.2,16.29
1,1.3,E23,122,431,1.4,20.16
1,1.3,E23,122,431,1.6,24.06
1,1.3,E23,122,431,1.7,28.39
1,1.3,E23,122,431,1.9,32.18
1,1.3,E23,122,431,2.1,35.87
1,1.3,E23,122,431,2.2,40.11
1,1.3,E23,122,431,2.4,43.75
1,1.3,E23,122,431,2.5,47.94
1,1.3,E23,122,431,2.7,51.56
1,1.3,E23,122,431,2.9,55.54
1,1.3,E23,122,431,3,60.11
1,1.3,E23,122,431,3.2,64.07
1,1.3,E23,122,431,3.3,68.63
1,1.3,E23,122,431,3.5,72.49
1,1.3,E23,122,431,3.7,76.3
1,1.3,E23,122,431,3.8,80.77
1,1.3,E23,122,431,4,84.56
1,1.3,E23,122,431,4.2,88.28
1,1.3,E23,122,431,4.4,91.85
1,1.3,E23,122,431,4.5,96.18
1,1.3,E23,122,431,4.7,99.67
1,1.3,E23,122,431,4.9,103.2
1,1.3,E23,122,431,5,107.5
1,1.3,E23,122,431,5.2,111
1,1.3,E23,122,431,5.3,115.4
1,1.3,E23,122,431,5.5,118.9
1,1.3,E23,122,431,5.7,122.6
1,1.3,E23,122,431,5.9,126.4
1,1.3,E23,122,431,6.1,130.2
1,1.3,E23,122,431,6.3,134
1,1.3,E23,122,431,6.5,137.8
1,1.3,E23,122,431,6.7,141.6
1,1.3,E23,122,431,6.9,145.5
1,1.3,E23,122,431,7.1,149.4
1,1.3,E23,122,431,7.3,153.3
1,1.3,E23,122,431,7.6,156.3
1,1.3,E23,122,431,7.8,160
1,1.3,E23,122,431,8,163.8
1,1.3,E23,122,431,8.3,166.9
1,1.3,E23,122,431,8.5,170.8
1,1.3,E23,122,431,8.8,174.1
1,1.3,E23,122,431,9.1,177.3
1,1.3,E23,122,431,9.3,181.2
1,1.3,E23,122,431,9.6,184.6
1,1.3,E23,122,431,9.9,187.9
1,1.3,E23,122,431,10.2,191.4
1,1.3,E23,122,431,10.5,194.8
1,1.3,E23,122,431,10.8,198.2
1,1.3,E23,122,431,11.2,201
1,1.3,E23,122,431,11.5,204.4
1,1.3,E23,122,431,11.9,207.2
1,1.3,E23,122,431,12.3,210
1,1.3,E23,122,431,12.7,213
1,1.3,E23,122,431,13.1,215.9
1,1.3,E23,122,431,13.6,218.3
1,1.3,E23,122,431,14,221.5
1,1.3,E23,122,431,14.5,224.2
1,1.3,E23,122,431,15,227
1,1.3,E23,122,431,15.5,229.9
1,1.3,E23,122,431,16.1,232.5
1,1.3,E23,122,431,16.7,235.2
1,1.3,E23,122,431,17.3,237.9
1,1.3,E23,122,431,18,240.6
1,1.3,E23,122,431,18.8,243.3
1,1.3,E23,122,431,19.6,246.1
1,1.3,E23,122,431,20.6,248.6
1,1.3,E23,122,431,21.6,251
1,1.3,E23,122,431,22.6,253.3
1,1.3,E23,122,431,23.8,255.4
1,1.3,E23,122,431,25.1,257.3
1,1.3,E23,122,431,26.5,258.9
1,1.3,E23,122,431,28,261.4
1,1.3,E23,122,431,29.5,264.4
1,1.3,E23,122,431,31.3,267.7
1,1.3,E23,122,431,33.1,271.3
1,1.3,E23,122,431,35,274.1
1,1.3,E23,122,432,0.4,-1.332
1,1.3,E23,122,432,0.7,3.114
1,1.3,E23,122,432,1,6.598
1,1.3,E23,122,432,1.2,10.11
1,1.3,E23,122,432,1.5,13.17
1,1.3,E23,122,432,1.7,16.68
1,1.3,E23,122,432,1.8,20.62
1,1.3,E23,122,432,2,24.07
1,1.3,E23,122,432,2.2,27.4
1,1.3,E23,122,432,2.4,30.68
1,1.3,E23,122,432,2.6,33.93
1,1.3,E23,122,432,2.8,37.19
1,1.3,E23,122,432,2.9,41.02
1,1.3,E23,122,432,3.1,44.23
1,1.3,E23,122,432,3.3,48.25
1,1.3,E23,122,432,3.5,52.09
1,1.3,E23,122,432,3.7,55.89
1,1.3,E23,122,432,3.9,59.68
1,1.3,E23,122,432,4.1,63.48
1,1.3,E23,122,432,4.3,67.15
1,1.3,E23,122,432,4.5,70.7
1,1.3,E23,122,432,4.7,74.38
1,1.3,E23,122,432,4.9,78.01
1,1.3,E23,122,432,5,82.39
1,1.3,E23,122,432,5.1,86.78
1,1.3,E23,122,432,5.3,90.29
1,1.3,E23,122,432,5.5,93.8
1,1.3,E23,122,432,5.6,98.27
1,1.3,E23,122,432,5.8,102.1
1,1.3,E23,122,432,6,106.1
1,1.3,E23,122,432,6.2,110.1
1,1.3,E23,122,432,6.5,113.3
1,1.3,E23,122,432,6.7,117.2
1,1.3,E23,122,432,6.9,121.2
1,1.3,E23,122,432,7.1,125.1
1,1.3,E23,122,432,7.3,129.2
1,1.3,E23,122,432,7.6,132.4
1,1.3,E23,122,432,7.8,136.4
1,1.3,E23,122,432,8,140.4
1,1.3,E23,122,432,8.2,144.4
1,1.3,E23,122,432,8.4,148.5
1,1.3,E23,122,432,8.7,152
1,1.3,E23,122,432,9,155.4
1,1.3,E23,122,432,9.2,159.6
1,1.3,E23,122,432,9.5,163.1
1,1.3,E23,122,432,9.8,166.7
1,1.3,E23,122,432,10.1,170.3
1,1.3,E23,122,432,10.3,174.6
1,1.3,E23,122,432,10.7,177.7
1,1.3,E23,122,432,11,181.4
1,1.3,E23,122,432,11.3,185
1,1.3,E23,122,432,11.7,188
1,1.3,E23,122,432,12.1,191.1
1,1.3,E23,122,432,12.4,194.8
1,1.3,E23,122,432,12.8,198
1,1.3,E23,122,432,13.3,200.6
1,1.3,E23,122,432,13.7,203.9
1,1.3,E23,122,432,14.1,207.3
1,1.3,E23,122,432,14.6,210.2
1,1.3,E23,122,432,15.1,213.2
1,1.3,E23,122,432,15.6,216.3
1,1.3,E23,122,432,16.2,219
1,1.3,E23,122,432,16.7,222.3
1,1.3,E23,122,432,17.3,225.3
1,1.3,E23,122,432,18,228.1
1,1.3,E23,122,432,18.7,231.4
1,1.3,E23,122,432,19.4,234.7
1,1.3,E23,122,432,20.2,237.8
1,1.3,E23,122,432,21.1,240.6
1,1.3,E23,122,432,22,243.3
1,1.3,E23,122,432,22.9,246.2
1,1.3,E23,122,432,23.9,249.1
1,1.3,E23,122,432,25,251.7
1,1.3,E23,122,432,26.1,254.3
1,1.3,E23,122,432,27.3,257
1,1.3,E23,122,432,28.5,260.6
1,1.3,E23,122,432,29.7,264
1,1.3,E23,122,432,31.4,267.6
1,1.3,E23,122,432,33,271.5
1,1.3,E23,122,432,34.9,275
1,1.3,E23,122,432,35,275.6
1,1.3,E24,41,464,0,0
1,1.3,E24,41,464,1,18.8
1,1.3,E24,41,464,2,50.09
1,1.3,E24,41,464,3,85.49
1,1.3,E24,41,464,4,119.7
1,1.3,E24,41,464,5,146.2
1,1.3,E24,41,464,6,164.9
1,1.3,E24,41,464,7,179.3
1,1.3,E24,41,464,8,191.4
1,1.3,E24,41,464,9,204.9
1,1.3,E24,41,464,10,219.7
1,1.3,E24,41,464,11,235.8
1,1.3,E24,41,464,12,251.5
1,1.3,E24,41,464,13,266.8
1,1.3,E24,41,464,14,281.9
1,1.3,E24,41,464,15,296
1,1.3,E24,41,464,16,308.6
1,1.3,E24,41,464,17,320.3
1,1.3,E24,41,464,18,331.3
1,1.3,E24,41,464,19,341
1,1.3,E24,41,464,20,349.3
1,1.3,E24,41,464,21,356.8
1,1.3,E24,41,464,22,363
1,1.3,E24,41,464,23,368.6
1,1.3,E24,41,464,24,373.8
1,1.3,E24,41,464,25,378.1
1,1.3,E24,41,464,26,381.8
1,1.3,E24,41,464,27,385.5
1,1.3,E24,41,464,28,388.8
1,1.3,E24,41,464,29,390
1,1.3,E24,41,464,30,390
1,1.3,E24,41,464,31,390
1,1.3,E24,41,464,32,390
1,1.3,E24,41,464,33,390.1
1,1.3,E24,41,464,34,390.1
1,1.3,E24,41,464,35,390.8
1,1.3,E24,41,464,36,391.5
1,1.3,E24,41,464,37,393.4
1,1.3,E24,41,464,38,394.9
1,1.3,E24,41,464,39,396.2
1,1.3,E24,41,464,40,395.8
1,1.3,E24,41,465,0,0
1,1.3,E24,41,465,1,24.52
1,1.3,E24,41,465,2,59.61
1,1.3,E24,41,465,3,101.1
1,1.3,E24,41,465,4,141.2
1,1.3,E24,41,465,5,173.8
1,1.3,E24,41,465,6,199.7
1,1.3,E24,41,465,7,215.6
1,1.3,E24,41,465,8,226.9
1,1.3,E24,41,465,9,239
1,1.3,E24,41,465,10,251.5
1,1.3,E24,41,465,11,265.9
1,1.3,E24,41,465,12,282
1,1.3,E24,41,465,13,298.6
1,1.3,E24,41,465,14,315.5
1,1.3,E24,41,465,15,331.2
1,1.3,E24,41,465,16,345.2
1,1.3,E24,41,465,17,358.5
1,1.3,E24,41,465,18,370.2
1,1.3,E24,41,465,19,380.9
1,1.3,E24,41,465,20,390.2
1,1.3,E24,41,465,21,398.3
1,1.3,E24,41,465,22,405.1
1,1.3,E24,41,465,23,410.7
1,1.3,E24,41,465,24,416.8
1,1.3,E24,41,465,25,421.9
1,1.3,E24,41,465,26,426.4
1,1.3,E24,41,465,27,431.2
1,1.3,E24,41,465,28,435.6
1,1.3,E24,41,465,29,438.5
1,1.3,E24,41,465,30,438.5
1,1.3,E24,41,465,31,438.6
1,1.3,E24,41,465,32,438.6
1,1.3,E24,41,465,33,438.6
1,1.3,E24,41,465,34,438.7
1,1.3,E24,41,465,35,439.4
1,1.3,E24,41,465,36,440.1
1,1.3,E24,41,465,37,442
1,1.3,E24,41,465,38,443.2
1,1.3,E24,41,465,39,444
1,1.3,E24,41,465,40,444.3
1,1.3,E24,41,466,0,0
1,1.3,E24,41,466,1,21.36
1,1.3,E24,41,466,2,55.72
1,1.3,E24,41,466,3,93.75
1,1.3,E24,41,466,4,127.8
1,1.3,E24,41,466,5,151.5
1,1.3,E24,41,466,6,168.6
1,1.3,E24,41,466,7,182.6
1,1.3,E24,41,466,8,194.9
1,1.3,E24,41,466,9,209.1
1,1.3,E24,41,466,10,225.2
1,1.3,E24,41,466,11,241.6
1,1.3,E24,41,466,12,258.3
1,1.3,E24,41,466,13,274.3
1,1.3,E24,41,466,14,291.1
1,1.3,E24,41,466,15,306
1,1.3,E24,41,466,16,319.8
1,1.3,E24,41,466,17,332.4
1,1.3,E24,41,466,18,343.6
1,1.3,E24,41,466,19,353.8
1,1.3,E24,41,466,20,362.3
1,1.3,E24,41,466,21,369.9
1,1.3,E24,41,466,22,376.1
1,1.3,E24,41,466,23,381.3
1,1.3,E24,41,466,24,386
1,1.3,E24,41,466,25,391.9
1,1.3,E24,41,466,26,393.8
1,1.3,E24,41,466,27,397.4
1,1.3,E24,41,466,28,400
1,1.3,E24,41,466,29,402.1
1,1.3,E24,41,466,30,402.1
1,1.3,E24,41,466,31,402.2
1,1.3,E24,41,466,32,402.3
1,1.3,E24,41,466,33,402.3
1,1.3,E24,41,466,34,402.4
1,1.3,E24,41,466,35,403.2
1,1.3,E24,41,466,36,403.2
1,1.3,E24,41,466,37,404.1
1,1.3,E24,41,466,38,404.6
1,1.3,E24,41,466,39,404.8
1,1.3,E24,41,466,40,405.6
1,1.3,E24,41,467,0,0
1,1.3,E24,41,467,1,-14.69
1,1.3,E24,41,467,2,-12.09
1,1.3,E24,41,467,3,35.96
1,1.3,E24,41,467,4,99.45
1,1.3,E24,41,467,5,180.6
1,1.3,E24,41,467,6,266.6
1,1.3,E24,41,467,7,334.3
1,1.3,E24,41,467,8,377
1,1.3,E24,41,467,9,416.8
1,1.3,E24,41,467,10,455.2
1,1.3,E24,41,467,11,483.4
1,1.3,E24,41,467,12,495.9
1,1.3,E24,41,467,13,504.3
1,1.3,E24,41,467,14,512.5
1,1.3,E24,41,467,15,519.3
1,1.3,E24,41,467,16,525.4
1,1.3,E24,41,467,17,531.6
1,1.3,E24,41,467,18,537.9
1,1.3,E24,41,467,19,545.3
1,1.3,E24,41,467,20,554
1,1.3,E24,41,467,21,561.7
1,1.3,E24,41,467,22,568.9
1,1.3,E24,41,467,23,576.3
1,1.3,E24,41,467,24,583.9
1,1.3,E24,41,467,25,590.4
1,1.3,E24,41,467,26,596.2
1,1.3,E24,41,467,27,601.1
1,1.3,E24,41,467,28,604.8
1,1.3,E24,41,467,29,607.6
1,1.3,E24,41,467,30,608
1,1.3,E24,41,467,31,608.1
1,1.3,E24,41,467,32,608.2
1,1.3,E24,41,467,33,608.2
1,1.3,E24,41,467,34,608.3
1,1.3,E24,41,467,35,609
1,1.3,E24,41,467,36,609.1
1,1.3,E24,41,467,37,610.1
1,1.3,E24,41,467,38,611
1,1.3,E24,41,467,39,611.7
1,1.3,E24,41,467,40,611.4
1,1.3,E24,41,468,0,0
1,1.3,E24,41,468,1,25.68
1,1.3,E24,41,468,2,62.49
1,1.3,E24,41,468,3,60.78
1,1.3,E24,41,468,4,58.87
1,1.3,E24,41,468,5,69.29
1,1.3,E24,41,468,6,154.3
1,1.3,E24,41,468,7,223.8
1,1.3,E24,41,468,8,271.8
1,1.3,E24,41,468,9,316.2
1,1.3,E24,41,468,10,350.1
1,1.3,E24,41,468,11,373.9
1,1.3,E24,41,468,12,385.8
1,1.3,E24,41,468,13,396.8
1,1.3,E24,41,468,14,406.8
1,1.3,E24,41,468,15,415.7
1,1.3,E24,41,468,16,422.8
1,1.3,E24,41,468,17,430
1,1.3,E24,41,468,18,437.2
1,1.3,E24,41,468,19,444.7
1,1.3,E24,41,468,20,452
1,1.3,E24,41,468,21,457.4
1,1.3,E24,41,468,22,462.9
1,1.3,E24,41,468,23,468.9
1,1.3,E24,41,468,24,475.9
1,1.3,E24,41,468,25,482.7
1,1.3,E24,41,468,26,489
1,1.3,E24,41,468,27,495
1,1.3,E24,41,468,28,500.3
1,1.3,E24,41,468,29,503.3
1,1.3,E24,41,468,30,503.3
1,1.3,E24,41,468,31,503.3
1,1.3,E24,41,468,32,503.4
1,1.3,E24,41,468,33,503.4
1,1.3,E24,41,468,34,503.5
1,1.3,E24,41,468,35,502.7
1,1.3,E24,41,468,36,503.1
1,1.3,E24,41,468,37,505
1,1.3,E24,41,468,38,505.7
1,1.3,E24,41,468,39,506.4
1,1.3,E24,41,468,40,506.7
1,1.3,E24,41,469,0,0
1,1.3,E24,41,469,1,20.02
1,1.3,E24,41,469,2,52.23
1,1.3,E24,41,469,3,85.77
1,1.3,E24,41,469,4,130.7
1,1.3,E24,41,469,5,192.7
1,1.3,E24,41,469,6,266
1,1.3,E24,41,469,7,341.1
1,1.3,E24,41,469,8,396.9
1,1.3,E24,41,469,9,434.9
1,1.3,E24,41,469,10,472.3
1,1.3,E24,41,469,11,508.2
1,1.3,E24,41,469,12,527.5
1,1.3,E24,41,469,13,548.7
1,1.3,E24,41,469,14,559
1,1.3,E24,41,469,15,568
1,1.3,E24,41,469,16,576.2
1,1.3,E24,41,469,17,584.5
1,1.3,E24,41,469,18,590.9
1,1.3,E24,41,469,19,597.4
1,1.3,E24,41,469,20,603.8
1,1.3,E24,41,469,21,611.4
1,1.3,E24,41,469,22,619.2
1,1.3,E24,41,469,23,625.8
1,1.3,E24,41,469,24,633.4
1,1.3,E24,41,469,25,640.7
1,1.3,E24,41,469,26,647.4
1,1.3,E24,41,469,27,654
1,1.3,E24,41,469,28,659.6
1,1.3,E24,41,469,29,663
1,1.3,E24,41,469,30,663
1,1.3,E24,41,469,31,663.1
1,1.3,E24,41,469,32,663.1
1,1.3,E24,41,469,33,663.1
1,1.3,E24,41,469,34,663.2
1,1.3,E24,41,469,35,662.3
1,1.3,E24,41,469,36,662.5
1,1.3,E24,41,469,37,663.1
1,1.3,E24,41,469,38,663.7
1,1.3,E24,41,469,39,663.6
1,1.3,E24,41,469,40,664
1,1.3,E24,41,472,0,0
1,1.3,E24,41,472,1,-17.75
1,1.3,E24,41,472,2,-14.89
1,1.3,E24,41,472,3,25.78
1,1.3,E24,41,472,4,66.12
1,1.3,E24,41,472,5,117.5
1,1.3,E24,41,472,6,174.4
1,1.3,E24,41,472,7,245.8
1,1.3,E24,41,472,8,327.2
1,1.3,E24,41,472,9,395.8
1,1.3,E24,41,472,10,423.5
1,1.3,E24,41,472,11,438.7
1,1.3,E24,41,472,12,452.1
1,1.3,E24,41,472,13,463.8
1,1.3,E24,41,472,14,475.3
1,1.3,E24,41,472,15,485.8
1,1.3,E24,41,472,16,494.7
1,1.3,E24,41,472,17,503.1
1,1.3,E24,41,472,18,509.9
1,1.3,E24,41,472,19,515.9
1,1.3,E24,41,472,20,521
1,1.3,E24,41,472,21,524.5
1,1.3,E24,41,472,22,527.5
1,1.3,E24,41,472,23,530.1
1,1.3,E24,41,472,24,532.9
1,1.3,E24,41,472,25,535.5
1,1.3,E24,41,472,26,538
1,1.3,E24,41,472,27,540.4
1,1.3,E24,41,472,28,542.1
1,1.3,E24,41,472,29,543.3
1,1.3,E24,41,472,30,543.4
1,1.3,E24,41,472,31,543.4
1,1.3,E24,41,472,32,543.5
1,1.3,E24,41,472,33,543.5
1,1.3,E24,41,472,34,543.6
1,1.3,E24,41,472,35,542.3
1,1.3,E24,41,472,36,542.6
1,1.3,E24,41,472,37,542.8
1,1.3,E24,41,472,38,542.7
1,1.3,E24,41,472,39,542
1,1.3,E24,41,472,40,541.7
1,1.3,E24,41,473,0,0
1,1.3,E24,41,473,1,2.481
1,1.3,E24,41,473,2,39.39
1,1.3,E24,41,473,3,79.06
1,1.3,E24,41,473,4,113.9
1,1.3,E24,41,473,5,148.3
1,1.3,E24,41,473,6,190.9
1,1.3,E24,41,473,7,252.1
1,1.3,E24,41,473,8,329.1
1,1.3,E24,41,473,9,413.2
1,1.3,E24,41,473,10,452.5
1,1.3,E24,41,473,11,467.3
1,1.3,E24,41,473,12,482.4
1,1.3,E24,41,473,13,492.4
1,1.3,E24,41,473,14,502.9
1,1.3,E24,41,473,15,512.4
1,1.3,E24,41,473,16,520.9
1,1.3,E24,41,473,17,529.1
1,1.3,E24,41,473,18,536
1,1.3,E24,41,473,19,542.4
1,1.3,E24,41,473,20,548.7
1,1.3,E24,41,473,21,553.4
1,1.3,E24,41,473,22,556.1
1,1.3,E24,41,473,23,558.1
1,1.3,E24,41,473,24,560.2
1,1.3,E24,41,473,25,561.4
1,1.3,E24,41,473,26,562.2
1,1.3,E24,41,473,27,563.9
1,1.3,E24,41,473,28,563.9
1,1.3,E24,41,473,29,563.8
1,1.3,E24,41,473,30,563.8
1,1.3,E24,41,473,31,563.8
1,1.3,E24,41,473,32,563.8
1,1.3,E24,41,473,33,563.8
1,1.3,E24,41,473,34,563.8
1,1.3,E24,41,473,35,559.7
1,1.3,E24,41,473,36,558.3
1,1.3,E24,41,473,37,557.3
1,1.3,E24,41,473,38,556.2
1,1.3,E24,41,473,39,554.3
1,1.3,E24,41,474,0,0
1,1.3,E24,41,474,1,2.025
1,1.3,E24,41,474,2,40.09
1,1.3,E24,41,474,3,78.78
1,1.3,E24,41,474,4,112.6
1,1.3,E24,41,474,5,145.7
1,1.3,E24,41,474,6,188.4
1,1.3,E24,41,474,7,249.8
1,1.3,E24,41,474,8,326.1
1,1.3,E24,41,474,9,406.1
1,1.3,E24,41,474,10,439
1,1.3,E24,41,474,11,451.5
1,1.3,E24,41,474,12,464.2
1,1.3,E24,41,474,13,472.8
1,1.3,E24,41,474,14,481.4
1,1.3,E24,41,474,15,489.1
1,1.3,E24,41,474,16,495.6
1,1.3,E24,41,474,17,501.9
1,1.3,E24,41,474,18,507.3
1,1.3,E24,41,474,19,512.8
1,1.3,E24,41,474,20,516.9
1,1.3,E24,41,474,21,520.7
1,1.3,E24,41,474,22,521.6
1,1.3,E24,41,474,23,522
1,1.3,E24,41,474,24,522.8
1,1.3,E24,41,474,25,522.2
1,1.3,E24,41,474,26,521.6
1,1.3,E24,41,474,27,521
1,1.3,E24,41,474,28,520.5
1,1.3,E24,41,474,29,520.3
1,1.3,E24,41,474,30,520.4
1,1.3,E24,41,474,31,520.4
1,1.3,E24,41,474,32,520.5
1,1.3,E24,41,474,33,520.6
1,1.3,E24,41,474,34,520.7
1,1.3,E24,41,474,35,518.5
1,1.3,E24,41,475,0,0
1,1.3,E24,41,475,1,77.25
1,1.3,E24,41,475,2,149.6
1,1.3,E24,41,475,3,239.3
1,1.3,E24,41,475,4,318.9
1,1.3,E24,41,475,5,356.6
1,1.3,E24,41,475,6,370.7
1,1.3,E24,41,475,7,381.5
1,1.3,E24,41,475,8,387.7
1,1.3,E24,41,475,9,393.9
1,1.3,E24,41,475,10,399.9
1,1.3,E24,41,475,11,407.8
1,1.3,E24,41,475,12,416.8
1,1.3,E24,41,475,13,427.3
1,1.3,E24,41,475,14,439.6
1,1.3,E24,41,475,15,452.1
1,1.3,E24,41,475,16,464.2
1,1.3,E24,41,475,17,475.1
1,1.3,E24,41,475,18,484.2
1,1.3,E24,41,475,19,492.6
1,1.3,E24,41,475,20,499.3
1,1.3,E24,41,475,21,505.4
1,1.3,E24,41,475,22,510.2
1,1.3,E24,41,475,23,514.3
1,1.3,E24,41,475,24,518.5
1,1.3,E24,41,475,25,522.3
1,1.3,E24,41,475,26,525.8
1,1.3,E24,41,475,27,528.9
1,1.3,E24,41,475,28,529.3
1,1.3,E24,41,475,29,529.1
1,1.3,E24,41,475,30,529.2
1,1.3,E24,41,475,31,529.2
1,1.3,E24,41,475,32,529.2
1,1.3,E24,41,475,33,529.2
1,1.3,E24,41,475,34,529.3
1,1.3,E24,41,475,35,528
1,1.3,E24,41,475,36,527.7
1,1.3,E24,41,475,37,527.2
1,1.3,E24,41,475,38,526.7
1,1.3,E24,41,475,39,526
1,1.3,E24,41,475,40,525.4
1,1.3,E24,41,476,0,0
1,1.3,E24,41,476,1,60.75
1,1.3,E24,41,476,2,112.9
1,1.3,E24,41,476,3,167.2
1,1.3,E24,41,476,4,216.6
1,1.3,E24,41,476,5,262.6
1,1.3,E24,41,476,6,276.4
1,1.3,E24,41,476,7,278.7
1,1.3,E24,41,476,8,278.7
1,1.3,E24,41,476,9,275.9
1,1.3,E24,41,476,10,272
1,1.3,E24,41,476,11,267
1,1.3,E24,41,476,12,262.4
1,1.3,E24,41,476,13,262.8
1,1.3,E24,41,476,14,265.5
1,1.3,E24,41,476,15,269.1
1,1.3,E24,41,476,16,271.5
1,1.3,E24,41,476,17,270.5
1,1.3,E24,41,476,18,269.2
1,1.3,E24,41,476,19,268.1
1,1.3,E24,41,476,20,268
1,1.3,E24,41,476,21,267.9
1,1.3,E24,41,476,22,267.5
1,1.3,E24,41,476,23,265.6
1,1.3,E24,41,476,24,263.3
1,1.3,E24,41,476,25,261.7
1,1.3,E24,41,476,26,259.8
1,1.3,E24,41,476,27,257.3
1,1.3,E24,41,476,28,254.8
1,1.3,E24,41,476,29,253.1
1,1.3,E24,41,476,30,252.7
1,1.3,E24,41,477,0,0
1,1.3,E24,41,477,1,64.59
1,1.3,E24,41,477,2,121.3
1,1.3,E24,41,477,3,186.3
1,1.3,E24,41,477,4,253.2
1,1.3,E24,41,477,5,314
1,1.3,E24,41,477,6,341.5
1,1.3,E24,41,477,7,351.7
1,1.3,E24,41,477,8,358.5
1,1.3,E24,41,477,9,364.3
1,1.3,E24,41,477,10,425.2
1,1.3,E24,41,477,11,372.7
1,1.3,E24,41,477,12,377.6
1,1.3,E24,41,477,13,385
1,1.3,E24,41,477,14,396.7
1,1.3,E24,41,477,15,408.4
1,1.3,E24,41,477,16,418.6
1,1.3,E24,41,477,17,428.9
1,1.3,E24,41,477,18,438.7
1,1.3,E24,41,477,19,447.8
1,1.3,E24,41,477,20,455.8
1,1.3,E24,41,477,21,463.1
1,1.3,E24,41,477,22,468.4
1,1.3,E24,41,477,23,473.1
1,1.3,E24,41,477,24,477.8
1,1.3,E24,41,477,25,482.1
1,1.3,E24,41,477,26,485.7
1,1.3,E24,41,477,27,489.6
1,1.3,E24,41,477,28,492.7
1,1.3,E24,41,477,29,493
1,1.3,E24,41,477,30,493
1,1.3,E24,41,477,31,493.1
1,1.3,E24,41,477,32,493.1
1,1.3,E24,41,477,33,493.2
1,1.3,E24,41,477,34,493.2
1,1.3,E24,41,477,35,492.4
1,1.3,E24,41,477,36,492.5
1,1.3,E24,41,477,37,492.6
1,1.3,E24,41,477,38,492.4
1,1.3,E24,41,477,39,491.5
1,1.3,E24,41,477,40,491.6
1,1.3,E26,49,1415,0,0
1,1.3,E26,49,1415,5,102.5
1,1.3,E26,49,1415,10,145
1,1.3,E26,49,1415,15,182.3
1,1.3,E26,49,1415,20,209.6
1,1.3,E26,49,1415,25,224.2
1,1.3,E26,49,1415,30,230.4
1,1.3,E26,49,1416,0,0
1,1.3,E26,49,1416,5,67.6
1,1.3,E26,49,1416,10,110.1
1,1.3,E26,49,1416,15,131.2
1,1.3,E26,49,1416,20,158.5
1,1.3,E26,49,1416,25,173.1
1,1.3,E26,49,1416,30,180.9
1,1.3,E26,49,1417,0,0
1,1.3,E26,49,1417,5,59.49
1,1.3,E26,49,1417,10,118.2
1,1.3,E26,49,1417,15,155.6
1,1.3,E26,49,1417,20,182.9
1,1.3,E26,49,1417,25,199
1,1.3,E26,49,1417,30,204.5
1,1.3,E26,49,1418,0,0
1,1.3,E26,49,1418,5,101.1
1,1.3,E26,49,1418,10,158.3
1,1.3,E26,49,1418,15,206.3
1,1.3,E26,49,1418,20,244.5
1,1.3,E26,49,1418,25,274.8
1,1.3,E26,49,1418,30,292.2
1,1.3,E26,49,1419,0,0
1,1.3,E26,49,1419,5,101.1
1,1.3,E26,49,1419,10,158.3
1,1.3,E26,49,1419,15,206.3
1,1.3,E26,49,1419,20,244.5
1,1.3,E26,49,1419,25,274.8
1,1.3,E26,49,1419,30,292.2
1,1.3,E26,49,1420,0,0
1,1.3,E26,49,1420,5,77.11
1,1.3,E26,49,1420,10,134.3
1,1.3,E26,49,1420,15,182.3
1,1.3,E26,49,1420,20,220.5
1,1.3,E26,49,1420,25,250.8
1,1.3,E26,49,1420,30,266.6
1,1.3,E26,49,1423,0,0
1,1.3,E26,49,1423,5,31.86
1,1.3,E26,49,1423,10,43.77
1,1.3,E26,49,1423,15,94.62
1,1.3,E26,49,1423,20,120.5
1,1.3,E26,49,1423,25,169
1,1.3,E26,49,1423,30,181.1
1,1.3,E26,49,1424,0,0
1,1.3,E26,49,1424,5,29.55
1,1.3,E26,49,1424,10,79.97
1,1.3,E26,49,1424,15,121.6
1,1.3,E26,49,1424,20,165.2
1,1.3,E26,49,1424,25,194.4
1,1.3,E26,49,1424,30,206.5
1,1.3,E26,49,1425,0,0
1,1.3,E26,49,1425,5,41.11
1,1.3,E26,49,1425,10,83.82
1,1.3,E26,49,1425,15,131.6
1,1.3,E26,49,1425,20,168.3
1,1.3,E26,49,1425,25,195.2
1,1.3,E26,49,1425,30,208.8
1,1.3,E26,49,1426,0,0
1,1.3,E26,49,1426,5,34.17
1,1.3,E26,49,1426,10,46.93
1,1.3,E26,49,1426,15,101.4
1,1.3,E26,49,1426,20,129.3
1,1.3,E26,49,1426,25,181.2
1,1.3,E26,49,1426,30,194.2
1,1.3,E26,49,1427,0,0
1,1.3,E26,49,1427,5,63.06
1,1.3,E26,49,1427,10,92.34
1,1.3,E26,49,1427,15,117.1
1,1.3,E26,49,1427,20,144.9
1,1.3,E26,49,1427,25,196.9
1,1.3,E26,49,1427,30,209.9
1,1.3,E26,49,1428,0,0
1,1.3,E26,49,1428,5,63.06
1,1.3,E26,49,1428,10,92.34
1,1.3,E26,49,1428,15,117.1
1,1.3,E26,49,1428,20,144.9
1,1.3,E26,49,1428,25,196.9
1,1.3,E26,49,1428,30,209.9
1,1.3,E27,82,1704,0,0
1,1.3,E27,82,1704,0.9,112.1
1,1.3,E27,82,1704,1.9,198.8
1,1.3,E27,82,1704,2.9,243.6
1,1.3,E27,82,1704,3.9,266.2
1,1.3,E27,82,1704,4.9,279.8
1,1.3,E27,82,1704,5.9,294.3
1,1.3,E27,82,1704,6.9,301.9
1,1.3,E27,82,1704,8.2,309.8
1,1.3,E27,82,1704,8.9,310.5
1,1.3,E27,82,1704,9.9,314.7
1,1.3,E27,82,1704,10.9,319.5
1,1.3,E27,82,1704,12,322.5
1,1.3,E27,82,1704,12.9,325.3
1,1.3,E27,82,1704,14.1,328.2
1,1.3,E27,82,1704,14.9,329.6
1,1.3,E27,82,1704,15.9,333
1,1.3,E27,82,1704,16.9,337.4
1,1.3,E27,82,1704,20.9,343.8
1,1.3,E27,82,1704,22.9,347.1
1,1.3,E27,82,1704,24.9,349.2
1,1.3,E27,82,1704,27.9,349.8
1,1.3,E27,82,1704,29.9,351.3
1,1.3,E27,82,1704,31.9,353.6
1,1.3,E27,82,1704,34.9,355.5
1,1.3,E27,82,1704,36.9,357
1,1.3,E27,82,1704,39,359.4
1,1.3,E27,82,1704,41.9,360
1,1.3,E27,82,1704,43.9,360.8
1,1.3,E27,82,1704,45.9,361.8
1,1.3,E27,82,1704,48.9,362.9
1,1.3,E27,82,1704,50.9,364.5
1,1.3,E27,82,1704,52.9,364.5
1,1.3,E27,82,1705,0,0
1,1.3,E27,82,1705,0.9,103.2
1,1.3,E27,82,1705,1.9,181.4
1,1.3,E27,82,1705,2.9,223.6
1,1.3,E27,82,1705,3.9,243.9
1,1.3,E27,82,1705,4.9,256
1,1.3,E27,82,1705,5.9,269.1
1,1.3,E27,82,1705,6.9,275.9
1,1.3,E27,82,1705,8.2,282.1
1,1.3,E27,82,1705,8.9,282.9
1,1.3,E27,82,1705,9.9,285.2
1,1.3,E27,82,1705,10.9,288.8
1,1.3,E27,82,1705,12,291.1
1,1.3,E27,82,1705,12.9,293.5
1,1.3,E27,82,1705,14.1,296.6
1,1.3,E27,82,1705,14.9,298.2
1,1.3,E27,82,1705,15.9,300.6
1,1.3,E27,82,1705,16.9,304.1
1,1.3,E27,82,1705,20.9,309.7
1,1.3,E27,82,1705,22.9,312.6
1,1.3,E27,82,1705,24.9,314.4
1,1.3,E27,82,1705,27.9,316.7
1,1.3,E27,82,1705,29.9,318.6
1,1.3,E27,82,1705,31.9,320.7
1,1.3,E27,82,1705,34.9,322.3
1,1.3,E27,82,1705,36.9,322.7
1,1.3,E27,82,1705,39,324.3
1,1.3,E27,82,1705,41.9,324.6
1,1.3,E27,82,1705,43.9,325.1
1,1.3,E27,82,1705,45.9,325.2
1,1.3,E27,82,1705,48.9,325.9
1,1.3,E27,82,1705,50.9,326.8
1,1.3,E27,82,1705,52.9,327.2
1,1.3,E27,82,1706,0,0
1,1.3,E27,82,1706,0.9,103.7
1,1.3,E27,82,1706,1.9,181.8
1,1.3,E27,82,1706,2.9,222.4
1,1.3,E27,82,1706,3.9,242.7
1,1.3,E27,82,1706,4.9,254.8
1,1.3,E27,82,1706,5.9,266.2
1,1.3,E27,82,1706,6.9,272.3
1,1.3,E27,82,1706,8.2,278.2
1,1.3,E27,82,1706,8.9,280.1
1,1.3,E27,82,1706,9.9,284.5
1,1.3,E27,82,1706,10.9,287.6
1,1.3,E27,82,1706,12,289.5
1,1.3,E27,82,1706,12.9,291.8
1,1.3,E27,82,1706,14.1,294.7
1,1.3,E27,82,1706,14.9,296.1
1,1.3,E27,82,1706,15.9,298.7
1,1.3,E27,82,1706,16.9,300.7
1,1.3,E27,82,1706,20.9,306.2
1,1.3,E27,82,1706,22.9,309.6
1,1.3,E27,82,1706,24.9,311.8
1,1.3,E27,82,1706,27.9,312.3
1,1.3,E27,82,1706,29.9,314.6
1,1.3,E27,82,1706,31.9,315.1
1,1.3,E27,82,1706,34.9,318.8
1,1.3,E27,82,1706,36.9,319.4
1,1.3,E27,82,1706,39,321
1,1.3,E27,82,1706,41.9,321.5
1,1.3,E27,82,1706,43.9,321.6
1,1.3,E27,82,1706,45.9,322.3
1,1.3,E27,82,1706,48.9,323.3
1,1.3,E27,82,1706,50.9,324.1
1,1.3,E27,82,1706,52.9,324.6
1,1.3,E27,82,1709,0,0
1,1.3,E27,82,1709,0.9,1.009
1,1.3,E27,82,1709,1.9,3.036
1,1.3,E27,82,1709,2.9,42.32
1,1.3,E27,82,1709,3.9,107
1,1.3,E27,82,1709,4.9,189.7
1,1.3,E27,82,1709,5.9,240.4
1,1.3,E27,82,1709,6.9,291.8
1,1.3,E27,82,1709,8.2,329.4
1,1.3,E27,82,1709,8.9,336.3
1,1.3,E27,82,1709,9.9,342.9
1,1.3,E27,82,1709,10.9,346.7
1,1.3,E27,82,1709,12,349.8
1,1.3,E27,82,1709,12.9,351.5
1,1.3,E27,82,1709,14.1,353.2
1,1.3,E27,82,1709,14.9,353.6
1,1.3,E27,82,1709,15.9,354.6
1,1.3,E27,82,1709,16.9,355
1,1.3,E27,82,1709,20.9,357.4
1,1.3,E27,82,1709,22.9,358.1
1,1.3,E27,82,1709,24.9,358.3
1,1.3,E27,82,1709,27.9,359.2
1,1.3,E27,82,1709,29.9,359
1,1.3,E27,82,1709,31.9,359.5
1,1.3,E27,82,1709,34.9,360.6
1,1.3,E27,82,1709,36.9,361
1,1.3,E27,82,1709,39,362.9
1,1.3,E27,82,1709,41.9,364.5
1,1.3,E27,82,1709,43.9,364.8
1,1.3,E27,82,1709,45.9,365
1,1.3,E27,82,1709,48.9,366
1,1.3,E27,82,1709,50.9,366.2
1,1.3,E27,82,1709,52.9,366.4
1,1.3,E27,82,1710,0,0
1,1.3,E27,82,1710,0.9,0.7857
1,1.3,E27,82,1710,1.9,4.115
1,1.3,E27,82,1710,2.9,41.67
1,1.3,E27,82,1710,3.9,105.7
1,1.3,E27,82,1710,4.9,191.1
1,1.3,E27,82,1710,5.9,242.9
1,1.3,E27,82,1710,6.9,293.3
1,1.3,E27,82,1710,8.2,332.7
1,1.3,E27,82,1710,8.9,339
1,1.3,E27,82,1710,9.9,345.9
1,1.3,E27,82,1710,10.9,350.4
1,1.3,E27,82,1710,12,354.3
1,1.3,E27,82,1710,12.9,356.4
1,1.3,E27,82,1710,14.1,357.7
1,1.3,E27,82,1710,14.9,358.1
1,1.3,E27,82,1710,15.9,359.6
1,1.3,E27,82,1710,16.9,360.6
1,1.3,E27,82,1710,20.9,362.9
1,1.3,E27,82,1710,22.9,362.9
1,1.3,E27,82,1710,24.9,364.1
1,1.3,E27,82,1710,27.9,365.7
1,1.3,E27,82,1710,29.9,366.6
1,1.3,E27,82,1710,31.9,366.6
1,1.3,E27,82,1710,34.9,367.7
1,1.3,E27,82,1710,36.9,368.3
1,1.3,E27,82,1710,39,370
1,1.3,E27,82,1710,41.9,370.1
1,1.3,E27,82,1710,43.9,369.8
1,1.3,E27,82,1710,45.9,369.8
1,1.3,E27,82,1710,48.9,370.1
1,1.3,E27,82,1710,50.9,370.3
1,1.3,E27,82,1710,52.9,370.7
1,1.3,E27,82,1711,0,0
1,1.3,E27,82,1711,0.9,0.8141
1,1.3,E27,82,1711,1.9,3.943
1,1.3,E27,82,1711,2.9,41.3
1,1.3,E27,82,1711,3.9,104.5
1,1.3,E27,82,1711,4.9,189.1
1,1.3,E27,82,1711,5.9,242.7
1,1.3,E27,82,1711,6.9,288.5
1,1.3,E27,82,1711,8.2,313.8
1,1.3,E27,82,1711,8.9,328.9
1,1.3,E27,82,1711,9.9,335.9
1,1.3,E27,82,1711,10.9,342.4
1,1.3,E27,82,1711,12,345.1
1,1.3,E27,82,1711,12.9,346
1,1.3,E27,82,1711,14.1,346.7
1,1.3,E27,82,1711,14.9,348.2
1,1.3,E27,82,1711,15.9,349.5
1,1.3,E27,82,1711,16.9,350.7
1,1.3,E27,82,1711,20.9,352.8
1,1.3,E27,82,1711,22.9,353.9
1,1.3,E27,82,1711,24.9,354.1
1,1.3,E27,82,1711,27.9,355
1,1.3,E27,82,1711,29.9,355.2
1,1.3,E27,82,1711,31.9,355.2
1,1.3,E27,82,1711,34.9,356.3
1,1.3,E27,82,1711,36.9,356.7
1,1.3,E27,82,1711,39,358
1,1.3,E27,82,1711,41.9,360.1
1,1.3,E27,82,1711,43.9,360.4
1,1.3,E27,82,1711,45.9,360.8
1,1.3,E27,82,1711,48.9,361.3
1,1.3,E27,82,1711,50.9,361.1
1,1.3,E27,82,1711,52.9,361.5
1,1.3,E27,82,1712,0,0
1,1.3,E27,82,1712,0.9,14.72
1,1.3,E27,82,1712,1.9,17.46
1,1.3,E27,82,1712,2.9,26.99
1,1.3,E27,82,1712,3.9,44.26
1,1.3,E27,82,1712,4.9,60.8
1,1.3,E27,82,1712,5.9,74.85
1,1.3,E27,82,1712,6.9,87.75
1,1.3,E27,82,1712,8.2,101.6
1,1.3,E27,82,1712,8.9,109.8
1,1.3,E27,82,1712,9.9,120.3
1,1.3,E27,82,1712,10.9,129.4
1,1.3,E27,82,1712,12,138.8
1,1.3,E27,82,1712,12.9,145.8
1,1.3,E27,82,1712,14.1,154.1
1,1.3,E27,82,1712,14.9,159.3
1,1.3,E27,82,1712,15.9,167.4
1,1.3,E27,82,1712,16.9,176.5
1,1.3,E27,82,1712,20.9,193.7
1,1.3,E27,82,1712,22.9,204.2
1,1.3,E27,82,1712,24.9,211.7
1,1.3,E27,82,1712,27.9,221.2
1,1.3,E27,82,1712,29.9,226
1,1.3,E27,82,1712,31.9,230.1
1,1.3,E27,82,1712,34.9,235.3
1,1.3,E27,82,1712,36.9,238.4
1,1.3,E27,82,1712,39,242.6
1,1.3,E27,82,1712,41.9,246
1,1.3,E27,82,1712,43.9,247.8
1,1.3,E27,82,1712,45.9,249.9
1,1.3,E27,82,1712,48.9,252.6
1,1.3,E27,82,1712,50.9,253.2
1,1.3,E27,82,1712,52.9,253.6
1,1.3,E27,82,1713,0,0
1,1.3,E27,82,1713,0.9,51.29
1,1.3,E27,82,1713,1.9,105.9
1,1.3,E27,82,1713,2.9,160.9
1,1.3,E27,82,1713,3.9,210.4
1,1.3,E27,82,1713,4.9,252.6
1,1.3,E27,82,1713,5.9,283
1,1.3,E27,82,1713,6.9,304.2
1,1.3,E27,82,1713,8.2,325.3
1,1.3,E27,82,1713,8.9,334.2
1,1.3,E27,82,1713,9.9,346
1,1.3,E27,82,1713,10.9,355.5
1,1.3,E27,82,1713,12,364.4
1,1.3,E27,82,1713,12.9,370.7
1,1.3,E27,82,1713,14.1,378.8
1,1.3,E27,82,1713,14.9,383.1
1,1.3,E27,82,1713,15.9,386.5
1,1.3,E27,82,1713,16.9,393.5
1,1.3,E27,82,1713,20.9,405.9
1,1.3,E27,82,1713,22.9,408.6
1,1.3,E27,82,1713,24.9,411.8
1,1.3,E27,82,1713,27.9,415.7
1,1.3,E27,82,1713,29.9,418.2
1,1.3,E27,82,1713,31.9,419.9
1,1.3,E27,82,1713,34.9,421
1,1.3,E27,82,1713,36.9,421.6
1,1.3,E27,82,1713,39,422.7
1,1.3,E27,82,1713,41.9,423.1
1,1.3,E27,82,1713,43.9,423.8
1,1.3,E27,82,1713,45.9,424.5
1,1.3,E27,82,1713,48.9,425.7
1,1.3,E27,82,1713,50.9,425.9
1,1.3,E27,82,1713,52.8,426.1
1,1.3,E27,82,1714,0,0
1,1.3,E27,82,1714,0.9,12.93
1,1.3,E27,82,1714,1.9,17.18
1,1.3,E27,82,1714,2.9,28.03
1,1.3,E27,82,1714,3.9,45.28
1,1.3,E27,82,1714,4.9,61.59
1,1.3,E27,82,1714,5.9,75.19
1,1.3,E27,82,1714,6.9,86.52
1,1.3,E27,82,1714,8.2,98.63
1,1.3,E27,82,1714,8.9,105.3
1,1.3,E27,82,1714,9.9,113.5
1,1.3,E27,82,1714,10.9,121.3
1,1.3,E27,82,1714,12,128.8
1,1.3,E27,82,1714,12.9,135.6
1,1.3,E27,82,1714,14.1,142.3
1,1.3,E27,82,1714,14.9,146.1
1,1.3,E27,82,1714,15.9,153.8
1,1.3,E27,82,1714,16.9,165.2
1,1.3,E27,82,1714,20.9,184.8
1,1.3,E27,82,1714,22.9,192.8
1,1.3,E27,82,1714,24.9,203.4
1,1.3,E27,82,1714,27.9,214.5
1,1.3,E27,82,1714,29.9,220.1
1,1.3,E27,82,1714,31.9,224.7
1,1.3,E27,82,1714,34.9,231
1,1.3,E27,82,1714,36.9,234.5
1,1.3,E27,82,1714,39,239
1,1.3,E27,82,1714,41.9,240.2
1,1.3,E27,82,1714,43.9,241.8
1,1.3,E27,82,1714,45.9,243.4
1,1.3,E27,82,1714,48.9,245
1,1.3,E27,82,1714,50.9,246.7
1,1.3,E27,82,1714,52.9,247.4
1,1.3,E27,82,1715,0,0
1,1.3,E27,82,1715,0.9,50.12
1,1.3,E27,82,1715,1.9,103.9
1,1.3,E27,82,1715,2.9,157.6
1,1.3,E27,82,1715,3.9,204.7
1,1.3,E27,82,1715,4.9,246.1
1,1.3,E27,82,1715,5.9,274
1,1.3,E27,82,1715,6.9,296.4
1,1.3,E27,82,1715,8.2,317
1,1.3,E27,82,1715,8.9,326.8
1,1.3,E27,82,1715,9.9,338.3
1,1.3,E27,82,1715,10.9,348.1
1,1.3,E27,82,1715,12,356.3
1,1.3,E27,82,1715,12.9,363.1
1,1.3,E27,82,1715,14.1,371.3
1,1.3,E27,82,1715,14.9,375.4
1,1.3,E27,82,1715,15.9,378.2
1,1.3,E27,82,1715,16.9,385.4
1,1.3,E27,82,1715,20.9,398.7
1,1.3,E27,82,1715,22.9,398.9
1,1.3,E27,82,1715,24.9,402.2
1,1.3,E27,82,1715,27.9,405
1,1.3,E27,82,1715,29.9,407.3
1,1.3,E27,82,1715,31.9,409
1,1.3,E27,82,1715,34.9,410.3
1,1.3,E27,82,1715,36.9,410.5
1,1.3,E27,82,1715,39,411.6
1,1.3,E27,82,1715,41.9,412.1
1,1.3,E27,82,1715,43.9,412.9
1,1.3,E27,82,1715,45.9,413.3
1,1.3,E27,82,1715,48.9,413.9
1,1.3,E27,82,1715,50.9,415
1,1.3,E27,82,1715,52.8,415
1,1.3,E27,82,1716,0,0
1,1.3,E27,82,1716,0.9,12.98
1,1.3,E27,82,1716,1.9,17.26
1,1.3,E27,82,1716,2.9,28.14
1,1.3,E27,82,1716,3.9,45.87
1,1.3,E27,82,1716,4.9,62.65
1,1.3,E27,82,1716,5.9,77.38
1,1.3,E27,82,1716,6.9,89.4
1,1.3,E27,82,1716,8.2,101.5
1,1.3,E27,82,1716,8.9,108.6
1,1.3,E27,82,1716,9.9,116.4
1,1.3,E27,82,1716,10.9,124.1
1,1.3,E27,82,1716,12,130.9
1,1.3,E27,82,1716,12.9,136.1
1,1.3,E27,82,1716,14.1,144.4
1,1.3,E27,82,1716,14.9,148.7
1,1.3,E27,82,1716,15.9,155.5
1,1.3,E27,82,1716,16.9,165.8
1,1.3,E27,82,1716,20.9,184.5
1,1.3,E27,82,1716,22.9,190.1
1,1.3,E27,82,1716,24.9,201.8
1,1.3,E27,82,1716,27.9,210
1,1.3,E27,82,1716,29.9,213.8
1,1.3,E27,82,1716,31.9,217.5
1,1.3,E27,82,1716,34.9,222.3
1,1.3,E27,82,1716,36.9,225.6
1,1.3,E27,82,1716,39,230.3
1,1.3,E27,82,1716,41.9,232.6
1,1.3,E27,82,1716,43.9,234.6
1,1.3,E27,82,1716,45.9,236.7
1,1.3,E27,82,1716,48.9,239.2
1,1.3,E27,82,1716,50.9,241.1
1,1.3,E27,82,1716,52.9,241.3
1,1.3,E27,82,1717,0,0
1,1.3,E27,82,1717,0.9,50.38
1,1.3,E27,82,1717,1.9,104.6
1,1.3,E27,82,1717,2.9,158.6
1,1.3,E27,82,1717,3.9,205.8
1,1.3,E27,82,1717,4.9,247.5
1,1.3,E27,82,1717,5.9,276.1
1,1.3,E27,82,1717,6.9,298.7
1,1.3,E27,82,1717,8.2,320.2
1,1.3,E27,82,1717,8.9,329.3
1,1.3,E27,82,1717,9.9,342
1,1.3,E27,82,1717,10.9,351.1
1,1.3,E27,82,1717,12,359.3
1,1.3,E27,82,1717,12.9,366.3
1,1.3,E27,82,1717,14.1,374.3
1,1.3,E27,82,1717,14.9,378.5
1,1.3,E27,82,1717,15.9,381
1,1.3,E27,82,1717,16.9,388.5
1,1.3,E27,82,1717,20.9,398.6
1,1.3,E27,82,1717,22.9,400.9
1,1.3,E27,82,1717,24.9,404
1,1.3,E27,82,1717,27.9,407.9
1,1.3,E27,82,1717,29.9,410.2
1,1.3,E27,82,1717,31.9,410.7
1,1.3,E27,82,1717,34.9,412.1
1,1.3,E27,82,1717,36.9,412.5
1,1.3,E27,82,1717,39,414.5
1,1.3,E27,82,1717,41.9,414.8
1,1.3,E27,82,1717,43.9,415.1
1,1.3,E27,82,1717,45.9,415.6
1,1.3,E27,82,1717,48.9,415.7
1,1.3,E27,82,1717,50.9,417
1,1.3,E27,82,1717,52.8,417
1,1.3,R01,19,1474,0,0
1,1.3,R01,19,1474,0.1,-0.5549
1,1.3,R01,19,1474,0.2,-0.4948
1,1.3,R01,19,1474,0.3,-0.03017
1,1.3,R01,19,1474,0.4,0.6247
1,1.3,R01,19,1474,0.5,1.767
1,1.3,R01,19,1474,0.6,4.52
1,1.3,R01,19,1474,0.7,7.72
1,1.3,R01,19,1474,0.8,12.45
1,1.3,R01,19,1474,0.9,22.52
1,1.3,R01,19,1474,1,31.79
1,1.3,R01,19,1474,1.1,47.04
1,1.3,R01,19,1474,1.2,58.03
1,1.3,R01,19,1474,1.3,74.47
1,1.3,R01,19,1474,1.4,85.39
1,1.3,R01,19,1474,1.5,96.2
1,1.3,R01,19,1474,1.6,111.6
1,1.3,R01,19,1474,1.7,122
1,1.3,R01,19,1474,1.8,131.8
1,1.3,R01,19,1474,1.9,146.5
1,1.3,R01,19,1474,2,156.9
1,1.3,R01,19,1474,2.1,171.9
1,1.3,R01,19,1474,2.2,181.7
1,1.3,R01,19,1474,2.3,197.4
1,1.3,R01,19,1474,2.4,208.3
1,1.3,R01,19,1474,2.5,219.6
1,1.3,R01,19,1474,2.6,237
1,1.3,R01,19,1474,2.7,248.9
1,1.3,R01,19,1474,2.8,260.7
1,1.3,R01,19,1474,2.9,277.4
1,1.3,R01,19,1474,3,286
1,1.3,R01,19,1474,3.1,297.9
1,1.3,R01,19,1474,3.2,304.6
1,1.3,R01,19,1474,3.3,313.2
1,1.3,R01,19,1474,3.4,318.1
1,1.3,R01,19,1474,3.5,321.8
1,1.3,R01,19,1474,3.6,327.2
1,1.3,R01,19,1474,3.7,330.3
1,1.3,R01,19,1474,3.8,332.9
1,1.3,R01,19,1474,3.9,336.2
1,1.3,R01,19,1474,4,338.6
1,1.3,R01,19,1474,4.1,341.1
1,1.3,R01,19,1474,4.2,342.6
1,1.3,R01,19,1474,4.3,344.8
1,1.3,R01,19,1474,4.4,346.3
1,1.3,R01,19,1474,4.5,347.6
1,1.3,R01,19,1474,4.6,349.2
1,1.3,R01,19,1474,4.7,350.2
1,1.3,R01,19,1474,4.8,351
1,1.3,R01,19,1474,4.9,352.4
1,1.3,R01,19,1474,5,353.1
1,1.3,R01,19,1474,5.1,354.2
1,1.3,R01,19,1474,5.2,354.9
1,1.3,R01,19,1474,5.3,355.8
1,1.3,R01,19,1474,5.4,356.3
1,1.3,R01,19,1474,5.5,356.8
1,1.3,R01,19,1474,5.6,357.5
1,1.3,R01,19,1474,5.7,358
1,1.3,R01,19,1474,5.8,358.4
1,1.3,R01,19,1474,5.9,359.1
1,1.3,R01,19,1474,6,359.5
1,1.3,R01,19,1474,6.1,360.2
1,1.3,R01,19,1474,6.2,360.6
1,1.3,R01,19,1474,6.3,361
1,1.3,R01,19,1474,6.4,361.3
1,1.3,R01,19,1474,6.5,361.6
1,1.3,R01,19,1474,6.6,362
1,1.3,R01,19,1474,6.7,362.3
1,1.3,R01,19,1474,6.8,362.6
1,1.3,R01,19,1474,6.9,363
1,1.3,R01,19,1474,7,363.3
1,1.3,R01,19,1474,7.1,363.7
1,1.3,R01,19,1474,7.2,364
1,1.3,R01,19,1474,7.3,364.3
1,1.3,R01,19,1474,7.4,364.6
1,1.3,R01,19,1474,7.5,364.8
1,1.3,R01,19,1474,7.6,365.1
1,1.3,R01,19,1474,7.7,365.4
1,1.3,R01,19,1474,7.8,365.6
1,1.3,R01,19,1474,7.9,366
1,1.3,R01,19,1474,8,366.2
1,1.3,R01,19,1474,8.1,366.6
1,1.3,R01,19,1474,8.2,366.7
1,1.3,R01,19,1474,8.3,367
1,1.3,R01,19,1474,8.4,367.2
1,1.3,R01,19,1474,8.5,367.4
1,1.3,R01,19,1474,8.6,367.7
1,1.3,R01,19,1474,8.7,367.9
1,1.3,R01,19,1474,8.8,368.1
1,1.3,R01,19,1474,8.9,368.4
1,1.3,R01,19,1474,9,368.7
1,1.3,R01,19,1474,9.1,369
1,1.3,R01,19,1474,9.2,369.1
1,1.3,R01,19,1474,9.3,369.3
1,1.3,R01,19,1474,9.4,369.5
1,1.3,R01,19,1474,9.5,369.6
1,1.3,R01,19,1474,9.6,369.9
1,1.3,R01,19,1474,9.7,370
1,1.3,R01,19,1474,9.8,370.2
1,1.3,R01,19,1474,9.9,370.5
1,1.3,R01,19,1474,10,370.6
1,1.3,R01,19,1474,10.1,370.8
1,1.3,R01,19,1474,10.2,370.9
1,1.3,R01,19,1474,10.3,371.1
1,1.3,R01,19,1474,10.4,371.2
1,1.3,R01,19,1474,10.5,371.3
1,1.3,R01,19,1474,10.6,371.5
1,1.3,R01,19,1474,10.7,371.7
1,1.3,R01,19,1474,10.8,371.8
1,1.3,R01,19,1474,10.9,372
1,1.3,R01,19,1474,11,372.1
1,1.3,R01,19,1474,11.1,372.3
1,1.3,R01,19,1474,11.2,372.4
1,1.3,R01,19,1474,11.3,372.6
1,1.3,R01,19,1474,11.4,372.7
1,1.3,R01,19,1474,11.5,372.8
1,1.3,R01,19,1474,11.6,373
1,1.3,R01,19,1474,11.7,373.1
1,1.3,R01,19,1474,11.8,373.2
1,1.3,R01,19,1474,11.9,373.4
1,1.3,R01,19,1474,12,373.5
1,1.3,R01,19,1474,12.1,373.6
1,1.3,R01,19,1474,12.2,373.7
1,1.3,R01,19,1474,12.3,373.8
1,1.3,R01,19,1474,12.4,373.9
1,1.3,R01,19,1474,12.5,374
1,1.3,R01,19,1474,12.6,374.1
1,1.3,R01,19,1474,12.7,374.2
1,1.3,R01,19,1474,12.8,374.3
1,1.3,R01,19,1474,12.9,374.4
1,1.3,R01,19,1474,13,374.5
1,1.3,R01,19,1474,13.1,374.7
1,1.3,R01,19,1474,13.2,374.8
1,1.3,R01,19,1474,13.3,374.9
1,1.3,R01,19,1474,13.4,375
1,1.3,R01,19,1474,13.5,375.1
1,1.3,R01,19,1474,13.6,375.2
1,1.3,R01,19,1474,13.7,375.3
1,1.3,R01,19,1474,13.8,375.3
1,1.3,R01,19,1474,13.9,375.4
1,1.3,R01,19,1474,14,375.5
1,1.3,R01,19,1474,14.1,375.6
1,1.3,R01,19,1474,14.2,375.7
1,1.3,R01,19,1474,14.3,375.8
1,1.3,R01,19,1474,14.4,375.8
1,1.3,R01,19,1474,14.5,375.9
1,1.3,R01,19,1474,14.6,376
1,1.3,R01,19,1474,14.7,376.1
1,1.3,R01,19,1474,14.8,376.1
1,1.3,R01,19,1474,14.9,376.2
1,1.3,R01,19,1474,15,376.3
1,1.3,R01,19,1474,15.1,376.5
1,1.3,R01,19,1474,15.2,376.5
1,1.3,R01,19,1474,15.3,376.7
1,1.3,R01,19,1474,15.4,376.8
1,1.3,R01,19,1474,15.5,376.9
1,1.3,R01,19,1474,15.6,377
1,1.3,R01,19,1474,15.7,377.1
1,1.3,R01,19,1474,15.8,377.2
1,1.3,R01,19,1474,15.9,377.3
1,1.3,R01,19,1474,16,377.4
1,1.3,R01,19,1474,16.1,377.5
1,1.3,R01,19,1474,16.2,377.6
1,1.3,R01,19,1474,16.3,377.7
1,1.3,R01,19,1474,16.4,377.8
1,1.3,R01,19,1474,16.5,377.9
1,1.3,R01,19,1474,16.6,378
1,1.3,R01,19,1474,16.7,378
1,1.3,R01,19,1474,16.8,378.1
1,1.3,R01,19,1474,16.9,378.2
1,1.3,R01,19,1474,17,378.3
1,1.3,R01,19,1474,17.1,378.4
1,1.3,R01,19,1474,17.2,378.4
1,1.3,R01,19,1474,17.3,378.5
1,1.3,R01,19,1474,17.4,378.6
1,1.3,R01,19,1474,17.5,378.7
1,1.3,R01,19,1474,17.6,378.9
1,1.3,R01,19,1474,17.7,379
1,1.3,R01,19,1474,17.8,379.1
1,1.3,R01,19,1474,17.9,379.2
1,1.3,R01,19,1474,18,379.3
1,1.3,R01,19,1474,18.1,379.4
1,1.3,R01,19,1474,18.2,379.5
1,1.3,R01,19,1474,18.3,379.6
1,1.3,R01,19,1474,18.4,379.6
1,1.3,R01,19,1474,18.5,379.7
1,1.3,R01,19,1474,18.6,379.8
1,1.3,R01,19,1474,18.7,379.8
1,1.3,R01,19,1474,18.8,379.9
1,1.3,R01,19,1474,18.9,380
1,1.3,R01,19,1474,19,380
1,1.3,R01,19,1474,19.1,380.1
1,1.3,R01,19,1474,19.2,380.2
1,1.3,R01,19,1474,19.3,380.3
1,1.3,R01,19,1474,19.4,380.4
1,1.3,R01,19,1474,19.5,380.4
1,1.3,R01,19,1474,19.6,380.5
1,1.3,R01,19,1474,19.7,380.6
1,1.3,R01,19,1474,19.8,380.7
1,1.3,R01,19,1474,19.9,380.8
1,1.3,R01,19,1474,20,380.8
1,1.3,R01,19,1474,20.1,380.9
1,1.3,R01,19,1474,20.2,381
1,1.3,R01,19,1474,20.3,381.1
1,1.3,R01,19,1474,20.4,381.2
1,1.3,R01,19,1474,20.5,381.3
1,1.3,R01,19,1474,20.6,381.4
1,1.3,R01,19,1474,20.7,381.5
1,1.3,R01,19,1474,20.8,381.6
1,1.3,R01,19,1474,20.9,381.8
1,1.3,R01,19,1474,21,381.9
1,1.3,R01,19,1474,21.1,382
1,1.3,R01,19,1474,21.2,382.1
1,1.3,R01,19,1474,21.3,382.2
1,1.3,R01,19,1474,21.4,382.2
1,1.3,R01,19,1474,21.5,382.3
1,1.3,R01,19,1474,21.6,382.4
1,1.3,R01,19,1474,21.7,382.4
1,1.3,R01,19,1474,21.8,382.5
1,1.3,R01,19,1474,21.9,382.6
1,1.3,R01,19,1474,22,382.6
1,1.3,R01,19,1474,22.1,382.7
1,1.3,R01,19,1474,22.2,382.8
1,1.3,R01,19,1474,22.3,382.9
1,1.3,R01,19,1474,22.4,382.9
1,1.3,R01,19,1474,22.5,383
1,1.3,R01,19,1474,22.6,383
1,1.3,R01,19,1474,22.7,383
1,1.3,R01,19,1474,22.8,383.1
1,1.3,R01,19,1474,22.9,383.2
1,1.3,R01,19,1474,23,383.2
1,1.3,R01,19,1474,23.1,383.3
1,1.3,R01,19,1474,23.2,383.3
1,1.3,R01,19,1474,23.3,383.4
1,1.3,R01,19,1474,23.4,383.5
1,1.3,R01,19,1474,23.5,383.5
1,1.3,R01,19,1474,23.6,383.6
1,1.3,R01,19,1474,23.7,383.7
1,1.3,R01,19,1474,23.8,383.7
1,1.3,R01,19,1474,23.9,383.8
1,1.3,R01,19,1474,24,383.9
1,1.3,R01,19,1474,24.1,384
1,1.3,R01,19,1474,24.2,384
1,1.3,R01,19,1474,24.3,384.1
1,1.3,R01,19,1474,24.4,384.2
1,1.3,R01,19,1474,24.5,384.3
1,1.3,R01,19,1474,24.6,384.4
1,1.3,R01,19,1474,24.7,384.5
1,1.3,R01,19,1474,24.8,384.5
1,1.3,R01,19,1474,24.9,384.7
1,1.3,R01,19,1474,25,384.7
1,1.3,R01,19,1474,25.1,384.9
1,1.3,R01,19,1474,25.2,384.9
1,1.3,R01,19,1474,25.3,385.1
1,1.3,R01,19,1474,25.4,385.1
1,1.3,R01,19,1474,25.5,385.2
1,1.3,R01,19,1474,25.6,385.3
1,1.3,R01,19,1474,25.7,385.3
1,1.3,R01,19,1474,25.8,385.4
1,1.3,R01,19,1474,25.9,385.5
1,1.3,R01,19,1474,26,385.5
1,1.3,R01,19,1474,26.1,385.6
1,1.3,R01,19,1474,26.2,385.6
1,1.3,R01,19,1474,26.3,385.7
1,1.3,R01,19,1474,26.4,385.8
1,1.3,R01,19,1474,26.5,385.8
1,1.3,R01,19,1474,26.6,385.9
1,1.3,R01,19,1474,26.7,386
1,1.3,R01,19,1474,26.8,386
1,1.3,R01,19,1474,26.9,386.1
1,1.3,R01,19,1474,27,386.1
1,1.3,R01,19,1474,27.1,386.2
1,1.3,R01,19,1474,27.2,386.3
1,1.3,R01,19,1474,27.3,386.4
1,1.3,R01,19,1474,27.4,386.4
1,1.3,R01,19,1474,27.5,386.4
1,1.3,R01,19,1474,27.6,386.5
1,1.3,R01,19,1474,27.7,386.5
1,1.3,R01,19,1474,27.8,386.6
1,1.3,R01,19,1474,27.9,386.7
1,1.3,R01,19,1474,28,386.7
1,1.3,R01,19,1474,28.1,386.8
1,1.3,R01,19,1474,28.2,386.8
1,1.3,R01,19,1474,28.3,386.9
1,1.3,R01,19,1474,28.4,386.9
1,1.3,R01,19,1474,28.5,386.9
1,1.3,R01,19,1474,28.6,387
1,1.3,R01,19,1474,28.7,387
1,1.3,R01,19,1474,28.8,387.1
1,1.3,R01,19,1474,28.9,387.1
1,1.3,R01,19,1474,29,387.2
1,1.3,R01,19,1474,29.1,387.2
1,1.3,R01,19,1474,29.2,387.3
1,1.3,R01,19,1474,29.3,387.3
1,1.3,R01,19,1474,29.4,387.3
1,1.3,R01,19,1474,29.5,387.4
1,1.3,R01,19,1474,29.6,387.4
1,1.3,R01,19,1474,29.7,387.5
1,1.3,R01,19,1474,29.8,387.5
1,1.3,R01,19,1474,29.9,387.6
1,1.3,R01,19,1474,30,387.6
1,1.3,R01,19,1474,30.1,387.7
1,1.3,R01,19,1474,30.2,387.7
1,1.3,R01,19,1474,30.3,387.8
1,1.3,R01,19,1474,30.4,387.8
1,1.3,R01,19,1474,30.5,387.8
1,1.3,R01,19,1474,30.6,387.9
1,1.3,R01,19,1474,30.7,387.9
1,1.3,R01,19,1474,30.8,388
1,1.3,R01,19,1474,30.9,388
1,1.3,R01,19,1474,31,388
1,1.3,R01,19,1474,31.1,388.1
1,1.3,R01,19,1474,31.2,388.1
1,1.3,R01,19,1474,31.3,388.2
1,1.3,R01,19,1474,31.4,388.2
1,1.3,R01,19,1474,31.5,388.2
1,1.3,R01,19,1474,31.6,388.3
1,1.3,R01,19,1474,31.7,388.3
1,1.3,R01,19,1474,31.8,388.4
1,1.3,R01,19,1474,31.9,388.5
1,1.3,R01,19,1474,32,388.5
1,1.3,R01,19,1474,32.1,388.6
1,1.3,R01,19,1474,32.2,388.7
1,1.3,R01,19,1474,32.3,388.7
1,1.3,R01,19,1474,32.4,388.8
1,1.3,R01,19,1474,32.5,388.9
1,1.3,R01,19,1474,32.6,388.9
1,1.3,R01,19,1474,32.7,389
1,1.3,R01,19,1474,32.8,389.1
1,1.3,R01,19,1474,32.9,389.1
1,1.3,R01,19,1474,33,389.2
1,1.3,R01,19,1474,33.1,389.3
1,1.3,R01,19,1474,33.2,389.4
1,1.3,R01,19,1474,33.3,389.5
1,1.3,R01,19,1474,33.4,389.5
1,1.3,R01,19,1474,33.5,389.5
1,1.3,R01,19,1474,33.6,389.6
1,1.3,R01,19,1474,33.7,389.6
1,1.3,R01,19,1474,33.8,389.7
1,1.3,R01,19,1474,33.9,389.7
1,1.3,R01,19,1474,34,389.8
1,1.3,R01,19,1474,34.1,389.8
1,1.3,R01,19,1474,34.2,389.9
1,1.3,R01,19,1474,34.3,389.9
1,1.3,R01,19,1474,34.4,389.9
1,1.3,R01,19,1474,34.5,390
1,1.3,R01,19,1474,34.6,390
1,1.3,R01,19,1474,34.7,390.1
1,1.3,R01,19,1474,34.8,390.1
1,1.3,R01,19,1474,34.9,390.2
1,1.3,R01,19,1474,35,390.2
1,1.3,R01,19,1474,35.1,390.3
1,1.3,R01,19,1474,35.2,390.3
1,1.3,R01,19,1474,35.3,390.4
1,1.3,R01,19,1474,35.4,390.4
1,1.3,R01,19,1474,35.5,390.4
1,1.3,R01,19,1474,35.6,390.5
1,1.3,R01,19,1474,35.7,390.5
1,1.3,R01,19,1474,35.8,390.6
1,1.3,R01,19,1474,35.9,390.6
1,1.3,R01,19,1474,36,390.7
1,1.3,R01,19,1474,36.1,390.7
1,1.3,R01,19,1474,36.2,390.7
1,1.3,R01,19,1474,36.3,390.7
1,1.3,R01,19,1474,36.4,390.7
1,1.3,R01,19,1474,36.5,390.7
1,1.3,R01,19,1474,36.6,390.6
1,1.3,R01,19,1474,36.7,390.6
1,1.3,R01,19,1474,36.8,390.6
1,1.3,R01,19,1474,36.9,390.6
1,1.3,R01,19,1474,37,390.6
1,1.3,R01,19,1474,37.1,390.6
1,1.3,R01,19,1474,37.2,390.6
1,1.3,R01,19,1474,37.3,390.6
1,1.3,R01,19,1474,37.4,390.6
1,1.3,R01,19,1474,37.5,390.6
1,1.3,R01,19,1474,37.6,390.6
1,1.3,R01,19,1474,37.7,390.6
1,1.3,R01,19,1474,37.8,390.6
1,1.3,R01,19,1476,0,0
1,1.3,R01,19,1476,0.1,-0.9012
1,1.3,R01,19,1476,0.2,-0.8545
1,1.3,R01,19,1476,0.3,-0.5577
1,1.3,R01,19,1476,0.4,-0.1689
1,1.3,R01,19,1476,0.5,0.8091
1,1.3,R01,19,1476,0.6,2.965
1,1.3,R01,19,1476,0.7,5.324
1,1.3,R01,19,1476,0.8,9.222
1,1.3,R01,19,1476,0.9,17.59
1,1.3,R01,19,1476,1,25.82
1,1.3,R01,19,1476,1.1,40.08
1,1.3,R01,19,1476,1.2,50.29
1,1.3,R01,19,1476,1.3,66.05
1,1.3,R01,19,1476,1.4,76.99
1,1.3,R01,19,1476,1.5,87.17
1,1.3,R01,19,1476,1.6,102.7
1,1.3,R01,19,1476,1.7,113.4
1,1.3,R01,19,1476,1.8,123.5
1,1.3,R01,19,1476,1.9,139
1,1.3,R01,19,1476,2,149
1,1.3,R01,19,1476,2.1,164.7
1,1.3,R01,19,1476,2.2,175.4
1,1.3,R01,19,1476,2.3,191.8
1,1.3,R01,19,1476,2.4,202.7
1,1.3,R01,19,1476,2.5,214.3
1,1.3,R01,19,1476,2.6,232
1,1.3,R01,19,1476,2.7,243.3
1,1.3,R01,19,1476,2.8,254.7
1,1.3,R01,19,1476,2.9,269
1,1.3,R01,19,1476,3,277.2
1,1.3,R01,19,1476,3.1,287.5
1,1.3,R01,19,1476,3.2,293.5
1,1.3,R01,19,1476,3.3,301.4
1,1.3,R01,19,1476,3.4,306.2
1,1.3,R01,19,1476,3.5,310.7
1,1.3,R01,19,1476,3.6,316.5
1,1.3,R01,19,1476,3.7,319.9
1,1.3,R01,19,1476,3.8,323.2
1,1.3,R01,19,1476,3.9,327.4
1,1.3,R01,19,1476,4,329.9
1,1.3,R01,19,1476,4.1,333.3
1,1.3,R01,19,1476,4.2,335.4
1,1.3,R01,19,1476,4.3,338.2
1,1.3,R01,19,1476,4.4,340
1,1.3,R01,19,1476,4.5,341.7
1,1.3,R01,19,1476,4.6,343.9
1,1.3,R01,19,1476,4.7,345.4
1,1.3,R01,19,1476,4.8,346.8
1,1.3,R01,19,1476,4.9,348.7
1,1.3,R01,19,1476,5,349.9
1,1.3,R01,19,1476,5.1,351.5
1,1.3,R01,19,1476,5.2,352.6
1,1.3,R01,19,1476,5.3,353.9
1,1.3,R01,19,1476,5.4,354.8
1,1.3,R01,19,1476,5.5,355.7
1,1.3,R01,19,1476,5.6,356.9
1,1.3,R01,19,1476,5.7,357.6
1,1.3,R01,19,1476,5.8,358.3
1,1.3,R01,19,1476,5.9,359.3
1,1.3,R01,19,1476,6,359.9
1,1.3,R01,19,1476,6.1,360.9
1,1.3,R01,19,1476,6.2,361.4
1,1.3,R01,19,1476,6.3,362.2
1,1.3,R01,19,1476,6.4,362.6
1,1.3,R01,19,1476,6.5,363.1
1,1.3,R01,19,1476,6.6,363.8
1,1.3,R01,19,1476,6.7,364.2
1,1.3,R01,19,1476,6.8,364.7
1,1.3,R01,19,1476,6.9,365.4
1,1.3,R01,19,1476,7,365.8
1,1.3,R01,19,1476,7.1,366.5
1,1.3,R01,19,1476,7.2,366.8
1,1.3,R01,19,1476,7.3,367.3
1,1.3,R01,19,1476,7.4,367.7
1,1.3,R01,19,1476,7.5,368
1,1.3,R01,19,1476,7.6,368.5
1,1.3,R01,19,1476,7.7,368.9
1,1.3,R01,19,1476,7.8,369.2
1,1.3,R01,19,1476,7.9,369.8
1,1.3,R01,19,1476,8,370.1
1,1.3,R01,19,1476,8.1,370.6
1,1.3,R01,19,1476,8.2,371
1,1.3,R01,19,1476,8.3,371.3
1,1.3,R01,19,1476,8.4,371.6
1,1.3,R01,19,1476,8.5,371.8
1,1.3,R01,19,1476,8.6,372.2
1,1.3,R01,19,1476,8.7,372.5
1,1.3,R01,19,1476,8.8,372.8
1,1.3,R01,19,1476,8.9,373.3
1,1.3,R01,19,1476,9,373.6
1,1.3,R01,19,1476,9.1,374.1
1,1.3,R01,19,1476,9.2,374.3
1,1.3,R01,19,1476,9.3,374.6
1,1.3,R01,19,1476,9.4,374.8
1,1.3,R01,19,1476,9.5,375
1,1.3,R01,19,1476,9.6,375.4
1,1.3,R01,19,1476,9.7,375.6
1,1.3,R01,19,1476,9.8,375.9
1,1.3,R01,19,1476,9.9,376.1
1,1.3,R01,19,1476,10,376.3
1,1.3,R01,19,1476,10.1,376.6
1,1.3,R01,19,1476,10.2,376.8
1,1.3,R01,19,1476,10.3,377
1,1.3,R01,19,1476,10.4,377.2
1,1.3,R01,19,1476,10.5,377.4
1,1.3,R01,19,1476,10.6,377.6
1,1.3,R01,19,1476,10.7,377.8
1,1.3,R01,19,1476,10.8,378
1,1.3,R01,19,1476,10.9,378.2
1,1.3,R01,19,1476,11,378.4
1,1.3,R01,19,1476,11.1,378.7
1,1.3,R01,19,1476,11.2,378.8
1,1.3,R01,19,1476,11.3,379.1
1,1.3,R01,19,1476,11.4,379.2
1,1.3,R01,19,1476,11.5,379.4
1,1.3,R01,19,1476,11.6,379.6
1,1.3,R01,19,1476,11.7,379.7
1,1.3,R01,19,1476,11.8,379.9
1,1.3,R01,19,1476,11.9,380.2
1,1.3,R01,19,1476,12,380.3
1,1.3,R01,19,1476,12.1,380.6
1,1.3,R01,19,1476,12.2,380.8
1,1.3,R01,19,1476,12.3,380.9
1,1.3,R01,19,1476,12.4,381
1,1.3,R01,19,1476,12.5,381.2
1,1.3,R01,19,1476,12.6,381.3
1,1.3,R01,19,1476,12.7,381.5
1,1.3,R01,19,1476,12.8,381.6
1,1.3,R01,19,1476,12.9,381.8
1,1.3,R01,19,1476,13,381.9
1,1.3,R01,19,1476,13.1,382.1
1,1.3,R01,19,1476,13.2,382.3
1,1.3,R01,19,1476,13.3,382.5
1,1.3,R01,19,1476,13.4,382.6
1,1.3,R01,19,1476,13.5,382.7
1,1.3,R01,19,1476,13.6,382.9
1,1.3,R01,19,1476,13.7,383
1,1.3,R01,19,1476,13.8,383.1
1,1.3,R01,19,1476,13.9,383.3
1,1.3,R01,19,1476,14,383.4
1,1.3,R01,19,1476,14.1,383.5
1,1.3,R01,19,1476,14.2,383.7
1,1.3,R01,19,1476,14.3,383.8
1,1.3,R01,19,1476,14.4,384
1,1.3,R01,19,1476,14.5,384.1
1,1.3,R01,19,1476,14.6,384.3
1,1.3,R01,19,1476,14.7,384.4
1,1.3,R01,19,1476,14.8,384.5
1,1.3,R01,19,1476,14.9,384.7
1,1.3,R01,19,1476,15,384.9
1,1.3,R01,19,1476,15.1,385.1
1,1.3,R01,19,1476,15.2,385.2
1,1.3,R01,19,1476,15.3,385.4
1,1.3,R01,19,1476,15.4,385.5
1,1.3,R01,19,1476,15.5,385.6
1,1.3,R01,19,1476,15.6,385.7
1,1.3,R01,19,1476,15.7,385.8
1,1.3,R01,19,1476,15.8,385.9
1,1.3,R01,19,1476,15.9,386.1
1,1.3,R01,19,1476,16,386.2
1,1.3,R01,19,1476,16.1,386.3
1,1.3,R01,19,1476,16.2,386.4
1,1.3,R01,19,1476,16.3,386.6
1,1.3,R01,19,1476,16.4,386.6
1,1.3,R01,19,1476,16.5,386.7
1,1.3,R01,19,1476,16.6,386.9
1,1.3,R01,19,1476,16.7,387
1,1.3,R01,19,1476,16.8,387.1
1,1.3,R01,19,1476,16.9,387.2
1,1.3,R01,19,1476,17,387.3
1,1.3,R01,19,1476,17.1,387.5
1,1.3,R01,19,1476,17.2,387.6
1,1.3,R01,19,1476,17.3,387.7
1,1.3,R01,19,1476,17.4,387.8
1,1.3,R01,19,1476,17.5,387.9
1,1.3,R01,19,1476,17.6,388.1
1,1.3,R01,19,1476,17.7,388.2
1,1.3,R01,19,1476,17.8,388.3
1,1.3,R01,19,1476,17.9,388.4
1,1.3,R01,19,1476,18,388.5
1,1.3,R01,19,1476,18.1,388.7
1,1.3,R01,19,1476,18.2,388.8
1,1.3,R01,19,1476,18.3,389
1,1.3,R01,19,1476,18.4,389.1
1,1.3,R01,19,1476,18.5,389.2
1,1.3,R01,19,1476,18.6,389.4
1,1.3,R01,19,1476,18.7,389.5
1,1.3,R01,19,1476,18.8,389.6
1,1.3,R01,19,1476,18.9,389.8
1,1.3,R01,19,1476,19,389.9
1,1.3,R01,19,1476,19.1,390
1,1.3,R01,19,1476,19.2,390.1
1,1.3,R01,19,1476,19.3,390.3
1,1.3,R01,19,1476,19.4,390.4
1,1.3,R01,19,1476,19.5,390.5
1,1.3,R01,19,1476,19.6,390.7
1,1.3,R01,19,1476,19.7,390.8
1,1.3,R01,19,1476,19.8,390.9
1,1.3,R01,19,1476,19.9,391.1
1,1.3,R01,19,1476,20,391.2
1,1.3,R01,19,1476,20.1,391.4
1,1.3,R01,19,1476,20.2,391.5
1,1.3,R01,19,1476,20.3,391.7
1,1.3,R01,19,1476,20.4,391.8
1,1.3,R01,19,1476,20.5,391.9
1,1.3,R01,19,1476,20.6,392.1
1,1.3,R01,19,1476,20.7,392.2
1,1.3,R01,19,1476,20.8,392.3
1,1.3,R01,19,1476,20.9,392.6
1,1.3,R01,19,1476,21,392.7
1,1.3,R01,19,1476,21.1,392.9
1,1.3,R01,19,1476,21.2,393
1,1.3,R01,19,1476,21.3,393.2
1,1.3,R01,19,1476,21.4,393.3
1,1.3,R01,19,1476,21.5,393.4
1,1.3,R01,19,1476,21.6,393.6
1,1.3,R01,19,1476,21.7,393.7
1,1.3,R01,19,1476,21.8,393.8
1,1.3,R01,19,1476,21.9,394
1,1.3,R01,19,1476,22,394.1
1,1.3,R01,19,1476,22.1,394.2
1,1.3,R01,19,1476,22.2,394.3
1,1.3,R01,19,1476,22.3,394.5
1,1.3,R01,19,1476,22.4,394.5
1,1.3,R01,19,1476,22.5,394.6
1,1.3,R01,19,1476,22.6,394.8
1,1.3,R01,19,1476,22.7,394.9
1,1.3,R01,19,1476,22.8,395
1,1.3,R01,19,1476,22.9,395.1
1,1.3,R01,19,1476,23,395.2
1,1.3,R01,19,1476,23.1,395.3
1,1.3,R01,19,1476,23.2,395.4
1,1.3,R01,19,1476,23.3,395.5
1,1.3,R01,19,1476,23.4,395.6
1,1.3,R01,19,1476,23.5,395.7
1,1.3,R01,19,1476,23.6,395.8
1,1.3,R01,19,1476,23.7,395.8
1,1.3,R01,19,1476,23.8,395.9
1,1.3,R01,19,1476,23.9,396
1,1.3,R01,19,1476,24,396.1
1,1.3,R01,19,1476,24.1,396.2
1,1.3,R01,19,1476,24.2,396.3
1,1.3,R01,19,1476,24.3,396.4
1,1.3,R01,19,1476,24.4,396.5
1,1.3,R01,19,1476,24.5,396.6
1,1.3,R01,19,1476,24.6,396.7
1,1.3,R01,19,1476,24.7,396.8
1,1.3,R01,19,1476,24.8,396.9
1,1.3,R01,19,1476,24.9,397.1
1,1.3,R01,19,1476,25,397.2
1,1.3,R01,19,1476,25.1,397.3
1,1.3,R01,19,1476,25.2,397.5
1,1.3,R01,19,1476,25.3,397.6
1,1.3,R01,19,1476,25.4,397.7
1,1.3,R01,19,1476,25.5,397.8
1,1.3,R01,19,1476,25.6,398
1,1.3,R01,19,1476,25.7,398.1
1,1.3,R01,19,1476,25.8,398.2
1,1.3,R01,19,1476,25.9,398.4
1,1.3,R01,19,1476,26,398.5
1,1.3,R01,19,1476,26.1,398.6
1,1.3,R01,19,1476,26.2,398.8
1,1.3,R01,19,1476,26.3,398.9
1,1.3,R01,19,1476,26.4,399
1,1.3,R01,19,1476,26.5,399.1
1,1.3,R01,19,1476,26.6,399.3
1,1.3,R01,19,1476,26.7,399.4
1,1.3,R01,19,1476,26.8,399.5
1,1.3,R01,19,1476,26.9,399.7
1,1.3,R01,19,1476,27,399.7
1,1.3,R01,19,1476,27.1,399.8
1,1.3,R01,19,1476,27.2,399.9
1,1.3,R01,19,1476,27.3,399.9
1,1.3,R01,19,1476,27.4,400
1,1.3,R01,19,1476,27.5,400.1
1,1.3,R01,19,1476,27.6,400.1
1,1.3,R01,19,1476,27.7,400.2
1,1.3,R01,19,1476,27.8,400.2
1,1.3,R01,19,1476,27.9,400.3
1,1.3,R01,19,1476,28,400.4
1,1.3,R01,19,1476,28.1,400.5
1,1.3,R01,19,1476,28.2,400.5
1,1.3,R01,19,1476,28.3,400.6
1,1.3,R01,19,1476,28.4,400.6
1,1.3,R01,19,1476,28.5,400.7
1,1.3,R01,19,1476,28.6,400.8
1,1.3,R01,19,1476,28.7,400.8
1,1.3,R01,19,1476,28.8,400.9
1,1.3,R01,19,1476,28.9,400.9
1,1.3,R01,19,1476,29,401
1,1.3,R01,19,1476,29.1,401.1
1,1.3,R01,19,1476,29.2,401.1
1,1.3,R01,19,1476,29.3,401.2
1,1.3,R01,19,1476,29.4,401.3
1,1.3,R01,19,1476,29.5,401.3
1,1.3,R01,19,1476,29.6,401.4
1,1.3,R01,19,1476,29.7,401.5
1,1.3,R01,19,1476,29.8,401.5
1,1.3,R01,19,1476,29.9,401.6
1,1.3,R01,19,1476,30,401.6
1,1.3,R01,19,1476,30.1,401.7
1,1.3,R01,19,1476,30.2,401.8
1,1.3,R01,19,1476,30.3,401.9
1,1.3,R01,19,1476,30.4,401.9
1,1.3,R01,19,1476,30.5,402
1,1.3,R01,19,1476,30.6,402.1
1,1.3,R01,19,1476,30.7,402.1
1,1.3,R01,19,1476,30.8,402.2
1,1.3,R01,19,1476,30.9,402.3
1,1.3,R01,19,1476,31,402.4
1,1.3,R01,19,1476,31.1,402.5
1,1.3,R01,19,1476,31.2,402.6
1,1.3,R01,19,1476,31.3,402.8
1,1.3,R01,19,1476,31.4,402.9
1,1.3,R01,19,1476,31.5,403
1,1.3,R01,19,1476,31.6,403.1
1,1.3,R01,19,1476,31.7,403.2
1,1.3,R01,19,1476,31.8,403.3
1,1.3,R01,19,1476,31.9,403.4
1,1.3,R01,19,1476,32,403.5
1,1.3,R01,19,1476,32.1,403.5
1,1.3,R01,19,1476,32.2,403.6
1,1.3,R01,19,1476,32.3,403.6
1,1.3,R01,19,1476,32.4,403.6
1,1.3,R01,19,1476,32.5,403.6
1,1.3,R01,19,1476,32.6,403.7
1,1.3,R01,19,1476,32.7,403.7
1,1.3,R01,19,1476,32.8,403.7
1,1.3,R01,19,1476,32.9,403.7
1,1.3,R01,19,1476,33,403.8
1,1.3,R01,19,1476,33.1,403.8
1,1.3,R01,19,1476,33.2,403.9
1,1.3,R01,19,1476,33.3,403.9
1,1.3,R01,19,1476,33.4,404
1,1.3,R01,19,1476,33.5,404
1,1.3,R01,19,1476,33.6,404.1
1,1.3,R01,19,1476,33.7,404.1
1,1.3,R01,19,1476,33.8,404.2
1,1.3,R01,19,1476,33.9,404.2
1,1.3,R01,19,1476,34,404.3
1,1.3,R01,19,1476,34.1,404.3
1,1.3,R01,19,1476,34.2,404.4
1,1.3,R01,19,1476,34.3,404.5
1,1.3,R01,19,1476,34.4,404.5
1,1.3,R01,19,1476,34.5,404.5
1,1.3,R01,19,1476,34.6,404.7
1,1.3,R01,19,1476,34.7,404.8
1,1.3,R01,19,1476,34.8,404.9
1,1.3,R01,19,1476,34.9,405.1
1,1.3,R01,19,1476,35,405.2
1,1.3,R01,19,1476,35.1,405.4
1,1.3,R01,19,1476,35.2,405.6
1,1.3,R01,19,1476,35.3,405.8
1,1.3,R01,19,1476,35.4,405.9
1,1.3,R01,19,1476,35.5,406
1,1.3,R01,19,1476,35.6,406.2
1,1.3,R01,19,1476,35.7,406.3
1,1.3,R01,19,1476,35.8,406.4
1,1.3,R01,19,1476,35.9,406.5
1,1.3,R01,19,1476,36,406.6
1,1.3,R01,19,1476,36.1,406.7
1,1.3,R01,19,1476,36.2,406.8
1,1.3,R01,19,1476,36.3,407
1,1.3,R01,19,1476,36.4,407
1,1.3,R01,19,1476,36.5,407.1
1,1.3,R01,19,1476,36.6,407.3
1,1.3,R01,19,1476,36.7,407.3
1,1.3,R01,19,1476,36.8,407.4
1,1.3,R01,19,1476,36.9,407.6
1,1.3,R01,19,1476,37,407.7
1,1.3,R01,19,1476,37.1,407.8
1,1.3,R01,19,1476,37.2,407.9
1,1.3,R01,19,1476,37.3,408
1,1.3,R01,19,1476,37.4,408.1
1,1.3,R01,19,1476,37.5,408.2
1,1.3,R01,19,1476,37.6,408.4
1,1.3,R01,19,1476,37.7,408.4
1,1.3,R01,19,1476,37.8,408.4
1,1.3,R01,19,1477,0,0
1,1.3,R01,19,1477,0.1,5.193
1,1.3,R01,19,1477,0.2,10.73
1,1.3,R01,19,1477,0.3,16.29
1,1.3,R01,19,1477,0.4,18.42
1,1.3,R01,19,1477,0.5,20.08
1,1.3,R01,19,1477,0.6,21.99
1,1.3,R01,19,1477,0.7,22.86
1,1.3,R01,19,1477,0.8,24.12
1,1.3,R01,19,1477,0.9,25.67
1,1.3,R01,19,1477,1,26.91
1,1.3,R01,19,1477,1.1,28.99
1,1.3,R01,19,1477,1.2,30.46
1,1.3,R01,19,1477,1.3,32.68
1,1.3,R01,19,1477,1.4,34.28
1,1.3,R01,19,1477,1.5,35.97
1,1.3,R01,19,1477,1.6,38.63
1,1.3,R01,19,1477,1.7,40.19
1,1.3,R01,19,1477,1.8,41.85
1,1.3,R01,19,1477,1.9,44.52
1,1.3,R01,19,1477,2,46.22
1,1.3,R01,19,1477,2.1,48.77
1,1.3,R01,19,1477,2.2,50.42
1,1.3,R01,19,1477,2.3,52.85
1,1.3,R01,19,1477,2.4,54.65
1,1.3,R01,19,1477,2.5,56.31
1,1.3,R01,19,1477,2.6,58.83
1,1.3,R01,19,1477,2.7,60.46
1,1.3,R01,19,1477,2.8,62.29
1,1.3,R01,19,1477,2.9,64.82
1,1.3,R01,19,1477,3,66.81
1,1.3,R01,19,1477,3.1,69.35
1,1.3,R01,19,1477,3.2,71.27
1,1.3,R01,19,1477,3.3,74.21
1,1.3,R01,19,1477,3.4,76.09
1,1.3,R01,19,1477,3.5,78.04
1,1.3,R01,19,1477,3.6,81.19
1,1.3,R01,19,1477,3.7,83.05
1,1.3,R01,19,1477,3.8,85.12
1,1.3,R01,19,1477,3.9,88.21
1,1.3,R01,19,1477,4,90.4
1,1.3,R01,19,1477,4.1,93.38
1,1.3,R01,19,1477,4.2,95.45
1,1.3,R01,19,1477,4.3,98.81
1,1.3,R01,19,1477,4.4,100.9
1,1.3,R01,19,1477,4.5,102.9
1,1.3,R01,19,1477,4.6,106
1,1.3,R01,19,1477,4.7,108
1,1.3,R01,19,1477,4.8,110.1
1,1.3,R01,19,1477,4.9,113.3
1,1.3,R01,19,1477,5,115.3
1,1.3,R01,19,1477,5.1,118.4
1,1.3,R01,19,1477,5.2,120.4
1,1.3,R01,19,1477,5.3,123.5
1,1.3,R01,19,1477,5.4,125.4
1,1.3,R01,19,1477,5.5,127.5
1,1.3,R01,19,1477,5.6,130.2
1,1.3,R01,19,1477,5.7,132
1,1.3,R01,19,1477,5.8,133.9
1,1.3,R01,19,1477,5.9,136.9
1,1.3,R01,19,1477,6,138.7
1,1.3,R01,19,1477,6.1,141.4
1,1.3,R01,19,1477,6.2,143.2
1,1.3,R01,19,1477,6.3,145.7
1,1.3,R01,19,1477,6.4,147.4
1,1.3,R01,19,1477,6.5,149
1,1.3,R01,19,1477,6.6,152
1,1.3,R01,19,1477,6.7,153.3
1,1.3,R01,19,1477,6.8,154.9
1,1.3,R01,19,1477,6.9,157.2
1,1.3,R01,19,1477,7,158.7
1,1.3,R01,19,1477,7.1,161.2
1,1.3,R01,19,1477,7.2,162.8
1,1.3,R01,19,1477,7.3,165
1,1.3,R01,19,1477,7.4,166.5
1,1.3,R01,19,1477,7.5,168
1,1.3,R01,19,1477,7.6,170.1
1,1.3,R01,19,1477,7.7,171.7
1,1.3,R01,19,1477,7.8,173.3
1,1.3,R01,19,1477,7.9,175.4
1,1.3,R01,19,1477,8,176.8
1,1.3,R01,19,1477,8.1,178.8
1,1.3,R01,19,1477,8.2,180.1
1,1.3,R01,19,1477,8.3,182.1
1,1.3,R01,19,1477,8.4,183.5
1,1.3,R01,19,1477,8.5,184.7
1,1.3,R01,19,1477,8.6,186.6
1,1.3,R01,19,1477,8.7,187.8
1,1.3,R01,19,1477,8.8,189
1,1.3,R01,19,1477,8.9,191
1,1.3,R01,19,1477,9,192.4
1,1.3,R01,19,1477,9.1,194.2
1,1.3,R01,19,1477,9.2,195.3
1,1.3,R01,19,1477,9.3,196.9
1,1.3,R01,19,1477,9.4,197.9
1,1.3,R01,19,1477,9.5,199
1,1.3,R01,19,1477,9.6,200.6
1,1.3,R01,19,1477,9.7,201.8
1,1.3,R01,19,1477,9.8,202.9
1,1.3,R01,19,1477,9.9,204.5
1,1.3,R01,19,1477,10,205.5
1,1.3,R01,19,1477,10.1,207
1,1.3,R01,19,1477,10.2,207.9
1,1.3,R01,19,1477,10.3,209.3
1,1.3,R01,19,1477,10.4,210.2
1,1.3,R01,19,1477,10.5,211.2
1,1.3,R01,19,1477,10.6,212.6
1,1.3,R01,19,1477,10.7,213.6
1,1.3,R01,19,1477,10.8,214.5
1,1.3,R01,19,1477,10.9,215.9
1,1.3,R01,19,1477,11,216.7
1,1.3,R01,19,1477,11.1,218.1
1,1.3,R01,19,1477,11.2,219
1,1.3,R01,19,1477,11.3,220.4
1,1.3,R01,19,1477,11.4,221.2
1,1.3,R01,19,1477,11.5,222
1,1.3,R01,19,1477,11.6,223.2
1,1.3,R01,19,1477,11.7,224
1,1.3,R01,19,1477,11.8,224.8
1,1.3,R01,19,1477,11.9,226.1
1,1.3,R01,19,1477,12,227
1,1.3,R01,19,1477,12.1,228.3
1,1.3,R01,19,1477,12.2,229
1,1.3,R01,19,1477,12.3,230
1,1.3,R01,19,1477,12.4,230.8
1,1.3,R01,19,1477,12.5,231.5
1,1.3,R01,19,1477,12.6,232.7
1,1.3,R01,19,1477,12.7,233.4
1,1.3,R01,19,1477,12.8,234.1
1,1.3,R01,19,1477,12.9,235.1
1,1.3,R01,19,1477,13,235.9
1,1.3,R01,19,1477,13.1,236.9
1,1.3,R01,19,1477,13.2,237.6
1,1.3,R01,19,1477,13.3,238.7
1,1.3,R01,19,1477,13.4,239.3
1,1.3,R01,19,1477,13.5,239.9
1,1.3,R01,19,1477,13.6,240.9
1,1.3,R01,19,1477,13.7,241.5
1,1.3,R01,19,1477,13.8,242.1
1,1.3,R01,19,1477,13.9,243.1
1,1.3,R01,19,1477,14,243.7
1,1.3,R01,19,1477,14.1,244.6
1,1.3,R01,19,1477,14.2,245.2
1,1.3,R01,19,1477,14.3,246.1
1,1.3,R01,19,1477,14.4,246.6
1,1.3,R01,19,1477,14.5,247.2
1,1.3,R01,19,1477,14.6,248.2
1,1.3,R01,19,1477,14.7,248.8
1,1.3,R01,19,1477,14.8,249.4
1,1.3,R01,19,1477,14.9,250.3
1,1.3,R01,19,1477,15,250.9
1,1.3,R01,19,1477,15.1,251.7
1,1.3,R01,19,1477,15.2,252.2
1,1.3,R01,19,1477,15.3,253.1
1,1.3,R01,19,1477,15.4,253.6
1,1.3,R01,19,1477,15.5,254.1
1,1.3,R01,19,1477,15.6,254.9
1,1.3,R01,19,1477,15.7,255.5
1,1.3,R01,19,1477,15.8,256
1,1.3,R01,19,1477,15.9,256.8
1,1.3,R01,19,1477,16,257.4
1,1.3,R01,19,1477,16.1,258.1
1,1.3,R01,19,1477,16.2,258.6
1,1.3,R01,19,1477,16.3,259.4
1,1.3,R01,19,1477,16.4,259.8
1,1.3,R01,19,1477,16.5,260.3
1,1.3,R01,19,1477,16.6,260.9
1,1.3,R01,19,1477,16.7,261.4
1,1.3,R01,19,1477,16.8,261.9
1,1.3,R01,19,1477,16.9,262.6
1,1.3,R01,19,1477,17,263.1
1,1.3,R01,19,1477,17.1,263.9
1,1.3,R01,19,1477,17.2,264.2
1,1.3,R01,19,1477,17.3,264.8
1,1.3,R01,19,1477,17.4,265.2
1,1.3,R01,19,1477,17.5,265.6
1,1.3,R01,19,1477,17.6,266.3
1,1.3,R01,19,1477,17.7,266.8
1,1.3,R01,19,1477,17.8,267.2
1,1.3,R01,19,1477,17.9,268
1,1.3,R01,19,1477,18,268.3
1,1.3,R01,19,1477,18.1,268.9
1,1.3,R01,19,1477,18.2,269.3
1,1.3,R01,19,1477,18.3,269.9
1,1.3,R01,19,1477,18.4,270.3
1,1.3,R01,19,1477,18.5,270.7
1,1.3,R01,19,1477,18.6,271.3
1,1.3,R01,19,1477,18.7,271.8
1,1.3,R01,19,1477,18.8,272.2
1,1.3,R01,19,1477,18.9,272.7
1,1.3,R01,19,1477,19,273.1
1,1.3,R01,19,1477,19.1,273.7
1,1.3,R01,19,1477,19.2,274.1
1,1.3,R01,19,1477,19.3,274.6
1,1.3,R01,19,1477,19.4,275
1,1.3,R01,19,1477,19.5,275.3
1,1.3,R01,19,1477,19.6,275.9
1,1.3,R01,19,1477,19.7,276.2
1,1.3,R01,19,1477,19.8,276.6
1,1.3,R01,19,1477,19.9,277.2
1,1.3,R01,19,1477,20,277.6
1,1.3,R01,19,1477,20.1,278.2
1,1.3,R01,19,1477,20.2,278.5
1,1.3,R01,19,1477,20.3,279
1,1.3,R01,19,1477,20.4,279.3
1,1.3,R01,19,1477,20.5,279.6
1,1.3,R01,19,1477,20.6,280.1
1,1.3,R01,19,1477,20.7,280.5
1,1.3,R01,19,1477,20.8,280.9
1,1.3,R01,19,1477,20.9,281.5
1,1.3,R01,19,1477,21,281.9
1,1.3,R01,19,1477,21.1,282.5
1,1.3,R01,19,1477,21.2,282.8
1,1.3,R01,19,1477,21.3,283.2
1,1.3,R01,19,1477,21.4,283.5
1,1.3,R01,19,1477,21.5,283.8
1,1.3,R01,19,1477,21.6,284.3
1,1.3,R01,19,1477,21.7,284.6
1,1.3,R01,19,1477,21.8,285
1,1.3,R01,19,1477,21.9,285.5
1,1.3,R01,19,1477,22,285.9
1,1.3,R01,19,1477,22.1,286.5
1,1.3,R01,19,1477,22.2,286.8
1,1.3,R01,19,1477,22.3,287.2
1,1.3,R01,19,1477,22.4,287.5
1,1.3,R01,19,1477,22.5,287.8
1,1.3,R01,19,1477,22.6,288.2
1,1.3,R01,19,1477,22.7,288.5
1,1.3,R01,19,1477,22.8,288.8
1,1.3,R01,19,1477,22.9,289.1
1,1.3,R01,19,1477,23,289.4
1,1.3,R01,19,1477,23.1,289.7
1,1.3,R01,19,1477,23.2,290
1,1.3,R01,19,1477,23.3,290.3
1,1.3,R01,19,1477,23.4,290.6
1,1.3,R01,19,1477,23.5,290.8
1,1.3,R01,19,1477,23.6,291.2
1,1.3,R01,19,1477,23.7,291.5
1,1.3,R01,19,1477,23.8,291.8
1,1.3,R01,19,1477,23.9,292.2
1,1.3,R01,19,1477,24,292.4
1,1.3,R01,19,1477,24.1,292.8
1,1.3,R01,19,1477,24.2,293.1
1,1.3,R01,19,1477,24.3,293.5
1,1.3,R01,19,1477,24.4,293.8
1,1.3,R01,19,1477,24.5,294
1,1.3,R01,19,1477,24.6,294.4
1,1.3,R01,19,1477,24.7,294.7
1,1.3,R01,19,1477,24.8,295
1,1.3,R01,19,1477,24.9,295.4
1,1.3,R01,19,1477,25,295.6
1,1.3,R01,19,1477,25.1,296
1,1.3,R01,19,1477,25.2,296.2
1,1.3,R01,19,1477,25.3,296.6
1,1.3,R01,19,1477,25.4,296.9
1,1.3,R01,19,1477,25.5,297.1
1,1.3,R01,19,1477,25.6,297.5
1,1.3,R01,19,1477,25.7,297.8
1,1.3,R01,19,1477,25.8,298.1
1,1.3,R01,19,1477,25.9,298.5
1,1.3,R01,19,1477,26,298.8
1,1.3,R01,19,1477,26.1,299.2
1,1.3,R01,19,1477,26.2,299.4
1,1.3,R01,19,1477,26.3,299.9
1,1.3,R01,19,1477,26.4,300.1
1,1.3,R01,19,1477,26.5,300.3
1,1.3,R01,19,1477,26.6,300.6
1,1.3,R01,19,1477,26.7,300.9
1,1.3,R01,19,1477,26.8,301.1
1,1.3,R01,19,1477,26.9,301.4
1,1.3,R01,19,1477,27,301.6
1,1.3,R01,19,1477,27.1,301.9
1,1.3,R01,19,1477,27.2,302.2
1,1.3,R01,19,1477,27.3,302.4
1,1.3,R01,19,1477,27.4,302.6
1,1.3,R01,19,1477,27.5,302.8
1,1.3,R01,19,1477,27.6,303
1,1.3,R01,19,1477,27.7,303.2
1,1.3,R01,19,1477,27.8,303.3
1,1.3,R01,19,1477,27.9,303.6
1,1.3,R01,19,1477,28,303.8
1,1.3,R01,19,1477,28.1,304
1,1.3,R01,19,1477,28.2,304.2
1,1.3,R01,19,1477,28.3,304.4
1,1.3,R01,19,1477,28.4,304.7
1,1.3,R01,19,1477,28.5,305
1,1.3,R01,19,1477,28.6,305.4
1,1.3,R01,19,1477,28.7,305.7
1,1.3,R01,19,1477,28.8,305.9
1,1.3,R01,19,1477,28.9,306.3
1,1.3,R01,19,1477,29,306.6
1,1.3,R01,19,1477,29.1,306.9
1,1.3,R01,19,1477,29.2,307.1
1,1.3,R01,19,1477,29.3,307.3
1,1.3,R01,19,1477,29.4,307.5
1,1.3,R01,19,1477,29.5,307.7
1,1.3,R01,19,1477,29.6,308
1,1.3,R01,19,1477,29.7,308.1
1,1.3,R01,19,1477,29.8,308.3
1,1.3,R01,19,1477,29.9,308.6
1,1.3,R01,19,1477,30,308.7
1,1.3,R01,19,1477,30.1,309
1,1.3,R01,19,1477,30.2,309.3
1,1.3,R01,19,1477,30.3,309.6
1,1.3,R01,19,1477,30.4,309.8
1,1.3,R01,19,1477,30.5,310
1,1.3,R01,19,1477,30.6,310.3
1,1.3,R01,19,1477,30.7,310.6
1,1.3,R01,19,1477,30.8,310.8
1,1.3,R01,19,1477,30.9,311.1
1,1.3,R01,19,1477,31,311.3
1,1.3,R01,19,1477,31.1,311.6
1,1.3,R01,19,1477,31.2,311.8
1,1.3,R01,19,1477,31.3,312.1
1,1.3,R01,19,1477,31.4,312.3
1,1.3,R01,19,1477,31.5,312.5
1,1.3,R01,19,1477,31.6,312.8
1,1.3,R01,19,1477,31.7,313
1,1.3,R01,19,1477,31.8,313.2
1,1.3,R01,19,1477,31.9,313.4
1,1.3,R01,19,1477,32,313.6
1,1.3,R01,19,1477,32.1,313.8
1,1.3,R01,19,1477,32.2,314
1,1.3,R01,19,1477,32.3,314.2
1,1.3,R01,19,1477,32.4,314.4
1,1.3,R01,19,1477,32.5,314.5
1,1.3,R01,19,1477,32.6,314.8
1,1.3,R01,19,1477,32.7,314.9
1,1.3,R01,19,1477,32.8,315.1
1,1.3,R01,19,1477,32.9,315.3
1,1.3,R01,19,1477,33,315.4
1,1.3,R01,19,1477,33.1,315.6
1,1.3,R01,19,1477,33.2,315.7
1,1.3,R01,19,1477,33.3,315.9
1,1.3,R01,19,1477,33.4,316
1,1.3,R01,19,1477,33.5,316.2
1,1.3,R01,19,1477,33.6,316.4
1,1.3,R01,19,1477,33.7,316.5
1,1.3,R01,19,1477,33.8,316.6
1,1.3,R01,19,1477,33.9,316.8
1,1.3,R01,19,1477,34,317
1,1.3,R01,19,1477,34.1,317.2
1,1.3,R01,19,1477,34.2,317.4
1,1.3,R01,19,1477,34.3,317.7
1,1.3,R01,19,1477,34.4,317.9
1,1.3,R01,19,1477,34.5,318.1
1,1.3,R01,19,1477,34.6,318.4
1,1.3,R01,19,1477,34.7,318.6
1,1.3,R01,19,1477,34.8,318.8
1,1.3,R01,19,1477,34.9,319.1
1,1.3,R01,19,1477,35,319.3
1,1.3,R01,19,1477,35.1,319.6
1,1.3,R01,19,1477,35.2,319.8
1,1.3,R01,19,1477,35.3,320.1
1,1.3,R01,19,1477,35.4,320.4
1,1.3,R01,19,1477,35.5,320.6
1,1.3,R01,19,1477,35.6,321
1,1.3,R01,19,1477,35.7,321.2
1,1.3,R01,19,1477,35.8,321.4
1,1.3,R01,19,1477,35.9,321.8
1,1.3,R01,19,1477,36,322.1
1,1.3,R01,19,1477,36.1,322.4
1,1.3,R01,19,1477,36.2,322.7
1,1.3,R01,19,1477,36.3,323
1,1.3,R01,19,1477,36.4,323.2
1,1.3,R01,19,1477,36.5,323.5
1,1.3,R01,19,1477,36.6,323.8
1,1.3,R01,19,1477,36.7,324
1,1.3,R01,19,1477,36.8,324.2
1,1.3,R01,19,1477,36.9,324.6
1,1.3,R01,19,1477,37,324.8
1,1.3,R01,19,1477,37.1,324.9
1,1.3,R01,19,1477,37.2,324.9
1,1.3,R01,19,1477,37.3,324.9
1,1.3,R01,19,1477,37.4,324.9
1,1.3,R01,19,1477,37.5,324.9
1,1.3,R01,19,1477,37.6,324.9
1,1.3,R01,19,1477,37.7,324.9
1,1.3,R01,19,1477,37.8,324.9
1,1.3,R01,19,1479,0,0
1,1.3,R01,19,1479,0.1,-0.1772
1,1.3,R01,19,1479,0.2,0.2337
1,1.3,R01,19,1479,0.3,0.9522
1,1.3,R01,19,1479,0.4,2.234
1,1.3,R01,19,1479,0.5,3.616
1,1.3,R01,19,1479,0.6,7.472
1,1.3,R01,19,1479,0.7,11.73
1,1.3,R01,19,1479,0.8,17.76
1,1.3,R01,19,1479,0.9,30.86
1,1.3,R01,19,1479,1,41.37
1,1.3,R01,19,1479,1.1,58.03
1,1.3,R01,19,1479,1.2,69.24
1,1.3,R01,19,1479,1.3,85.86
1,1.3,R01,19,1479,1.4,96.69
1,1.3,R01,19,1479,1.5,106.9
1,1.3,R01,19,1479,1.6,122.8
1,1.3,R01,19,1479,1.7,132.5
1,1.3,R01,19,1479,1.8,142.2
1,1.3,R01,19,1479,1.9,157.1
1,1.3,R01,19,1479,2,167
1,1.3,R01,19,1479,2.1,182.6
1,1.3,R01,19,1479,2.2,192.8
1,1.3,R01,19,1479,2.3,209.3
1,1.3,R01,19,1479,2.4,220.4
1,1.3,R01,19,1479,2.5,232.1
1,1.3,R01,19,1479,2.6,250.5
1,1.3,R01,19,1479,2.7,262.3
1,1.3,R01,19,1479,2.8,272.8
1,1.3,R01,19,1479,2.9,285.7
1,1.3,R01,19,1479,3,293.2
1,1.3,R01,19,1479,3.1,303.3
1,1.3,R01,19,1479,3.2,309
1,1.3,R01,19,1479,3.3,315.7
1,1.3,R01,19,1479,3.4,319.9
1,1.3,R01,19,1479,3.5,323.3
1,1.3,R01,19,1479,3.6,327.6
1,1.3,R01,19,1479,3.7,329.9
1,1.3,R01,19,1479,3.8,332.1
1,1.3,R01,19,1479,3.9,334.9
1,1.3,R01,19,1479,4,336.8
1,1.3,R01,19,1479,4.1,339.2
1,1.3,R01,19,1479,4.2,340.6
1,1.3,R01,19,1479,4.3,342.4
1,1.3,R01,19,1479,4.4,343.5
1,1.3,R01,19,1479,4.5,344.5
1,1.3,R01,19,1479,4.6,345.9
1,1.3,R01,19,1479,4.7,346.8
1,1.3,R01,19,1479,4.8,347.5
1,1.3,R01,19,1479,4.9,348.6
1,1.3,R01,19,1479,5,349.3
1,1.3,R01,19,1479,5.1,350.2
1,1.3,R01,19,1479,5.2,350.7
1,1.3,R01,19,1479,5.3,351.5
1,1.3,R01,19,1479,5.4,352.1
1,1.3,R01,19,1479,5.5,352.6
1,1.3,R01,19,1479,5.6,353.2
1,1.3,R01,19,1479,5.7,353.6
1,1.3,R01,19,1479,5.8,354
1,1.3,R01,19,1479,5.9,354.5
1,1.3,R01,19,1479,6,355
1,1.3,R01,19,1479,6.1,355.6
1,1.3,R01,19,1479,6.2,355.9
1,1.3,R01,19,1479,6.3,356.4
1,1.3,R01,19,1479,6.4,356.7
1,1.3,R01,19,1479,6.5,357
1,1.3,R01,19,1479,6.6,357.4
1,1.3,R01,19,1479,6.7,357.7
1,1.3,R01,19,1479,6.8,358
1,1.3,R01,19,1479,6.9,358.4
1,1.3,R01,19,1479,7,358.6
1,1.3,R01,19,1479,7.1,359
1,1.3,R01,19,1479,7.2,359.3
1,1.3,R01,19,1479,7.3,359.7
1,1.3,R01,19,1479,7.4,359.9
1,1.3,R01,19,1479,7.5,360.2
1,1.3,R01,19,1479,7.6,360.5
1,1.3,R01,19,1479,7.7,360.7
1,1.3,R01,19,1479,7.8,360.9
1,1.3,R01,19,1479,7.9,361.3
1,1.3,R01,19,1479,8,361.5
1,1.3,R01,19,1479,8.1,361.9
1,1.3,R01,19,1479,8.2,362
1,1.3,R01,19,1479,8.3,362.4
1,1.3,R01,19,1479,8.4,362.6
1,1.3,R01,19,1479,8.5,362.8
1,1.3,R01,19,1479,8.6,363.1
1,1.3,R01,19,1479,8.7,363.3
1,1.3,R01,19,1479,8.8,363.5
1,1.3,R01,19,1479,8.9,363.9
1,1.3,R01,19,1479,9,364.1
1,1.3,R01,19,1479,9.1,364.4
1,1.3,R01,19,1479,9.2,364.6
1,1.3,R01,19,1479,9.3,364.8
1,1.3,R01,19,1479,9.4,365
1,1.3,R01,19,1479,9.5,365.2
1,1.3,R01,19,1479,9.6,365.5
1,1.3,R01,19,1479,9.7,365.6
1,1.3,R01,19,1479,9.8,365.8
1,1.3,R01,19,1479,9.9,366
1,1.3,R01,19,1479,10,366.1
1,1.3,R01,19,1479,10.1,366.3
1,1.3,R01,19,1479,10.2,366.5
1,1.3,R01,19,1479,10.3,366.7
1,1.3,R01,19,1479,10.4,366.8
1,1.3,R01,19,1479,10.5,367
1,1.3,R01,19,1479,10.6,367.2
1,1.3,R01,19,1479,10.7,367.3
1,1.3,R01,19,1479,10.8,367.5
1,1.3,R01,19,1479,10.9,367.7
1,1.3,R01,19,1479,11,367.8
1,1.3,R01,19,1479,11.1,368
1,1.3,R01,19,1479,11.2,368.2
1,1.3,R01,19,1479,11.3,368.4
1,1.3,R01,19,1479,11.4,368.5
1,1.3,R01,19,1479,11.5,368.6
1,1.3,R01,19,1479,11.6,368.8
1,1.3,R01,19,1479,11.7,368.9
1,1.3,R01,19,1479,11.8,369
1,1.3,R01,19,1479,11.9,369.2
1,1.3,R01,19,1479,12,369.4
1,1.3,R01,19,1479,12.1,369.6
1,1.3,R01,19,1479,12.2,369.7
1,1.3,R01,19,1479,12.3,369.9
1,1.3,R01,19,1479,12.4,370.1
1,1.3,R01,19,1479,12.5,370.2
1,1.3,R01,19,1479,12.6,370.3
1,1.3,R01,19,1479,12.7,370.4
1,1.3,R01,19,1479,12.8,370.6
1,1.3,R01,19,1479,12.9,370.7
1,1.3,R01,19,1479,13,370.9
1,1.3,R01,19,1479,13.1,371
1,1.3,R01,19,1479,13.2,371.1
1,1.3,R01,19,1479,13.3,371.3
1,1.3,R01,19,1479,13.4,371.4
1,1.3,R01,19,1479,13.5,371.5
1,1.3,R01,19,1479,13.6,371.7
1,1.3,R01,19,1479,13.7,371.8
1,1.3,R01,19,1479,13.8,371.9
1,1.3,R01,19,1479,13.9,372.1
1,1.3,R01,19,1479,14,372.3
1,1.3,R01,19,1479,14.1,372.5
1,1.3,R01,19,1479,14.2,372.6
1,1.3,R01,19,1479,14.3,372.7
1,1.3,R01,19,1479,14.4,372.8
1,1.3,R01,19,1479,14.5,372.8
1,1.3,R01,19,1479,14.6,373
1,1.3,R01,19,1479,14.7,373.1
1,1.3,R01,19,1479,14.8,373.2
1,1.3,R01,19,1479,14.9,373.3
1,1.3,R01,19,1479,15,373.4
1,1.3,R01,19,1479,15.1,373.6
1,1.3,R01,19,1479,15.2,373.7
1,1.3,R01,19,1479,15.3,373.9
1,1.3,R01,19,1479,15.4,374
1,1.3,R01,19,1479,15.5,374.1
1,1.3,R01,19,1479,15.6,374.3
1,1.3,R01,19,1479,15.7,374.4
1,1.3,R01,19,1479,15.8,374.5
1,1.3,R01,19,1479,15.9,374.7
1,1.3,R01,19,1479,16,374.8
1,1.3,R01,19,1479,16.1,375
1,1.3,R01,19,1479,16.2,375.1
1,1.3,R01,19,1479,16.3,375.2
1,1.3,R01,19,1479,16.4,375.3
1,1.3,R01,19,1479,16.5,375.4
1,1.3,R01,19,1479,16.6,375.6
1,1.3,R01,19,1479,16.7,375.7
1,1.3,R01,19,1479,16.8,375.8
1,1.3,R01,19,1479,16.9,375.9
1,1.3,R01,19,1479,17,376
1,1.3,R01,19,1479,17.1,376.2
1,1.3,R01,19,1479,17.2,376.3
1,1.3,R01,19,1479,17.3,376.4
1,1.3,R01,19,1479,17.4,376.5
1,1.3,R01,19,1479,17.5,376.6
1,1.3,R01,19,1479,17.6,376.8
1,1.3,R01,19,1479,17.7,376.9
1,1.3,R01,19,1479,17.8,377
1,1.3,R01,19,1479,17.9,377.1
1,1.3,R01,19,1479,18,377.2
1,1.3,R01,19,1479,18.1,377.4
1,1.3,R01,19,1479,18.2,377.4
1,1.3,R01,19,1479,18.3,377.6
1,1.3,R01,19,1479,18.4,377.7
1,1.3,R01,19,1479,18.5,377.8
1,1.3,R01,19,1479,18.6,377.9
1,1.3,R01,19,1479,18.7,378
1,1.3,R01,19,1479,18.8,378.1
1,1.3,R01,19,1479,18.9,378.3
1,1.3,R01,19,1479,19,378.4
1,1.3,R01,19,1479,19.1,378.5
1,1.3,R01,19,1479,19.2,378.6
1,1.3,R01,19,1479,19.3,378.7
1,1.3,R01,19,1479,19.4,378.8
1,1.3,R01,19,1479,19.5,378.9
1,1.3,R01,19,1479,19.6,379.1
1,1.3,R01,19,1479,19.7,379.2
1,1.3,R01,19,1479,19.8,379.3
1,1.3,R01,19,1479,19.9,379.4
1,1.3,R01,19,1479,20,379.5
1,1.3,R01,19,1479,20.1,379.7
1,1.3,R01,19,1479,20.2,379.8
1,1.3,R01,19,1479,20.3,379.9
1,1.3,R01,19,1479,20.4,380
1,1.3,R01,19,1479,20.5,380.2
1,1.3,R01,19,1479,20.6,380.3
1,1.3,R01,19,1479,20.7,380.4
1,1.3,R01,19,1479,20.8,380.5
1,1.3,R01,19,1479,20.9,380.7
1,1.3,R01,19,1479,21,380.9
1,1.3,R01,19,1479,21.1,381.1
1,1.3,R01,19,1479,21.2,381.2
1,1.3,R01,19,1479,21.3,381.4
1,1.3,R01,19,1479,21.4,381.5
1,1.3,R01,19,1479,21.5,381.6
1,1.3,R01,19,1479,21.6,381.7
1,1.3,R01,19,1479,21.7,381.8
1,1.3,R01,19,1479,21.8,381.9
1,1.3,R01,19,1479,21.9,382
1,1.3,R01,19,1479,22,382.1
1,1.3,R01,19,1479,22.1,382.3
1,1.3,R01,19,1479,22.2,382.4
1,1.3,R01,19,1479,22.3,382.5
1,1.3,R01,19,1479,22.4,382.6
1,1.3,R01,19,1479,22.5,382.6
1,1.3,R01,19,1479,22.6,382.7
1,1.3,R01,19,1479,22.7,382.8
1,1.3,R01,19,1479,22.8,382.9
1,1.3,R01,19,1479,22.9,383
1,1.3,R01,19,1479,23,383.1
1,1.3,R01,19,1479,23.1,383.2
1,1.3,R01,19,1479,23.2,383.3
1,1.3,R01,19,1479,23.3,383.4
1,1.3,R01,19,1479,23.4,383.5
1,1.3,R01,19,1479,23.5,383.6
1,1.3,R01,19,1479,23.6,383.7
1,1.3,R01,19,1479,23.7,383.8
1,1.3,R01,19,1479,23.8,383.9
1,1.3,R01,19,1479,23.9,384
1,1.3,R01,19,1479,24,384.1
1,1.3,R01,19,1479,24.1,384.3
1,1.3,R01,19,1479,24.2,384.4
1,1.3,R01,19,1479,24.3,384.5
1,1.3,R01,19,1479,24.4,384.6
1,1.3,R01,19,1479,24.5,384.7
1,1.3,R01,19,1479,24.6,384.9
1,1.3,R01,19,1479,24.7,385
1,1.3,R01,19,1479,24.8,385
1,1.3,R01,19,1479,24.9,385.2
1,1.3,R01,19,1479,25,385.3
1,1.3,R01,19,1479,25.1,385.5
1,1.3,R01,19,1479,25.2,385.6
1,1.3,R01,19,1479,25.3,385.7
1,1.3,R01,19,1479,25.4,385.8
1,1.3,R01,19,1479,25.5,385.9
1,1.3,R01,19,1479,25.6,386.1
1,1.3,R01,19,1479,25.7,386.2
1,1.3,R01,19,1479,25.8,386.3
1,1.3,R01,19,1479,25.9,386.5
1,1.3,R01,19,1479,26,386.6
1,1.3,R01,19,1479,26.1,386.8
1,1.3,R01,19,1479,26.2,386.8
1,1.3,R01,19,1479,26.3,387
1,1.3,R01,19,1479,26.4,387.1
1,1.3,R01,19,1479,26.5,387.1
1,1.3,R01,19,1479,26.6,387.3
1,1.3,R01,19,1479,26.7,387.3
1,1.3,R01,19,1479,26.8,387.4
1,1.3,R01,19,1479,26.9,387.5
1,1.3,R01,19,1479,27,387.6
1,1.3,R01,19,1479,27.1,387.8
1,1.3,R01,19,1479,27.2,387.8
1,1.3,R01,19,1479,27.3,388
1,1.3,R01,19,1479,27.4,388
1,1.3,R01,19,1479,27.5,388.1
1,1.3,R01,19,1479,27.6,388.3
1,1.3,R01,19,1479,27.7,388.3
1,1.3,R01,19,1479,27.8,388.4
1,1.3,R01,19,1479,27.9,388.6
1,1.3,R01,19,1479,28,388.7
1,1.3,R01,19,1479,28.1,388.8
1,1.3,R01,19,1479,28.2,388.9
1,1.3,R01,19,1479,28.3,389
1,1.3,R01,19,1479,28.4,389.1
1,1.3,R01,19,1479,28.5,389.2
1,1.3,R01,19,1479,28.6,389.3
1,1.3,R01,19,1479,28.7,389.4
1,1.3,R01,19,1479,28.8,389.5
1,1.3,R01,19,1479,28.9,389.6
1,1.3,R01,19,1479,29,389.7
1,1.3,R01,19,1479,29.1,389.8
1,1.3,R01,19,1479,29.2,389.8
1,1.3,R01,19,1479,29.3,389.9
1,1.3,R01,19,1479,29.4,390
1,1.3,R01,19,1479,29.5,390
1,1.3,R01,19,1479,29.6,390.1
1,1.3,R01,19,1479,29.7,390.2
1,1.3,R01,19,1479,29.8,390.2
1,1.3,R01,19,1479,29.9,390.3
1,1.3,R01,19,1479,30,390.4
1,1.3,R01,19,1479,30.1,390.5
1,1.3,R01,19,1479,30.2,390.5
1,1.3,R01,19,1479,30.3,390.6
1,1.3,R01,19,1479,30.4,390.7
1,1.3,R01,19,1479,30.5,390.7
1,1.3,R01,19,1479,30.6,390.8
1,1.3,R01,19,1479,30.7,390.9
1,1.3,R01,19,1479,30.8,391
1,1.3,R01,19,1479,30.9,391.2
1,1.3,R01,19,1479,31,391.3
1,1.3,R01,19,1479,31.1,391.4
1,1.3,R01,19,1479,31.2,391.5
1,1.3,R01,19,1479,31.3,391.7
1,1.3,R01,19,1479,31.4,391.8
1,1.3,R01,19,1479,31.5,391.9
1,1.3,R01,19,1479,31.6,392
1,1.3,R01,19,1479,31.7,392.1
1,1.3,R01,19,1479,31.8,392.2
1,1.3,R01,19,1479,31.9,392.3
1,1.3,R01,19,1479,32,392.4
1,1.3,R01,19,1479,32.1,392.5
1,1.3,R01,19,1479,32.2,392.6
1,1.3,R01,19,1479,32.3,392.7
1,1.3,R01,19,1479,32.4,392.7
1,1.3,R01,19,1479,32.5,392.8
1,1.3,R01,19,1479,32.6,392.9
1,1.3,R01,19,1479,32.7,393
1,1.3,R01,19,1479,32.8,393
1,1.3,R01,19,1479,32.9,393.1
1,1.3,R01,19,1479,33,393.2
1,1.3,R01,19,1479,33.1,393.3
1,1.3,R01,19,1479,33.2,393.4
1,1.3,R01,19,1479,33.3,393.5
1,1.3,R01,19,1479,33.4,393.6
1,1.3,R01,19,1479,33.5,393.6
1,1.3,R01,19,1479,33.6,393.7
1,1.3,R01,19,1479,33.7,393.7
1,1.3,R01,19,1479,33.8,393.8
1,1.3,R01,19,1479,33.9,393.8
1,1.3,R01,19,1479,34,393.9
1,1.3,R01,19,1479,34.1,394
1,1.3,R01,19,1479,34.2,394
1,1.3,R01,19,1479,34.3,394.1
1,1.3,R01,19,1479,34.4,394.1
1,1.3,R01,19,1479,34.5,394.2
1,1.3,R01,19,1479,34.6,394.2
1,1.3,R01,19,1479,34.7,394.3
1,1.3,R01,19,1479,34.8,394.3
1,1.3,R01,19,1479,34.9,394.4
1,1.3,R01,19,1479,35,394.4
1,1.3,R01,19,1479,35.1,394.5
1,1.3,R01,19,1479,35.2,394.6
1,1.3,R01,19,1479,35.3,394.6
1,1.3,R01,19,1479,35.4,394.7
1,1.3,R01,19,1479,35.5,394.7
1,1.3,R01,19,1479,35.6,394.8
1,1.3,R01,19,1479,35.7,394.8
1,1.3,R01,19,1479,35.8,394.9
1,1.3,R01,19,1479,35.9,395
1,1.3,R01,19,1479,36,395.1
1,1.3,R01,19,1479,36.1,395.2
1,1.3,R01,19,1479,36.2,395.3
1,1.3,R01,19,1479,36.3,395.4
1,1.3,R01,19,1479,36.4,395.5
1,1.3,R01,19,1479,36.5,395.6
1,1.3,R01,19,1479,36.6,395.7
1,1.3,R01,19,1479,36.7,395.8
1,1.3,R01,19,1479,36.8,395.8
1,1.3,R01,19,1479,36.9,396
1,1.3,R01,19,1479,37,396
1,1.3,R01,19,1479,37.1,396.2
1,1.3,R01,19,1479,37.2,396.3
1,1.3,R01,19,1479,37.3,396.4
1,1.3,R01,19,1479,37.4,396.5
1,1.3,R01,19,1479,37.5,396.6
1,1.3,R01,19,1479,37.6,396.7
1,1.3,R01,19,1479,37.7,396.8
1,1.3,R01,19,1479,37.8,396.8
1,1.3,R01,19,1480,0,0
1,1.3,R01,19,1480,0.1,4.241
1,1.3,R01,19,1480,0.2,8.764
1,1.3,R01,19,1480,0.3,14.96
1,1.3,R01,19,1480,0.4,17.53
1,1.3,R01,19,1480,0.5,19.29
1,1.3,R01,19,1480,0.6,21.5
1,1.3,R01,19,1480,0.7,22.71
1,1.3,R01,19,1480,0.8,23.74
1,1.3,R01,19,1480,0.9,25.51
1,1.3,R01,19,1480,1,26.61
1,1.3,R01,19,1480,1.1,28.59
1,1.3,R01,19,1480,1.2,30.11
1,1.3,R01,19,1480,1.3,31.95
1,1.3,R01,19,1480,1.4,33.54
1,1.3,R01,19,1480,1.5,34.99
1,1.3,R01,19,1480,1.6,37.27
1,1.3,R01,19,1480,1.7,38.89
1,1.3,R01,19,1480,1.8,40.43
1,1.3,R01,19,1480,1.9,42.91
1,1.3,R01,19,1480,2,44.35
1,1.3,R01,19,1480,2.1,46.78
1,1.3,R01,19,1480,2.2,48.54
1,1.3,R01,19,1480,2.3,50.68
1,1.3,R01,19,1480,2.4,52.25
1,1.3,R01,19,1480,2.5,53.85
1,1.3,R01,19,1480,2.6,56.24
1,1.3,R01,19,1480,2.7,57.8
1,1.3,R01,19,1480,2.8,59.44
1,1.3,R01,19,1480,2.9,61.9
1,1.3,R01,19,1480,3,63.58
1,1.3,R01,19,1480,3.1,66.14
1,1.3,R01,19,1480,3.2,67.87
1,1.3,R01,19,1480,3.3,70.11
1,1.3,R01,19,1480,3.4,71.93
1,1.3,R01,19,1480,3.5,73.66
1,1.3,R01,19,1480,3.6,76.05
1,1.3,R01,19,1480,3.7,77.89
1,1.3,R01,19,1480,3.8,79.58
1,1.3,R01,19,1480,3.9,82.03
1,1.3,R01,19,1480,4,83.93
1,1.3,R01,19,1480,4.1,86.41
1,1.3,R01,19,1480,4.2,88.23
1,1.3,R01,19,1480,4.3,90.75
1,1.3,R01,19,1480,4.4,92.62
1,1.3,R01,19,1480,4.5,94.27
1,1.3,R01,19,1480,4.6,97
1,1.3,R01,19,1480,4.7,98.56
1,1.3,R01,19,1480,4.8,100.4
1,1.3,R01,19,1480,4.9,102.9
1,1.3,R01,19,1480,5,104.5
1,1.3,R01,19,1480,5.1,107.2
1,1.3,R01,19,1480,5.2,108.9
1,1.3,R01,19,1480,5.3,111.3
1,1.3,R01,19,1480,5.4,113.1
1,1.3,R01,19,1480,5.5,114.8
1,1.3,R01,19,1480,5.6,117.2
1,1.3,R01,19,1480,5.7,118.8
1,1.3,R01,19,1480,5.8,120.4
1,1.3,R01,19,1480,5.9,122.8
1,1.3,R01,19,1480,6,124.6
1,1.3,R01,19,1480,6.1,127.1
1,1.3,R01,19,1480,6.2,128.6
1,1.3,R01,19,1480,6.3,131
1,1.3,R01,19,1480,6.4,132.6
1,1.3,R01,19,1480,6.5,134.1
1,1.3,R01,19,1480,6.6,136.5
1,1.3,R01,19,1480,6.7,138
1,1.3,R01,19,1480,6.8,139.6
1,1.3,R01,19,1480,6.9,141.9
1,1.3,R01,19,1480,7,143.5
1,1.3,R01,19,1480,7.1,145.8
1,1.3,R01,19,1480,7.2,147.3
1,1.3,R01,19,1480,7.3,149.5
1,1.3,R01,19,1480,7.4,151
1,1.3,R01,19,1480,7.5,152.6
1,1.3,R01,19,1480,7.6,154.7
1,1.3,R01,19,1480,7.7,156.2
1,1.3,R01,19,1480,7.8,157.6
1,1.3,R01,19,1480,7.9,159.7
1,1.3,R01,19,1480,8,161.3
1,1.3,R01,19,1480,8.1,163.3
1,1.3,R01,19,1480,8.2,164.7
1,1.3,R01,19,1480,8.3,166.8
1,1.3,R01,19,1480,8.4,168.2
1,1.3,R01,19,1480,8.5,169.5
1,1.3,R01,19,1480,8.6,171.4
1,1.3,R01,19,1480,8.7,172.7
1,1.3,R01,19,1480,8.8,174.1
1,1.3,R01,19,1480,8.9,176.2
1,1.3,R01,19,1480,9,177.5
1,1.3,R01,19,1480,9.1,179.4
1,1.3,R01,19,1480,9.2,180.6
1,1.3,R01,19,1480,9.3,182.3
1,1.3,R01,19,1480,9.4,183.6
1,1.3,R01,19,1480,9.5,184.8
1,1.3,R01,19,1480,9.6,186.7
1,1.3,R01,19,1480,9.7,187.8
1,1.3,R01,19,1480,9.8,188.9
1,1.3,R01,19,1480,9.9,190.8
1,1.3,R01,19,1480,10,192
1,1.3,R01,19,1480,10.1,193.7
1,1.3,R01,19,1480,10.2,194.8
1,1.3,R01,19,1480,10.3,196.4
1,1.3,R01,19,1480,10.4,197.5
1,1.3,R01,19,1480,10.5,198.6
1,1.3,R01,19,1480,10.6,200.2
1,1.3,R01,19,1480,10.7,201.2
1,1.3,R01,19,1480,10.8,202.3
1,1.3,R01,19,1480,10.9,203.9
1,1.3,R01,19,1480,11,205
1,1.3,R01,19,1480,11.1,206.6
1,1.3,R01,19,1480,11.2,207.6
1,1.3,R01,19,1480,11.3,209
1,1.3,R01,19,1480,11.4,210.1
1,1.3,R01,19,1480,11.5,211.1
1,1.3,R01,19,1480,11.6,212.5
1,1.3,R01,19,1480,11.7,213.4
1,1.3,R01,19,1480,11.8,214.3
1,1.3,R01,19,1480,11.9,215.8
1,1.3,R01,19,1480,12,216.8
1,1.3,R01,19,1480,12.1,218.3
1,1.3,R01,19,1480,12.2,219.1
1,1.3,R01,19,1480,12.3,220.3
1,1.3,R01,19,1480,12.4,221.3
1,1.3,R01,19,1480,12.5,222.1
1,1.3,R01,19,1480,12.6,223.3
1,1.3,R01,19,1480,12.7,224.2
1,1.3,R01,19,1480,12.8,225.2
1,1.3,R01,19,1480,12.9,226.4
1,1.3,R01,19,1480,13,227.2
1,1.3,R01,19,1480,13.1,228.4
1,1.3,R01,19,1480,13.2,229.2
1,1.3,R01,19,1480,13.3,230.4
1,1.3,R01,19,1480,13.4,231.2
1,1.3,R01,19,1480,13.5,231.9
1,1.3,R01,19,1480,13.6,233
1,1.3,R01,19,1480,13.7,233.7
1,1.3,R01,19,1480,13.8,234.4
1,1.3,R01,19,1480,13.9,235.5
1,1.3,R01,19,1480,14,236.3
1,1.3,R01,19,1480,14.1,237.5
1,1.3,R01,19,1480,14.2,238.2
1,1.3,R01,19,1480,14.3,239.2
1,1.3,R01,19,1480,14.4,239.9
1,1.3,R01,19,1480,14.5,240.6
1,1.3,R01,19,1480,14.6,241.6
1,1.3,R01,19,1480,14.7,242.2
1,1.3,R01,19,1480,14.8,242.9
1,1.3,R01,19,1480,14.9,243.9
1,1.3,R01,19,1480,15,244.6
1,1.3,R01,19,1480,15.1,245.7
1,1.3,R01,19,1480,15.2,246.3
1,1.3,R01,19,1480,15.3,247.3
1,1.3,R01,19,1480,15.4,247.9
1,1.3,R01,19,1480,15.5,248.6
1,1.3,R01,19,1480,15.6,249.5
1,1.3,R01,19,1480,15.7,250.1
1,1.3,R01,19,1480,15.8,250.6
1,1.3,R01,19,1480,15.9,251.5
1,1.3,R01,19,1480,16,252.1
1,1.3,R01,19,1480,16.1,253
1,1.3,R01,19,1480,16.2,253.6
1,1.3,R01,19,1480,16.3,254.4
1,1.3,R01,19,1480,16.4,254.9
1,1.3,R01,19,1480,16.5,255.5
1,1.3,R01,19,1480,16.6,256.3
1,1.3,R01,19,1480,16.7,256.8
1,1.3,R01,19,1480,16.8,257.4
1,1.3,R01,19,1480,16.9,258.2
1,1.3,R01,19,1480,17,258.7
1,1.3,R01,19,1480,17.1,259.5
1,1.3,R01,19,1480,17.2,260
1,1.3,R01,19,1480,17.3,260.8
1,1.3,R01,19,1480,17.4,261.3
1,1.3,R01,19,1480,17.5,261.8
1,1.3,R01,19,1480,17.6,262.5
1,1.3,R01,19,1480,17.7,263
1,1.3,R01,19,1480,17.8,263.5
1,1.3,R01,19,1480,17.9,264.2
1,1.3,R01,19,1480,18,264.7
1,1.3,R01,19,1480,18.1,265.5
1,1.3,R01,19,1480,18.2,266
1,1.3,R01,19,1480,18.3,266.7
1,1.3,R01,19,1480,18.4,267.1
1,1.3,R01,19,1480,18.5,267.5
1,1.3,R01,19,1480,18.6,268.2
1,1.3,R01,19,1480,18.7,268.6
1,1.3,R01,19,1480,18.8,269.1
1,1.3,R01,19,1480,18.9,269.8
1,1.3,R01,19,1480,19,270.2
1,1.3,R01,19,1480,19.1,270.9
1,1.3,R01,19,1480,19.2,271.4
1,1.3,R01,19,1480,19.3,272
1,1.3,R01,19,1480,19.4,272.4
1,1.3,R01,19,1480,19.5,272.8
1,1.3,R01,19,1480,19.6,273.4
1,1.3,R01,19,1480,19.7,273.8
1,1.3,R01,19,1480,19.8,274.2
1,1.3,R01,19,1480,19.9,274.8
1,1.3,R01,19,1480,20,275.3
1,1.3,R01,19,1480,20.1,275.9
1,1.3,R01,19,1480,20.2,276.3
1,1.3,R01,19,1480,20.3,276.9
1,1.3,R01,19,1480,20.4,277.3
1,1.3,R01,19,1480,20.5,277.7
1,1.3,R01,19,1480,20.6,278.3
1,1.3,R01,19,1480,20.7,278.7
1,1.3,R01,19,1480,20.8,279.1
1,1.3,R01,19,1480,20.9,279.7
1,1.3,R01,19,1480,21,280.2
1,1.3,R01,19,1480,21.1,280.8
1,1.3,R01,19,1480,21.2,281.1
1,1.3,R01,19,1480,21.3,281.7
1,1.3,R01,19,1480,21.4,282.1
1,1.3,R01,19,1480,21.5,282.4
1,1.3,R01,19,1480,21.6,283
1,1.3,R01,19,1480,21.7,283.3
1,1.3,R01,19,1480,21.8,283.7
1,1.3,R01,19,1480,21.9,284.2
1,1.3,R01,19,1480,22,284.6
1,1.3,R01,19,1480,22.1,285.2
1,1.3,R01,19,1480,22.2,285.5
1,1.3,R01,19,1480,22.3,286
1,1.3,R01,19,1480,22.4,286.3
1,1.3,R01,19,1480,22.5,286.6
1,1.3,R01,19,1480,22.6,287.1
1,1.3,R01,19,1480,22.7,287.4
1,1.3,R01,19,1480,22.8,287.8
1,1.3,R01,19,1480,22.9,288.3
1,1.3,R01,19,1480,23,288.6
1,1.3,R01,19,1480,23.1,289.1
1,1.3,R01,19,1480,23.2,289.4
1,1.3,R01,19,1480,23.3,289.8
1,1.3,R01,19,1480,23.4,290.1
1,1.3,R01,19,1480,23.5,290.4
1,1.3,R01,19,1480,23.6,290.8
1,1.3,R01,19,1480,23.7,291.2
1,1.3,R01,19,1480,23.8,291.5
1,1.3,R01,19,1480,23.9,291.9
1,1.3,R01,19,1480,24,292.3
1,1.3,R01,19,1480,24.1,292.7
1,1.3,R01,19,1480,24.2,293.1
1,1.3,R01,19,1480,24.3,293.5
1,1.3,R01,19,1480,24.4,293.8
1,1.3,R01,19,1480,24.5,294.2
1,1.3,R01,19,1480,24.6,294.6
1,1.3,R01,19,1480,24.7,294.9
1,1.3,R01,19,1480,24.8,295.2
1,1.3,R01,19,1480,24.9,295.7
1,1.3,R01,19,1480,25,296
1,1.3,R01,19,1480,25.1,296.5
1,1.3,R01,19,1480,25.2,296.8
1,1.3,R01,19,1480,25.3,297.3
1,1.3,R01,19,1480,25.4,297.6
1,1.3,R01,19,1480,25.5,297.8
1,1.3,R01,19,1480,25.6,298.3
1,1.3,R01,19,1480,25.7,298.5
1,1.3,R01,19,1480,25.8,298.8
1,1.3,R01,19,1480,25.9,299.3
1,1.3,R01,19,1480,26,299.6
1,1.3,R01,19,1480,26.1,300.1
1,1.3,R01,19,1480,26.2,300.5
1,1.3,R01,19,1480,26.3,300.9
1,1.3,R01,19,1480,26.4,301.2
1,1.3,R01,19,1480,26.5,301.4
1,1.3,R01,19,1480,26.6,301.9
1,1.3,R01,19,1480,26.7,302.1
1,1.3,R01,19,1480,26.8,302.4
1,1.3,R01,19,1480,26.9,302.8
1,1.3,R01,19,1480,27,303
1,1.3,R01,19,1480,27.1,303.4
1,1.3,R01,19,1480,27.2,303.6
1,1.3,R01,19,1480,27.3,304
1,1.3,R01,19,1480,27.4,304.2
1,1.3,R01,19,1480,27.5,304.4
1,1.3,R01,19,1480,27.6,304.7
1,1.3,R01,19,1480,27.7,304.9
1,1.3,R01,19,1480,27.8,305.1
1,1.3,R01,19,1480,27.9,305.4
1,1.3,R01,19,1480,28,305.7
1,1.3,R01,19,1480,28.1,306.1
1,1.3,R01,19,1480,28.2,306.3
1,1.3,R01,19,1480,28.3,306.7
1,1.3,R01,19,1480,28.4,307
1,1.3,R01,19,1480,28.5,307.3
1,1.3,R01,19,1480,28.6,307.7
1,1.3,R01,19,1480,28.7,308
1,1.3,R01,19,1480,28.8,308.2
1,1.3,R01,19,1480,28.9,308.6
1,1.3,R01,19,1480,29,308.9
1,1.3,R01,19,1480,29.1,309.2
1,1.3,R01,19,1480,29.2,309.5
1,1.3,R01,19,1480,29.3,309.8
1,1.3,R01,19,1480,29.4,310
1,1.3,R01,19,1480,29.5,310.2
1,1.3,R01,19,1480,29.6,310.6
1,1.3,R01,19,1480,29.7,310.8
1,1.3,R01,19,1480,29.8,311
1,1.3,R01,19,1480,29.9,311.3
1,1.3,R01,19,1480,30,311.6
1,1.3,R01,19,1480,30.1,311.9
1,1.3,R01,19,1480,30.2,312.1
1,1.3,R01,19,1480,30.3,312.4
1,1.3,R01,19,1480,30.4,312.7
1,1.3,R01,19,1480,30.5,312.9
1,1.3,R01,19,1480,30.6,313.2
1,1.3,R01,19,1480,30.7,313.4
1,1.3,R01,19,1480,30.8,313.7
1,1.3,R01,19,1480,30.9,314
1,1.3,R01,19,1480,31,314.2
1,1.3,R01,19,1480,31.1,314.5
1,1.3,R01,19,1480,31.2,314.7
1,1.3,R01,19,1480,31.3,315
1,1.3,R01,19,1480,31.4,315.2
1,1.3,R01,19,1480,31.5,315.4
1,1.3,R01,19,1480,31.6,315.7
1,1.3,R01,19,1480,31.7,316
1,1.3,R01,19,1480,31.8,316.2
1,1.3,R01,19,1480,31.9,316.5
1,1.3,R01,19,1480,32,316.7
1,1.3,R01,19,1480,32.1,317
1,1.3,R01,19,1480,32.2,317.2
1,1.3,R01,19,1480,32.3,317.4
1,1.3,R01,19,1480,32.4,317.6
1,1.3,R01,19,1480,32.5,317.7
1,1.3,R01,19,1480,32.6,317.9
1,1.3,R01,19,1480,32.7,318.1
1,1.3,R01,19,1480,32.8,318.3
1,1.3,R01,19,1480,32.9,318.5
1,1.3,R01,19,1480,33,318.6
1,1.3,R01,19,1480,33.1,318.7
1,1.3,R01,19,1480,33.2,318.8
1,1.3,R01,19,1480,33.3,319
1,1.3,R01,19,1480,33.4,319.1
1,1.3,R01,19,1480,33.5,319.3
1,1.3,R01,19,1480,33.6,319.4
1,1.3,R01,19,1480,33.7,319.6
1,1.3,R01,19,1480,33.8,319.7
1,1.3,R01,19,1480,33.9,319.9
1,1.3,R01,19,1480,34,320
1,1.3,R01,19,1480,34.1,320.2
1,1.3,R01,19,1480,34.2,320.4
1,1.3,R01,19,1480,34.3,320.6
1,1.3,R01,19,1480,34.4,320.8
1,1.3,R01,19,1480,34.5,320.9
1,1.3,R01,19,1480,34.6,321.2
1,1.3,R01,19,1480,34.7,321.3
1,1.3,R01,19,1480,34.8,321.5
1,1.3,R01,19,1480,34.9,321.7
1,1.3,R01,19,1480,35,321.9
1,1.3,R01,19,1480,35.1,322.1
1,1.3,R01,19,1480,35.2,322.3
1,1.3,R01,19,1480,35.3,322.5
1,1.3,R01,19,1480,35.4,322.7
1,1.3,R01,19,1480,35.5,322.8
1,1.3,R01,19,1480,35.6,323
1,1.3,R01,19,1480,35.7,323.2
1,1.3,R01,19,1480,35.8,323.4
1,1.3,R01,19,1480,35.9,323.6
1,1.3,R01,19,1480,36,323.8
1,1.3,R01,19,1480,36.1,324.1
1,1.3,R01,19,1480,36.2,324.2
1,1.3,R01,19,1480,36.3,324.5
1,1.3,R01,19,1480,36.4,324.7
1,1.3,R01,19,1480,36.5,324.9
1,1.3,R01,19,1480,36.6,325.1
1,1.3,R01,19,1480,36.7,325.1
1,1.3,R01,19,1480,36.8,325.1
1,1.3,R01,19,1480,36.9,325.1
1,1.3,R01,19,1480,37,325.1
1,1.3,R01,19,1480,37.1,325.1
1,1.3,R01,19,1480,37.2,325.1
1,1.3,R01,19,1480,37.3,325.1
1,1.3,R01,19,1480,37.4,325.1
1,1.3,R01,19,1480,37.5,325.1
1,1.3,R01,19,1480,37.6,325.1
1,1.3,R01,19,1480,37.7,325.1
1,1.3,R01,19,1480,37.8,325.1
1,1.3,R01,19,1482,0,0
1,1.3,R01,19,1482,0.1,-0.4166
1,1.3,R01,19,1482,0.2,-0.1607
1,1.3,R01,19,1482,0.3,0.5208
1,1.3,R01,19,1482,0.4,1.248
1,1.3,R01,19,1482,0.5,2.66
1,1.3,R01,19,1482,0.6,5.978
1,1.3,R01,19,1482,0.7,9.962
1,1.3,R01,19,1482,0.8,15.42
1,1.3,R01,19,1482,0.9,27.19
1,1.3,R01,19,1482,1,37.12
1,1.3,R01,19,1482,1.1,53.18
1,1.3,R01,19,1482,1.2,63.54
1,1.3,R01,19,1482,1.3,79.45
1,1.3,R01,19,1482,1.4,90.12
1,1.3,R01,19,1482,1.5,100
1,1.3,R01,19,1482,1.6,115
1,1.3,R01,19,1482,1.7,124.8
1,1.3,R01,19,1482,1.8,134.8
1,1.3,R01,19,1482,1.9,148.8
1,1.3,R01,19,1482,2,158.9
1,1.3,R01,19,1482,2.1,173.9
1,1.3,R01,19,1482,2.2,184
1,1.3,R01,19,1482,2.3,199.8
1,1.3,R01,19,1482,2.4,211.1
1,1.3,R01,19,1482,2.5,222.6
1,1.3,R01,19,1482,2.6,240.2
1,1.3,R01,19,1482,2.7,251.9
1,1.3,R01,19,1482,2.8,262.1
1,1.3,R01,19,1482,2.9,274.8
1,1.3,R01,19,1482,3,282.2
1,1.3,R01,19,1482,3.1,292.1
1,1.3,R01,19,1482,3.2,297.3
1,1.3,R01,19,1482,3.3,304.1
1,1.3,R01,19,1482,3.4,307.8
1,1.3,R01,19,1482,3.5,311.3
1,1.3,R01,19,1482,3.6,315.6
1,1.3,R01,19,1482,3.7,317.9
1,1.3,R01,19,1482,3.8,320.2
1,1.3,R01,19,1482,3.9,323
1,1.3,R01,19,1482,4,324.8
1,1.3,R01,19,1482,4.1,327.1
1,1.3,R01,19,1482,4.2,328.5
1,1.3,R01,19,1482,4.3,330.5
1,1.3,R01,19,1482,4.4,331.6
1,1.3,R01,19,1482,4.5,332.7
1,1.3,R01,19,1482,4.6,334.2
1,1.3,R01,19,1482,4.7,335
1,1.3,R01,19,1482,4.8,335.7
1,1.3,R01,19,1482,4.9,336.8
1,1.3,R01,19,1482,5,337.6
1,1.3,R01,19,1482,5.1,338.6
1,1.3,R01,19,1482,5.2,339.1
1,1.3,R01,19,1482,5.3,339.8
1,1.3,R01,19,1482,5.4,340.3
1,1.3,R01,19,1482,5.5,340.9
1,1.3,R01,19,1482,5.6,341.6
1,1.3,R01,19,1482,5.7,342
1,1.3,R01,19,1482,5.8,342.4
1,1.3,R01,19,1482,5.9,343
1,1.3,R01,19,1482,6,343.4
1,1.3,R01,19,1482,6.1,344
1,1.3,R01,19,1482,6.2,344.4
1,1.3,R01,19,1482,6.3,344.8
1,1.3,R01,19,1482,6.4,345
1,1.3,R01,19,1482,6.5,345.3
1,1.3,R01,19,1482,6.6,345.8
1,1.3,R01,19,1482,6.7,346
1,1.3,R01,19,1482,6.8,346.3
1,1.3,R01,19,1482,6.9,346.7
1,1.3,R01,19,1482,7,347
1,1.3,R01,19,1482,7.1,347.5
1,1.3,R01,19,1482,7.2,347.8
1,1.3,R01,19,1482,7.3,348.1
1,1.3,R01,19,1482,7.4,348.4
1,1.3,R01,19,1482,7.5,348.6
1,1.3,R01,19,1482,7.6,348.9
1,1.3,R01,19,1482,7.7,349.2
1,1.3,R01,19,1482,7.8,349.4
1,1.3,R01,19,1482,7.9,349.8
1,1.3,R01,19,1482,8,350
1,1.3,R01,19,1482,8.1,350.4
1,1.3,R01,19,1482,8.2,350.6
1,1.3,R01,19,1482,8.3,350.9
1,1.3,R01,19,1482,8.4,351.2
1,1.3,R01,19,1482,8.5,351.4
1,1.3,R01,19,1482,8.6,351.7
1,1.3,R01,19,1482,8.7,351.9
1,1.3,R01,19,1482,8.8,352.1
1,1.3,R01,19,1482,8.9,352.5
1,1.3,R01,19,1482,9,352.8
1,1.3,R01,19,1482,9.1,353.1
1,1.3,R01,19,1482,9.2,353.3
1,1.3,R01,19,1482,9.3,353.5
1,1.3,R01,19,1482,9.4,353.7
1,1.3,R01,19,1482,9.5,353.9
1,1.3,R01,19,1482,9.6,354.2
1,1.3,R01,19,1482,9.7,354.4
1,1.3,R01,19,1482,9.8,354.5
1,1.3,R01,19,1482,9.9,354.8
1,1.3,R01,19,1482,10,354.9
1,1.3,R01,19,1482,10.1,355.1
1,1.3,R01,19,1482,10.2,355.2
1,1.3,R01,19,1482,10.3,355.4
1,1.3,R01,19,1482,10.4,355.6
1,1.3,R01,19,1482,10.5,355.7
1,1.3,R01,19,1482,10.6,356
1,1.3,R01,19,1482,10.7,356.1
1,1.3,R01,19,1482,10.8,356.3
1,1.3,R01,19,1482,10.9,356.5
1,1.3,R01,19,1482,11,356.6
1,1.3,R01,19,1482,11.1,356.8
1,1.3,R01,19,1482,11.2,356.9
1,1.3,R01,19,1482,11.3,357.1
1,1.3,R01,19,1482,11.4,357.2
1,1.3,R01,19,1482,11.5,357.4
1,1.3,R01,19,1482,11.6,357.6
1,1.3,R01,19,1482,11.7,357.7
1,1.3,R01,19,1482,11.8,357.8
1,1.3,R01,19,1482,11.9,358
1,1.3,R01,19,1482,12,358.2
1,1.3,R01,19,1482,12.1,358.4
1,1.3,R01,19,1482,12.2,358.5
1,1.3,R01,19,1482,12.3,358.7
1,1.3,R01,19,1482,12.4,358.8
1,1.3,R01,19,1482,12.5,358.9
1,1.3,R01,19,1482,12.6,359.1
1,1.3,R01,19,1482,12.7,359.2
1,1.3,R01,19,1482,12.8,359.3
1,1.3,R01,19,1482,12.9,359.5
1,1.3,R01,19,1482,13,359.6
1,1.3,R01,19,1482,13.1,359.8
1,1.3,R01,19,1482,13.2,359.9
1,1.3,R01,19,1482,13.3,360.1
1,1.3,R01,19,1482,13.4,360.2
1,1.3,R01,19,1482,13.5,360.3
1,1.3,R01,19,1482,13.6,360.4
1,1.3,R01,19,1482,13.7,360.6
1,1.3,R01,19,1482,13.8,360.7
1,1.3,R01,19,1482,13.9,360.8
1,1.3,R01,19,1482,14,360.9
1,1.3,R01,19,1482,14.1,361.1
1,1.3,R01,19,1482,14.2,361.2
1,1.3,R01,19,1482,14.3,361.4
1,1.3,R01,19,1482,14.4,361.5
1,1.3,R01,19,1482,14.5,361.5
1,1.3,R01,19,1482,14.6,361.7
1,1.3,R01,19,1482,14.7,361.8
1,1.3,R01,19,1482,14.8,361.9
1,1.3,R01,19,1482,14.9,362.1
1,1.3,R01,19,1482,15,362.2
1,1.3,R01,19,1482,15.1,362.3
1,1.3,R01,19,1482,15.2,362.4
1,1.3,R01,19,1482,15.3,362.6
1,1.3,R01,19,1482,15.4,362.7
1,1.3,R01,19,1482,15.5,362.9
1,1.3,R01,19,1482,15.6,363
1,1.3,R01,19,1482,15.7,363.1
1,1.3,R01,19,1482,15.8,363.2
1,1.3,R01,19,1482,15.9,363.4
1,1.3,R01,19,1482,16,363.5
1,1.3,R01,19,1482,16.1,363.6
1,1.3,R01,19,1482,16.2,363.7
1,1.3,R01,19,1482,16.3,363.9
1,1.3,R01,19,1482,16.4,364
1,1.3,R01,19,1482,16.5,364.1
1,1.3,R01,19,1482,16.6,364.3
1,1.3,R01,19,1482,16.7,364.4
1,1.3,R01,19,1482,16.8,364.5
1,1.3,R01,19,1482,16.9,364.7
1,1.3,R01,19,1482,17,364.8
1,1.3,R01,19,1482,17.1,364.9
1,1.3,R01,19,1482,17.2,365
1,1.3,R01,19,1482,17.3,365.2
1,1.3,R01,19,1482,17.4,365.3
1,1.3,R01,19,1482,17.5,365.4
1,1.3,R01,19,1482,17.6,365.5
1,1.3,R01,19,1482,17.7,365.6
1,1.3,R01,19,1482,17.8,365.7
1,1.3,R01,19,1482,17.9,365.9
1,1.3,R01,19,1482,18,366
1,1.3,R01,19,1482,18.1,366.1
1,1.3,R01,19,1482,18.2,366.2
1,1.3,R01,19,1482,18.3,366.3
1,1.3,R01,19,1482,18.4,366.4
1,1.3,R01,19,1482,18.5,366.5
1,1.3,R01,19,1482,18.6,366.6
1,1.3,R01,19,1482,18.7,366.7
1,1.3,R01,19,1482,18.8,366.8
1,1.3,R01,19,1482,18.9,367
1,1.3,R01,19,1482,19,367.1
1,1.3,R01,19,1482,19.1,367.2
1,1.3,R01,19,1482,19.2,367.3
1,1.3,R01,19,1482,19.3,367.4
1,1.3,R01,19,1482,19.4,367.5
1,1.3,R01,19,1482,19.5,367.6
1,1.3,R01,19,1482,19.6,367.8
1,1.3,R01,19,1482,19.7,367.9
1,1.3,R01,19,1482,19.8,368
1,1.3,R01,19,1482,19.9,368.1
1,1.3,R01,19,1482,20,368.2
1,1.3,R01,19,1482,20.1,368.4
1,1.3,R01,19,1482,20.2,368.5
1,1.3,R01,19,1482,20.3,368.6
1,1.3,R01,19,1482,20.4,368.7
1,1.3,R01,19,1482,20.5,368.8
1,1.3,R01,19,1482,20.6,369
1,1.3,R01,19,1482,20.7,369.1
1,1.3,R01,19,1482,20.8,369.2
1,1.3,R01,19,1482,20.9,369.4
1,1.3,R01,19,1482,21,369.5
1,1.3,R01,19,1482,21.1,369.7
1,1.3,R01,19,1482,21.2,369.8
1,1.3,R01,19,1482,21.3,370
1,1.3,R01,19,1482,21.4,370.2
1,1.3,R01,19,1482,21.5,370.3
1,1.3,R01,19,1482,21.6,370.4
1,1.3,R01,19,1482,21.7,370.5
1,1.3,R01,19,1482,21.8,370.6
1,1.3,R01,19,1482,21.9,370.7
1,1.3,R01,19,1482,22,370.8
1,1.3,R01,19,1482,22.1,371
1,1.3,R01,19,1482,22.2,371
1,1.3,R01,19,1482,22.3,371.2
1,1.3,R01,19,1482,22.4,371.3
1,1.3,R01,19,1482,22.5,371.4
1,1.3,R01,19,1482,22.6,371.4
1,1.3,R01,19,1482,22.7,371.5
1,1.3,R01,19,1482,22.8,371.6
1,1.3,R01,19,1482,22.9,371.7
1,1.3,R01,19,1482,23,371.7
1,1.3,R01,19,1482,23.1,371.9
1,1.3,R01,19,1482,23.2,371.9
1,1.3,R01,19,1482,23.3,372.1
1,1.3,R01,19,1482,23.4,372.1
1,1.3,R01,19,1482,23.5,372.2
1,1.3,R01,19,1482,23.6,372.3
1,1.3,R01,19,1482,23.7,372.4
1,1.3,R01,19,1482,23.8,372.5
1,1.3,R01,19,1482,23.9,372.6
1,1.3,R01,19,1482,24,372.7
1,1.3,R01,19,1482,24.1,372.9
1,1.3,R01,19,1482,24.2,373
1,1.3,R01,19,1482,24.3,373.1
1,1.3,R01,19,1482,24.4,373.2
1,1.3,R01,19,1482,24.5,373.3
1,1.3,R01,19,1482,24.6,373.5
1,1.3,R01,19,1482,24.7,373.6
1,1.3,R01,19,1482,24.8,373.7
1,1.3,R01,19,1482,24.9,373.9
1,1.3,R01,19,1482,25,374
1,1.3,R01,19,1482,25.1,374.1
1,1.3,R01,19,1482,25.2,374.2
1,1.3,R01,19,1482,25.3,374.3
1,1.3,R01,19,1482,25.4,374.4
1,1.3,R01,19,1482,25.5,374.5
1,1.3,R01,19,1482,25.6,374.7
1,1.3,R01,19,1482,25.7,374.8
1,1.3,R01,19,1482,25.8,374.9
1,1.3,R01,19,1482,25.9,375
1,1.3,R01,19,1482,26,375.1
1,1.3,R01,19,1482,26.1,375.3
1,1.3,R01,19,1482,26.2,375.4
1,1.3,R01,19,1482,26.3,375.5
1,1.3,R01,19,1482,26.4,375.5
1,1.3,R01,19,1482,26.5,375.6
1,1.3,R01,19,1482,26.6,375.7
1,1.3,R01,19,1482,26.7,375.7
1,1.3,R01,19,1482,26.8,375.8
1,1.3,R01,19,1482,26.9,375.9
1,1.3,R01,19,1482,27,375.9
1,1.3,R01,19,1482,27.1,376
1,1.3,R01,19,1482,27.2,376.1
1,1.3,R01,19,1482,27.3,376.1
1,1.3,R01,19,1482,27.4,376.2
1,1.3,R01,19,1482,27.5,376.3
1,1.3,R01,19,1482,27.6,376.4
1,1.3,R01,19,1482,27.7,376.4
1,1.3,R01,19,1482,27.8,376.5
1,1.3,R01,19,1482,27.9,376.6
1,1.3,R01,19,1482,28,376.6
1,1.3,R01,19,1482,28.1,376.7
1,1.3,R01,19,1482,28.2,376.8
1,1.3,R01,19,1482,28.3,376.9
1,1.3,R01,19,1482,28.4,377
1,1.3,R01,19,1482,28.5,377.1
1,1.3,R01,19,1482,28.6,377.2
1,1.3,R01,19,1482,28.7,377.3
1,1.3,R01,19,1482,28.8,377.4
1,1.3,R01,19,1482,28.9,377.5
1,1.3,R01,19,1482,29,377.5
1,1.3,R01,19,1482,29.1,377.7
1,1.3,R01,19,1482,29.2,377.7
1,1.3,R01,19,1482,29.3,377.9
1,1.3,R01,19,1482,29.4,377.9
1,1.3,R01,19,1482,29.5,378
1,1.3,R01,19,1482,29.6,378.1
1,1.3,R01,19,1482,29.7,378.2
1,1.3,R01,19,1482,29.8,378.3
1,1.3,R01,19,1482,29.9,378.4
1,1.3,R01,19,1482,30,378.5
1,1.3,R01,19,1482,30.1,378.6
1,1.3,R01,19,1482,30.2,378.7
1,1.3,R01,19,1482,30.3,378.8
1,1.3,R01,19,1482,30.4,378.8
1,1.3,R01,19,1482,30.5,378.9
1,1.3,R01,19,1482,30.6,379
1,1.3,R01,19,1482,30.7,379.1
1,1.3,R01,19,1482,30.8,379.2
1,1.3,R01,19,1482,30.9,379.3
1,1.3,R01,19,1482,31,379.4
1,1.3,R01,19,1482,31.1,379.4
1,1.3,R01,19,1482,31.2,379.5
1,1.3,R01,19,1482,31.3,379.6
1,1.3,R01,19,1482,31.4,379.6
1,1.3,R01,19,1482,31.5,379.6
1,1.3,R01,19,1482,31.6,379.7
1,1.3,R01,19,1482,31.7,379.8
1,1.3,R01,19,1482,31.8,379.8
1,1.3,R01,19,1482,31.9,379.9
1,1.3,R01,19,1482,32,379.9
1,1.3,R01,19,1482,32.1,380
1,1.3,R01,19,1482,32.2,380.1
1,1.3,R01,19,1482,32.3,380.1
1,1.3,R01,19,1482,32.4,380.2
1,1.3,R01,19,1482,32.5,380.2
1,1.3,R01,19,1482,32.6,380.3
1,1.3,R01,19,1482,32.7,380.3
1,1.3,R01,19,1482,32.8,380.4
1,1.3,R01,19,1482,32.9,380.4
1,1.3,R01,19,1482,33,380.5
1,1.3,R01,19,1482,33.1,380.5
1,1.3,R01,19,1482,33.2,380.6
1,1.3,R01,19,1482,33.3,380.6
1,1.3,R01,19,1482,33.4,380.7
1,1.3,R01,19,1482,33.5,380.7
1,1.3,R01,19,1482,33.6,380.8
1,1.3,R01,19,1482,33.7,380.8
1,1.3,R01,19,1482,33.8,380.9
1,1.3,R01,19,1482,33.9,380.9
1,1.3,R01,19,1482,34,381
1,1.3,R01,19,1482,34.1,381.1
1,1.3,R01,19,1482,34.2,381.1
1,1.3,R01,19,1482,34.3,381.2
1,1.3,R01,19,1482,34.4,381.2
1,1.3,R01,19,1482,34.5,381.3
1,1.3,R01,19,1482,34.6,381.3
1,1.3,R01,19,1482,34.7,381.4
1,1.3,R01,19,1482,34.8,381.4
1,1.3,R01,19,1482,34.9,381.5
1,1.3,R01,19,1482,35,381.6
1,1.3,R01,19,1482,35.1,381.6
1,1.3,R01,19,1482,35.2,381.7
1,1.3,R01,19,1482,35.3,381.8
1,1.3,R01,19,1482,35.4,381.8
1,1.3,R01,19,1482,35.5,381.9
1,1.3,R01,19,1482,35.6,382
1,1.3,R01,19,1482,35.7,382.1
1,1.3,R01,19,1482,35.8,382.2
1,1.3,R01,19,1482,35.9,382.3
1,1.3,R01,19,1482,36,382.4
1,1.3,R01,19,1482,36.1,382.5
1,1.3,R01,19,1482,36.2,382.6
1,1.3,R01,19,1482,36.3,382.7
1,1.3,R01,19,1482,36.4,382.8
1,1.3,R01,19,1482,36.5,382.9
1,1.3,R01,19,1482,36.6,383
1,1.3,R01,19,1482,36.7,383.1
1,1.3,R01,19,1482,36.8,383.2
1,1.3,R01,19,1482,36.9,383.4
1,1.3,R01,19,1482,37,383.4
1,1.3,R01,19,1482,37.1,383.4
1,1.3,R01,19,1482,37.2,383.4
1,1.3,R01,19,1482,37.3,383.4
1,1.3,R01,19,1482,37.4,383.4
1,1.3,R01,19,1482,37.5,383.4
1,1.3,R01,19,1482,37.6,383.4
1,1.3,R01,19,1482,37.7,383.4
1,1.3,R01,19,1482,37.8,383.4
1,1.3,R01,19,1483,0,0
1,1.3,R01,19,1483,0.1,3.944
1,1.3,R01,19,1483,0.2,8.382
1,1.3,R01,19,1483,0.3,14.02
1,1.3,R01,19,1483,0.4,16.02
1,1.3,R01,19,1483,0.5,17.67
1,1.3,R01,19,1483,0.6,19.52
1,1.3,R01,19,1483,0.7,20.39
1,1.3,R01,19,1483,0.8,21.2
1,1.3,R01,19,1483,0.9,22.65
1,1.3,R01,19,1483,1,23.52
1,1.3,R01,19,1483,1.1,25.25
1,1.3,R01,19,1483,1.2,26.42
1,1.3,R01,19,1483,1.3,28.2
1,1.3,R01,19,1483,1.4,29.53
1,1.3,R01,19,1483,1.5,30.95
1,1.3,R01,19,1483,1.6,33.05
1,1.3,R01,19,1483,1.7,34.47
1,1.3,R01,19,1483,1.8,35.96
1,1.3,R01,19,1483,1.9,38.24
1,1.3,R01,19,1483,2,39.64
1,1.3,R01,19,1483,2.1,41.85
1,1.3,R01,19,1483,2.2,43.34
1,1.3,R01,19,1483,2.3,45.65
1,1.3,R01,19,1483,2.4,47.22
1,1.3,R01,19,1483,2.5,48.75
1,1.3,R01,19,1483,2.6,50.97
1,1.3,R01,19,1483,2.7,52.49
1,1.3,R01,19,1483,2.8,54.04
1,1.3,R01,19,1483,2.9,56.36
1,1.3,R01,19,1483,3,58
1,1.3,R01,19,1483,3.1,60.51
1,1.3,R01,19,1483,3.2,62.19
1,1.3,R01,19,1483,3.3,64.68
1,1.3,R01,19,1483,3.4,66.43
1,1.3,R01,19,1483,3.5,68.23
1,1.3,R01,19,1483,3.6,70.92
1,1.3,R01,19,1483,3.7,72.76
1,1.3,R01,19,1483,3.8,74.61
1,1.3,R01,19,1483,3.9,77.37
1,1.3,R01,19,1483,4,79.38
1,1.3,R01,19,1483,4.1,82.25
1,1.3,R01,19,1483,4.2,84.18
1,1.3,R01,19,1483,4.3,87.11
1,1.3,R01,19,1483,4.4,89.1
1,1.3,R01,19,1483,4.5,91.01
1,1.3,R01,19,1483,4.6,93.89
1,1.3,R01,19,1483,4.7,95.77
1,1.3,R01,19,1483,4.8,97.67
1,1.3,R01,19,1483,4.9,100.6
1,1.3,R01,19,1483,5,102.5
1,1.3,R01,19,1483,5.1,105.3
1,1.3,R01,19,1483,5.2,107.2
1,1.3,R01,19,1483,5.3,110
1,1.3,R01,19,1483,5.4,111.8
1,1.3,R01,19,1483,5.5,113.7
1,1.3,R01,19,1483,5.6,116.4
1,1.3,R01,19,1483,5.7,118.2
1,1.3,R01,19,1483,5.8,120
1,1.3,R01,19,1483,5.9,122.7
1,1.3,R01,19,1483,6,124.4
1,1.3,R01,19,1483,6.1,127.1
1,1.3,R01,19,1483,6.2,128.9
1,1.3,R01,19,1483,6.3,131.4
1,1.3,R01,19,1483,6.4,133.1
1,1.3,R01,19,1483,6.5,134.8
1,1.3,R01,19,1483,6.6,137.3
1,1.3,R01,19,1483,6.7,138.9
1,1.3,R01,19,1483,6.8,140.6
1,1.3,R01,19,1483,6.9,143.1
1,1.3,R01,19,1483,7,144.8
1,1.3,R01,19,1483,7.1,147.3
1,1.3,R01,19,1483,7.2,149
1,1.3,R01,19,1483,7.3,151.4
1,1.3,R01,19,1483,7.4,153
1,1.3,R01,19,1483,7.5,154.5
1,1.3,R01,19,1483,7.6,156.8
1,1.3,R01,19,1483,7.7,158.3
1,1.3,R01,19,1483,7.8,159.8
1,1.3,R01,19,1483,7.9,162.2
1,1.3,R01,19,1483,8,163.7
1,1.3,R01,19,1483,8.1,166
1,1.3,R01,19,1483,8.2,167.4
1,1.3,R01,19,1483,8.3,169.6
1,1.3,R01,19,1483,8.4,171
1,1.3,R01,19,1483,8.5,172.4
1,1.3,R01,19,1483,8.6,174.6
1,1.3,R01,19,1483,8.7,175.9
1,1.3,R01,19,1483,8.8,177.3
1,1.3,R01,19,1483,8.9,179.4
1,1.3,R01,19,1483,9,180.8
1,1.3,R01,19,1483,9.1,182.9
1,1.3,R01,19,1483,9.2,184.1
1,1.3,R01,19,1483,9.3,186
1,1.3,R01,19,1483,9.4,187.2
1,1.3,R01,19,1483,9.5,188.5
1,1.3,R01,19,1483,9.6,190.3
1,1.3,R01,19,1483,9.7,191.5
1,1.3,R01,19,1483,9.8,192.8
1,1.3,R01,19,1483,9.9,194.7
1,1.3,R01,19,1483,10,195.9
1,1.3,R01,19,1483,10.1,197.6
1,1.3,R01,19,1483,10.2,198.7
1,1.3,R01,19,1483,10.3,200.4
1,1.3,R01,19,1483,10.4,201.6
1,1.3,R01,19,1483,10.5,202.7
1,1.3,R01,19,1483,10.6,204.3
1,1.3,R01,19,1483,10.7,205.4
1,1.3,R01,19,1483,10.8,206.5
1,1.3,R01,19,1483,10.9,208.1
1,1.3,R01,19,1483,11,209.1
1,1.3,R01,19,1483,11.1,210.7
1,1.3,R01,19,1483,11.2,211.8
1,1.3,R01,19,1483,11.3,213.3
1,1.3,R01,19,1483,11.4,214.3
1,1.3,R01,19,1483,11.5,215.3
1,1.3,R01,19,1483,11.6,216.7
1,1.3,R01,19,1483,11.7,217.7
1,1.3,R01,19,1483,11.8,218.7
1,1.3,R01,19,1483,11.9,220.1
1,1.3,R01,19,1483,12,221.1
1,1.3,R01,19,1483,12.1,222.6
1,1.3,R01,19,1483,12.2,223.5
1,1.3,R01,19,1483,12.3,224.7
1,1.3,R01,19,1483,12.4,225.6
1,1.3,R01,19,1483,12.5,226.5
1,1.3,R01,19,1483,12.6,227.8
1,1.3,R01,19,1483,12.7,228.6
1,1.3,R01,19,1483,12.8,229.5
1,1.3,R01,19,1483,12.9,230.8
1,1.3,R01,19,1483,13,231.6
1,1.3,R01,19,1483,13.1,232.9
1,1.3,R01,19,1483,13.2,233.7
1,1.3,R01,19,1483,13.3,234.8
1,1.3,R01,19,1483,13.4,235.6
1,1.3,R01,19,1483,13.5,236.4
1,1.3,R01,19,1483,13.6,237.4
1,1.3,R01,19,1483,13.7,238.2
1,1.3,R01,19,1483,13.8,238.9
1,1.3,R01,19,1483,13.9,240
1,1.3,R01,19,1483,14,240.7
1,1.3,R01,19,1483,14.1,241.9
1,1.3,R01,19,1483,14.2,242.6
1,1.3,R01,19,1483,14.3,243.6
1,1.3,R01,19,1483,14.4,244.3
1,1.3,R01,19,1483,14.5,245
1,1.3,R01,19,1483,14.6,246
1,1.3,R01,19,1483,14.7,246.7
1,1.3,R01,19,1483,14.8,247.4
1,1.3,R01,19,1483,14.9,248.4
1,1.3,R01,19,1483,15,249.1
1,1.3,R01,19,1483,15.1,250.1
1,1.3,R01,19,1483,15.2,250.8
1,1.3,R01,19,1483,15.3,251.7
1,1.3,R01,19,1483,15.4,252.3
1,1.3,R01,19,1483,15.5,252.9
1,1.3,R01,19,1483,15.6,253.8
1,1.3,R01,19,1483,15.7,254.4
1,1.3,R01,19,1483,15.8,255
1,1.3,R01,19,1483,15.9,255.9
1,1.3,R01,19,1483,16,256.5
1,1.3,R01,19,1483,16.1,257.4
1,1.3,R01,19,1483,16.2,257.9
1,1.3,R01,19,1483,16.3,258.7
1,1.3,R01,19,1483,16.4,259.3
1,1.3,R01,19,1483,16.5,259.8
1,1.3,R01,19,1483,16.6,260.6
1,1.3,R01,19,1483,16.7,261.1
1,1.3,R01,19,1483,16.8,261.6
1,1.3,R01,19,1483,16.9,262.3
1,1.3,R01,19,1483,17,262.8
1,1.3,R01,19,1483,17.1,263.6
1,1.3,R01,19,1483,17.2,264.1
1,1.3,R01,19,1483,17.3,264.8
1,1.3,R01,19,1483,17.4,265.3
1,1.3,R01,19,1483,17.5,265.7
1,1.3,R01,19,1483,17.6,266.4
1,1.3,R01,19,1483,17.7,266.8
1,1.3,R01,19,1483,17.8,267.3
1,1.3,R01,19,1483,17.9,268
1,1.3,R01,19,1483,18,268.5
1,1.3,R01,19,1483,18.1,269.2
1,1.3,R01,19,1483,18.2,269.6
1,1.3,R01,19,1483,18.3,270.1
1,1.3,R01,19,1483,18.4,270.5
1,1.3,R01,19,1483,18.5,270.9
1,1.3,R01,19,1483,18.6,271.6
1,1.3,R01,19,1483,18.7,272
1,1.3,R01,19,1483,18.8,272.4
1,1.3,R01,19,1483,18.9,273
1,1.3,R01,19,1483,19,273.4
1,1.3,R01,19,1483,19.1,274
1,1.3,R01,19,1483,19.2,274.4
1,1.3,R01,19,1483,19.3,274.9
1,1.3,R01,19,1483,19.4,275.3
1,1.3,R01,19,1483,19.5,275.6
1,1.3,R01,19,1483,19.6,276.2
1,1.3,R01,19,1483,19.7,276.5
1,1.3,R01,19,1483,19.8,276.9
1,1.3,R01,19,1483,19.9,277.5
1,1.3,R01,19,1483,20,277.8
1,1.3,R01,19,1483,20.1,278.4
1,1.3,R01,19,1483,20.2,278.7
1,1.3,R01,19,1483,20.3,279.2
1,1.3,R01,19,1483,20.4,279.5
1,1.3,R01,19,1483,20.5,279.8
1,1.3,R01,19,1483,20.6,280.4
1,1.3,R01,19,1483,20.7,280.8
1,1.3,R01,19,1483,20.8,281.1
1,1.3,R01,19,1483,20.9,281.7
1,1.3,R01,19,1483,21,282
1,1.3,R01,19,1483,21.1,282.5
1,1.3,R01,19,1483,21.2,282.8
1,1.3,R01,19,1483,21.3,283.2
1,1.3,R01,19,1483,21.4,283.5
1,1.3,R01,19,1483,21.5,283.8
1,1.3,R01,19,1483,21.6,284.2
1,1.3,R01,19,1483,21.7,284.5
1,1.3,R01,19,1483,21.8,284.8
1,1.3,R01,19,1483,21.9,285.3
1,1.3,R01,19,1483,22,285.6
1,1.3,R01,19,1483,22.1,286
1,1.3,R01,19,1483,22.2,286.2
1,1.3,R01,19,1483,22.3,286.6
1,1.3,R01,19,1483,22.4,286.8
1,1.3,R01,19,1483,22.5,287.1
1,1.3,R01,19,1483,22.6,287.5
1,1.3,R01,19,1483,22.7,287.7
1,1.3,R01,19,1483,22.8,288
1,1.3,R01,19,1483,22.9,288.4
1,1.3,R01,19,1483,23,288.7
1,1.3,R01,19,1483,23.1,289
1,1.3,R01,19,1483,23.2,289.2
1,1.3,R01,19,1483,23.3,289.5
1,1.3,R01,19,1483,23.4,289.8
1,1.3,R01,19,1483,23.5,290
1,1.3,R01,19,1483,23.6,290.3
1,1.3,R01,19,1483,23.7,290.5
1,1.3,R01,19,1483,23.8,290.8
1,1.3,R01,19,1483,23.9,291.2
1,1.3,R01,19,1483,24,291.4
1,1.3,R01,19,1483,24.1,291.8
1,1.3,R01,19,1483,24.2,292
1,1.3,R01,19,1483,24.3,292.3
1,1.3,R01,19,1483,24.4,292.5
1,1.3,R01,19,1483,24.5,292.7
1,1.3,R01,19,1483,24.6,293
1,1.3,R01,19,1483,24.7,293.2
1,1.3,R01,19,1483,24.8,293.4
1,1.3,R01,19,1483,24.9,293.8
1,1.3,R01,19,1483,25,294
1,1.3,R01,19,1483,25.1,294.3
1,1.3,R01,19,1483,25.2,294.5
1,1.3,R01,19,1483,25.3,294.9
1,1.3,R01,19,1483,25.4,295.1
1,1.3,R01,19,1483,25.5,295.3
1,1.3,R01,19,1483,25.6,295.6
1,1.3,R01,19,1483,25.7,295.8
1,1.3,R01,19,1483,25.8,296
1,1.3,R01,19,1483,25.9,296.3
1,1.3,R01,19,1483,26,296.5
1,1.3,R01,19,1483,26.1,296.8
1,1.3,R01,19,1483,26.2,297
1,1.3,R01,19,1483,26.3,297.2
1,1.3,R01,19,1483,26.4,297.4
1,1.3,R01,19,1483,26.5,297.6
1,1.3,R01,19,1483,26.6,297.9
1,1.3,R01,19,1483,26.7,298.1
1,1.3,R01,19,1483,26.8,298.3
1,1.3,R01,19,1483,26.9,298.5
1,1.3,R01,19,1483,27,298.6
1,1.3,R01,19,1483,27.1,298.8
1,1.3,R01,19,1483,27.2,299
1,1.3,R01,19,1483,27.3,299.2
1,1.3,R01,19,1483,27.4,299.3
1,1.3,R01,19,1483,27.5,299.5
1,1.3,R01,19,1483,27.6,299.7
1,1.3,R01,19,1483,27.7,299.8
1,1.3,R01,19,1483,27.8,300
1,1.3,R01,19,1483,27.9,300.2
1,1.3,R01,19,1483,28,300.4
1,1.3,R01,19,1483,28.1,300.6
1,1.3,R01,19,1483,28.2,300.7
1,1.3,R01,19,1483,28.3,300.9
1,1.3,R01,19,1483,28.4,301.1
1,1.3,R01,19,1483,28.5,301.2
1,1.3,R01,19,1483,28.6,301.5
1,1.3,R01,19,1483,28.7,301.7
1,1.3,R01,19,1483,28.8,301.9
1,1.3,R01,19,1483,28.9,302.1
1,1.3,R01,19,1483,29,302.3
1,1.3,R01,19,1483,29.1,302.5
1,1.3,R01,19,1483,29.2,302.7
1,1.3,R01,19,1483,29.3,302.9
1,1.3,R01,19,1483,29.4,303
1,1.3,R01,19,1483,29.5,303.2
1,1.3,R01,19,1483,29.6,303.3
1,1.3,R01,19,1483,29.7,303.4
1,1.3,R01,19,1483,29.8,303.5
1,1.3,R01,19,1483,29.9,303.7
1,1.3,R01,19,1483,30,303.8
1,1.3,R01,19,1483,30.1,304
1,1.3,R01,19,1483,30.2,304.1
1,1.3,R01,19,1483,30.3,304.3
1,1.3,R01,19,1483,30.4,304.5
1,1.3,R01,19,1483,30.5,304.6
1,1.3,R01,19,1483,30.6,304.9
1,1.3,R01,19,1483,30.7,305
1,1.3,R01,19,1483,30.8,305.2
1,1.3,R01,19,1483,30.9,305.4
1,1.3,R01,19,1483,31,305.6
1,1.3,R01,19,1483,31.1,305.8
1,1.3,R01,19,1483,31.2,305.9
1,1.3,R01,19,1483,31.3,306.1
1,1.3,R01,19,1483,31.4,306.2
1,1.3,R01,19,1483,31.5,306.3
1,1.3,R01,19,1483,31.6,306.5
1,1.3,R01,19,1483,31.7,306.6
1,1.3,R01,19,1483,31.8,306.7
1,1.3,R01,19,1483,31.9,306.9
1,1.3,R01,19,1483,32,307
1,1.3,R01,19,1483,32.1,307.2
1,1.3,R01,19,1483,32.2,307.3
1,1.3,R01,19,1483,32.3,307.4
1,1.3,R01,19,1483,32.4,307.5
1,1.3,R01,19,1483,32.5,307.6
1,1.3,R01,19,1483,32.6,307.8
1,1.3,R01,19,1483,32.7,307.9
1,1.3,R01,19,1483,32.8,308
1,1.3,R01,19,1483,32.9,308.1
1,1.3,R01,19,1483,33,308.2
1,1.3,R01,19,1483,33.1,308.4
1,1.3,R01,19,1483,33.2,308.5
1,1.3,R01,19,1483,33.3,308.6
1,1.3,R01,19,1483,33.4,308.7
1,1.3,R01,19,1483,33.5,308.7
1,1.3,R01,19,1483,33.6,308.9
1,1.3,R01,19,1483,33.7,308.9
1,1.3,R01,19,1483,33.8,309
1,1.3,R01,19,1483,33.9,309.1
1,1.3,R01,19,1483,34,309.2
1,1.3,R01,19,1483,34.1,309.3
1,1.3,R01,19,1483,34.2,309.4
1,1.3,R01,19,1483,34.3,309.5
1,1.3,R01,19,1483,34.4,309.6
1,1.3,R01,19,1483,34.5,309.6
1,1.3,R01,19,1483,34.6,309.7
1,1.3,R01,19,1483,34.7,309.8
1,1.3,R01,19,1483,34.8,309.9
1,1.3,R01,19,1483,34.9,310.1
1,1.3,R01,19,1483,35,310.2
1,1.3,R01,19,1483,35.1,310.4
1,1.3,R01,19,1483,35.2,310.5
1,1.3,R01,19,1483,35.3,310.7
1,1.3,R01,19,1483,35.4,310.8
1,1.3,R01,19,1483,35.5,310.9
1,1.3,R01,19,1483,35.6,311.1
1,1.3,R01,19,1483,35.7,311.2
1,1.3,R01,19,1483,35.8,311.4
1,1.3,R01,19,1483,35.9,311.5
1,1.3,R01,19,1483,36,311.7
1,1.3,R01,19,1483,36.1,311.9
1,1.3,R01,19,1483,36.2,312
1,1.3,R01,19,1483,36.3,312.2
1,1.3,R01,19,1483,36.4,312.3
1,1.3,R01,19,1483,36.5,312.4
1,1.3,R01,19,1483,36.6,312.6
1,1.3,R01,19,1483,36.7,312.7
1,1.3,R01,19,1483,36.8,312.9
1,1.3,R01,19,1483,36.9,313
1,1.3,R01,19,1483,37,313.2
1,1.3,R01,19,1483,37.1,313.3
1,1.3,R01,19,1483,37.2,313.3
1,1.3,R01,19,1483,37.3,313.3
1,1.3,R01,19,1483,37.4,313.3
1,1.3,R01,19,1483,37.5,313.3
1,1.3,R01,19,1483,37.6,313.3
1,1.3,R01,19,1483,37.7,313.3
1,1.3,R01,19,1483,37.8,313.3
1,1.3,R01,19,1485,0,0
1,1.3,R01,19,1485,0.1,-0.1123
1,1.3,R01,19,1485,0.2,0.1894
1,1.3,R01,19,1485,0.3,0.7862
1,1.3,R01,19,1485,0.4,1.435
1,1.3,R01,19,1485,0.5,2.365
1,1.3,R01,19,1485,0.6,4.649
1,1.3,R01,19,1485,0.7,7.246
1,1.3,R01,19,1485,0.8,10.81
1,1.3,R01,19,1485,0.9,19.62
1,1.3,R01,19,1485,1,27.72
1,1.3,R01,19,1485,1.1,41.96
1,1.3,R01,19,1485,1.2,52.46
1,1.3,R01,19,1485,1.3,68.41
1,1.3,R01,19,1485,1.4,79.17
1,1.3,R01,19,1485,1.5,89.86
1,1.3,R01,19,1485,1.6,105.6
1,1.3,R01,19,1485,1.7,115.4
1,1.3,R01,19,1485,1.8,125.8
1,1.3,R01,19,1485,1.9,140.6
1,1.3,R01,19,1485,2,150.8
1,1.3,R01,19,1485,2.1,165.6
1,1.3,R01,19,1485,2.2,176.1
1,1.3,R01,19,1485,2.3,191.4
1,1.3,R01,19,1485,2.4,202.4
1,1.3,R01,19,1485,2.5,213.4
1,1.3,R01,19,1485,2.6,230.5
1,1.3,R01,19,1485,2.7,242.1
1,1.3,R01,19,1485,2.8,253.9
1,1.3,R01,19,1485,2.9,270.6
1,1.3,R01,19,1485,3,279.7
1,1.3,R01,19,1485,3.1,291.2
1,1.3,R01,19,1485,3.2,298.5
1,1.3,R01,19,1485,3.3,308.4
1,1.3,R01,19,1485,3.4,313.1
1,1.3,R01,19,1485,3.5,317.4
1,1.3,R01,19,1485,3.6,323.2
1,1.3,R01,19,1485,3.7,326.6
1,1.3,R01,19,1485,3.8,329.6
1,1.3,R01,19,1485,3.9,333.2
1,1.3,R01,19,1485,4,335.4
1,1.3,R01,19,1485,4.1,338.4
1,1.3,R01,19,1485,4.2,340
1,1.3,R01,19,1485,4.3,342.4
1,1.3,R01,19,1485,4.4,343.6
1,1.3,R01,19,1485,4.5,344.9
1,1.3,R01,19,1485,4.6,346.6
1,1.3,R01,19,1485,4.7,347.7
1,1.3,R01,19,1485,4.8,348.7
1,1.3,R01,19,1485,4.9,350.1
1,1.3,R01,19,1485,5,350.9
1,1.3,R01,19,1485,5.1,352.1
1,1.3,R01,19,1485,5.2,352.6
1,1.3,R01,19,1485,5.3,353.6
1,1.3,R01,19,1485,5.4,354.3
1,1.3,R01,19,1485,5.5,354.8
1,1.3,R01,19,1485,5.6,355.6
1,1.3,R01,19,1485,5.7,356.1
1,1.3,R01,19,1485,5.8,356.5
1,1.3,R01,19,1485,5.9,357.2
1,1.3,R01,19,1485,6,357.6
1,1.3,R01,19,1485,6.1,358.3
1,1.3,R01,19,1485,6.2,358.7
1,1.3,R01,19,1485,6.3,359.2
1,1.3,R01,19,1485,6.4,359.6
1,1.3,R01,19,1485,6.5,359.9
1,1.3,R01,19,1485,6.6,360.5
1,1.3,R01,19,1485,6.7,360.8
1,1.3,R01,19,1485,6.8,361.1
1,1.3,R01,19,1485,6.9,361.6
1,1.3,R01,19,1485,7,361.9
1,1.3,R01,19,1485,7.1,362.3
1,1.3,R01,19,1485,7.2,362.6
1,1.3,R01,19,1485,7.3,363
1,1.3,R01,19,1485,7.4,363.3
1,1.3,R01,19,1485,7.5,363.5
1,1.3,R01,19,1485,7.6,363.9
1,1.3,R01,19,1485,7.7,364.2
1,1.3,R01,19,1485,7.8,364.5
1,1.3,R01,19,1485,7.9,364.9
1,1.3,R01,19,1485,8,365.1
1,1.3,R01,19,1485,8.1,365.5
1,1.3,R01,19,1485,8.2,365.8
1,1.3,R01,19,1485,8.3,366.2
1,1.3,R01,19,1485,8.4,366.4
1,1.3,R01,19,1485,8.5,366.6
1,1.3,R01,19,1485,8.6,367
1,1.3,R01,19,1485,8.7,367.2
1,1.3,R01,19,1485,8.8,367.5
1,1.3,R01,19,1485,8.9,367.8
1,1.3,R01,19,1485,9,368
1,1.3,R01,19,1485,9.1,368.3
1,1.3,R01,19,1485,9.2,368.5
1,1.3,R01,19,1485,9.3,368.8
1,1.3,R01,19,1485,9.4,369
1,1.3,R01,19,1485,9.5,369.2
1,1.3,R01,19,1485,9.6,369.5
1,1.3,R01,19,1485,9.7,369.7
1,1.3,R01,19,1485,9.8,369.9
1,1.3,R01,19,1485,9.9,370.2
1,1.3,R01,19,1485,10,370.4
1,1.3,R01,19,1485,10.1,370.6
1,1.3,R01,19,1485,10.2,370.8
1,1.3,R01,19,1485,10.3,371
1,1.3,R01,19,1485,10.4,371.1
1,1.3,R01,19,1485,10.5,371.3
1,1.3,R01,19,1485,10.6,371.5
1,1.3,R01,19,1485,10.7,371.7
1,1.3,R01,19,1485,10.8,371.8
1,1.3,R01,19,1485,10.9,372.1
1,1.3,R01,19,1485,11,372.2
1,1.3,R01,19,1485,11.1,372.4
1,1.3,R01,19,1485,11.2,372.6
1,1.3,R01,19,1485,11.3,372.8
1,1.3,R01,19,1485,11.4,373
1,1.3,R01,19,1485,11.5,373.1
1,1.3,R01,19,1485,11.6,373.4
1,1.3,R01,19,1485,11.7,373.5
1,1.3,R01,19,1485,11.8,373.6
1,1.3,R01,19,1485,11.9,373.8
1,1.3,R01,19,1485,12,374
1,1.3,R01,19,1485,12.1,374.2
1,1.3,R01,19,1485,12.2,374.3
1,1.3,R01,19,1485,12.3,374.5
1,1.3,R01,19,1485,12.4,374.6
1,1.3,R01,19,1485,12.5,374.7
1,1.3,R01,19,1485,12.6,374.9
1,1.3,R01,19,1485,12.7,375.1
1,1.3,R01,19,1485,12.8,375.2
1,1.3,R01,19,1485,12.9,375.4
1,1.3,R01,19,1485,13,375.6
1,1.3,R01,19,1485,13.1,375.8
1,1.3,R01,19,1485,13.2,375.9
1,1.3,R01,19,1485,13.3,376.1
1,1.3,R01,19,1485,13.4,376.2
1,1.3,R01,19,1485,13.5,376.3
1,1.3,R01,19,1485,13.6,376.4
1,1.3,R01,19,1485,13.7,376.5
1,1.3,R01,19,1485,13.8,376.6
1,1.3,R01,19,1485,13.9,376.8
1,1.3,R01,19,1485,14,377
1,1.3,R01,19,1485,14.1,377.1
1,1.3,R01,19,1485,14.2,377.3
1,1.3,R01,19,1485,14.3,377.4
1,1.3,R01,19,1485,14.4,377.5
1,1.3,R01,19,1485,14.5,377.6
1,1.3,R01,19,1485,14.6,377.8
1,1.3,R01,19,1485,14.7,377.9
1,1.3,R01,19,1485,14.8,378
1,1.3,R01,19,1485,14.9,378.1
1,1.3,R01,19,1485,15,378.2
1,1.3,R01,19,1485,15.1,378.4
1,1.3,R01,19,1485,15.2,378.5
1,1.3,R01,19,1485,15.3,378.7
1,1.3,R01,19,1485,15.4,378.9
1,1.3,R01,19,1485,15.5,379
1,1.3,R01,19,1485,15.6,379.2
1,1.3,R01,19,1485,15.7,379.3
1,1.3,R01,19,1485,15.8,379.4
1,1.3,R01,19,1485,15.9,379.6
1,1.3,R01,19,1485,16,379.7
1,1.3,R01,19,1485,16.1,379.9
1,1.3,R01,19,1485,16.2,380
1,1.3,R01,19,1485,16.3,380.1
1,1.3,R01,19,1485,16.4,380.2
1,1.3,R01,19,1485,16.5,380.3
1,1.3,R01,19,1485,16.6,380.5
1,1.3,R01,19,1485,16.7,380.6
1,1.3,R01,19,1485,16.8,380.7
1,1.3,R01,19,1485,16.9,380.8
1,1.3,R01,19,1485,17,380.9
1,1.3,R01,19,1485,17.1,381.1
1,1.3,R01,19,1485,17.2,381.2
1,1.3,R01,19,1485,17.3,381.3
1,1.3,R01,19,1485,17.4,381.4
1,1.3,R01,19,1485,17.5,381.5
1,1.3,R01,19,1485,17.6,381.7
1,1.3,R01,19,1485,17.7,381.8
1,1.3,R01,19,1485,17.8,381.9
1,1.3,R01,19,1485,17.9,382.1
1,1.3,R01,19,1485,18,382.1
1,1.3,R01,19,1485,18.1,382.3
1,1.3,R01,19,1485,18.2,382.4
1,1.3,R01,19,1485,18.3,382.5
1,1.3,R01,19,1485,18.4,382.6
1,1.3,R01,19,1485,18.5,382.7
1,1.3,R01,19,1485,18.6,382.8
1,1.3,R01,19,1485,18.7,382.9
1,1.3,R01,19,1485,18.8,383
1,1.3,R01,19,1485,18.9,383.1
1,1.3,R01,19,1485,19,383.2
1,1.3,R01,19,1485,19.1,383.4
1,1.3,R01,19,1485,19.2,383.5
1,1.3,R01,19,1485,19.3,383.6
1,1.3,R01,19,1485,19.4,383.8
1,1.3,R01,19,1485,19.5,383.9
1,1.3,R01,19,1485,19.6,384
1,1.3,R01,19,1485,19.7,384.1
1,1.3,R01,19,1485,19.8,384.2
1,1.3,R01,19,1485,19.9,384.4
1,1.3,R01,19,1485,20,384.5
1,1.3,R01,19,1485,20.1,384.6
1,1.3,R01,19,1485,20.2,384.7
1,1.3,R01,19,1485,20.3,384.9
1,1.3,R01,19,1485,20.4,385
1,1.3,R01,19,1485,20.5,385.1
1,1.3,R01,19,1485,20.6,385.2
1,1.3,R01,19,1485,20.7,385.3
1,1.3,R01,19,1485,20.8,385.5
1,1.3,R01,19,1485,20.9,385.7
1,1.3,R01,19,1485,21,385.8
1,1.3,R01,19,1485,21.1,386
1,1.3,R01,19,1485,21.2,386.1
1,1.3,R01,19,1485,21.3,386.3
1,1.3,R01,19,1485,21.4,386.4
1,1.3,R01,19,1485,21.5,386.5
1,1.3,R01,19,1485,21.6,386.6
1,1.3,R01,19,1485,21.7,386.7
1,1.3,R01,19,1485,21.8,386.8
1,1.3,R01,19,1485,21.9,386.9
1,1.3,R01,19,1485,22,387
1,1.3,R01,19,1485,22.1,387.1
1,1.3,R01,19,1485,22.2,387.2
1,1.3,R01,19,1485,22.3,387.4
1,1.3,R01,19,1485,22.4,387.4
1,1.3,R01,19,1485,22.5,387.4
1,1.3,R01,19,1485,22.6,387.5
1,1.3,R01,19,1485,22.7,387.6
1,1.3,R01,19,1485,22.8,387.6
1,1.3,R01,19,1485,22.9,387.7
1,1.3,R01,19,1485,23,387.8
1,1.3,R01,19,1485,23.1,387.9
1,1.3,R01,19,1485,23.2,387.9
1,1.3,R01,19,1485,23.3,388
1,1.3,R01,19,1485,23.4,388.1
1,1.3,R01,19,1485,23.5,388.1
1,1.3,R01,19,1485,23.6,388.2
1,1.3,R01,19,1485,23.7,388.3
1,1.3,R01,19,1485,23.8,388.4
1,1.3,R01,19,1485,23.9,388.5
1,1.3,R01,19,1485,24,388.6
1,1.3,R01,19,1485,24.1,388.7
1,1.3,R01,19,1485,24.2,388.8
1,1.3,R01,19,1485,24.3,389
1,1.3,R01,19,1485,24.4,389.1
1,1.3,R01,19,1485,24.5,389.2
1,1.3,R01,19,1485,24.6,389.3
1,1.3,R01,19,1485,24.7,389.4
1,1.3,R01,19,1485,24.8,389.5
1,1.3,R01,19,1485,24.9,389.7
1,1.3,R01,19,1485,25,389.8
1,1.3,R01,19,1485,25.1,389.9
1,1.3,R01,19,1485,25.2,390
1,1.3,R01,19,1485,25.3,390.1
1,1.3,R01,19,1485,25.4,390.2
1,1.3,R01,19,1485,25.5,390.3
1,1.3,R01,19,1485,25.6,390.4
1,1.3,R01,19,1485,25.7,390.5
1,1.3,R01,19,1485,25.8,390.6
1,1.3,R01,19,1485,25.9,390.7
1,1.3,R01,19,1485,26,390.8
1,1.3,R01,19,1485,26.1,391
1,1.3,R01,19,1485,26.2,391
1,1.3,R01,19,1485,26.3,391.2
1,1.3,R01,19,1485,26.4,391.2
1,1.3,R01,19,1485,26.5,391.3
1,1.3,R01,19,1485,26.6,391.4
1,1.3,R01,19,1485,26.7,391.4
1,1.3,R01,19,1485,26.8,391.5
1,1.3,R01,19,1485,26.9,391.6
1,1.3,R01,19,1485,27,391.7
1,1.3,R01,19,1485,27.1,391.7
1,1.3,R01,19,1485,27.2,391.8
1,1.3,R01,19,1485,27.3,391.9
1,1.3,R01,19,1485,27.4,391.9
1,1.3,R01,19,1485,27.5,392
1,1.3,R01,19,1485,27.6,392.1
1,1.3,R01,19,1485,27.7,392.2
1,1.3,R01,19,1485,27.8,392.2
1,1.3,R01,19,1485,27.9,392.3
1,1.3,R01,19,1485,28,392.4
1,1.3,R01,19,1485,28.1,392.5
1,1.3,R01,19,1485,28.2,392.5
1,1.3,R01,19,1485,28.3,392.7
1,1.3,R01,19,1485,28.4,392.7
1,1.3,R01,19,1485,28.5,392.8
1,1.3,R01,19,1485,28.6,392.9
1,1.3,R01,19,1485,28.7,393
1,1.3,R01,19,1485,28.8,393.1
1,1.3,R01,19,1485,28.9,393.2
1,1.3,R01,19,1485,29,393.3
1,1.3,R01,19,1485,29.1,393.4
1,1.3,R01,19,1485,29.2,393.4
1,1.3,R01,19,1485,29.3,393.5
1,1.3,R01,19,1485,29.4,393.6
1,1.3,R01,19,1485,29.5,393.7
1,1.3,R01,19,1485,29.6,393.8
1,1.3,R01,19,1485,29.7,393.9
1,1.3,R01,19,1485,29.8,393.9
1,1.3,R01,19,1485,29.9,394
1,1.3,R01,19,1485,30,394.1
1,1.3,R01,19,1485,30.1,394.2
1,1.3,R01,19,1485,30.2,394.2
1,1.3,R01,19,1485,30.3,394.3
1,1.3,R01,19,1485,30.4,394.4
1,1.3,R01,19,1485,30.5,394.4
1,1.3,R01,19,1485,30.6,394.5
1,1.3,R01,19,1485,30.7,394.6
1,1.3,R01,19,1485,30.8,394.7
1,1.3,R01,19,1485,30.9,394.7
1,1.3,R01,19,1485,31,394.8
1,1.3,R01,19,1485,31.1,394.9
1,1.3,R01,19,1485,31.2,394.9
1,1.3,R01,19,1485,31.3,395
1,1.3,R01,19,1485,31.4,395
1,1.3,R01,19,1485,31.5,395.1
1,1.3,R01,19,1485,31.6,395.2
1,1.3,R01,19,1485,31.7,395.2
1,1.3,R01,19,1485,31.8,395.2
1,1.3,R01,19,1485,31.9,395.3
1,1.3,R01,19,1485,32,395.4
1,1.3,R01,19,1485,32.1,395.4
1,1.3,R01,19,1485,32.2,395.5
1,1.3,R01,19,1485,32.3,395.5
1,1.3,R01,19,1485,32.4,395.6
1,1.3,R01,19,1485,32.5,395.6
1,1.3,R01,19,1485,32.6,395.7
1,1.3,R01,19,1485,32.7,395.7
1,1.3,R01,19,1485,32.8,395.8
1,1.3,R01,19,1485,32.9,395.9
1,1.3,R01,19,1485,33,395.9
1,1.3,R01,19,1485,33.1,395.9
1,1.3,R01,19,1485,33.2,395.9
1,1.3,R01,19,1485,33.3,396
1,1.3,R01,19,1485,33.4,396
1,1.3,R01,19,1485,33.5,396.1
1,1.3,R01,19,1485,33.6,396.1
1,1.3,R01,19,1485,33.7,396.1
1,1.3,R01,19,1485,33.8,396.2
1,1.3,R01,19,1485,33.9,396.2
1,1.3,R01,19,1485,34,396.2
1,1.3,R01,19,1485,34.1,396.3
1,1.3,R01,19,1485,34.2,396.3
1,1.3,R01,19,1485,34.3,396.4
1,1.3,R01,19,1485,34.4,396.4
1,1.3,R01,19,1485,34.5,396.4
1,1.3,R01,19,1485,34.6,396.5
1,1.3,R01,19,1485,34.7,396.5
1,1.3,R01,19,1485,34.8,396.5
1,1.3,R01,19,1485,34.9,396.6
1,1.3,R01,19,1485,35,396.6
1,1.3,R01,19,1485,35.1,396.7
1,1.3,R01,19,1485,35.2,396.7
1,1.3,R01,19,1485,35.3,396.7
1,1.3,R01,19,1485,35.4,396.8
1,1.3,R01,19,1485,35.5,396.8
1,1.3,R01,19,1485,35.6,396.9
1,1.3,R01,19,1485,35.7,396.9
1,1.3,R01,19,1485,35.8,396.9
1,1.3,R01,19,1485,35.9,397
1,1.3,R01,19,1485,36,397
1,1.3,R01,19,1485,36.1,396.9
1,1.3,R01,19,1485,36.2,396.9
1,1.3,R01,19,1485,36.3,396.9
1,1.3,R01,19,1485,36.4,396.9
1,1.3,R01,19,1485,36.5,396.9
1,1.3,R01,19,1485,36.6,396.9
1,1.3,R01,19,1485,36.7,396.9
1,1.3,R01,19,1485,36.8,396.9
1,1.3,R01,19,1485,36.9,396.9
1,1.3,R01,19,1485,37,396.9
1,1.3,R01,19,1485,37.1,396.9
1,1.3,R01,19,1485,37.2,396.9
1,1.3,R01,19,1485,37.3,396.9
1,1.3,R01,19,1485,37.4,396.9
1,1.3,R01,19,1485,37.5,396.9
1,1.3,R01,19,1485,37.6,396.9
1,1.3,R01,19,1485,37.7,396.9
1,1.3,R01,19,1485,37.8,396.9
1,1.3,R01,19,1486,0,0
1,1.3,R01,19,1486,0.1,4.253
1,1.3,R01,19,1486,0.2,8.58
1,1.3,R01,19,1486,0.3,14.06
1,1.3,R01,19,1486,0.4,16.09
1,1.3,R01,19,1486,0.5,17.73
1,1.3,R01,19,1486,0.6,19.55
1,1.3,R01,19,1486,0.7,20.41
1,1.3,R01,19,1486,0.8,21.26
1,1.3,R01,19,1486,0.9,22.6
1,1.3,R01,19,1486,1,23.53
1,1.3,R01,19,1486,1.1,25.1
1,1.3,R01,19,1486,1.2,26.24
1,1.3,R01,19,1486,1.3,28.02
1,1.3,R01,19,1486,1.4,29.33
1,1.3,R01,19,1486,1.5,30.61
1,1.3,R01,19,1486,1.6,32.56
1,1.3,R01,19,1486,1.7,33.91
1,1.3,R01,19,1486,1.8,35.3
1,1.3,R01,19,1486,1.9,37.38
1,1.3,R01,19,1486,2,38.75
1,1.3,R01,19,1486,2.1,40.88
1,1.3,R01,19,1486,2.2,42.28
1,1.3,R01,19,1486,2.3,44.4
1,1.3,R01,19,1486,2.4,45.77
1,1.3,R01,19,1486,2.5,47.19
1,1.3,R01,19,1486,2.6,49.36
1,1.3,R01,19,1486,2.7,50.81
1,1.3,R01,19,1486,2.8,52.24
1,1.3,R01,19,1486,2.9,54.39
1,1.3,R01,19,1486,3,55.82
1,1.3,R01,19,1486,3.1,58.12
1,1.3,R01,19,1486,3.2,59.63
1,1.3,R01,19,1486,3.3,62.02
1,1.3,R01,19,1486,3.4,63.59
1,1.3,R01,19,1486,3.5,65.22
1,1.3,R01,19,1486,3.6,67.66
1,1.3,R01,19,1486,3.7,69.28
1,1.3,R01,19,1486,3.8,70.99
1,1.3,R01,19,1486,3.9,73.48
1,1.3,R01,19,1486,4,75.24
1,1.3,R01,19,1486,4.1,77.88
1,1.3,R01,19,1486,4.2,79.62
1,1.3,R01,19,1486,4.3,82.35
1,1.3,R01,19,1486,4.4,84.14
1,1.3,R01,19,1486,4.5,85.93
1,1.3,R01,19,1486,4.6,88.67
1,1.3,R01,19,1486,4.7,90.38
1,1.3,R01,19,1486,4.8,92.19
1,1.3,R01,19,1486,4.9,94.87
1,1.3,R01,19,1486,5,96.67
1,1.3,R01,19,1486,5.1,99.44
1,1.3,R01,19,1486,5.2,101.2
1,1.3,R01,19,1486,5.3,103.9
1,1.3,R01,19,1486,5.4,105.7
1,1.3,R01,19,1486,5.5,107.5
1,1.3,R01,19,1486,5.6,110.2
1,1.3,R01,19,1486,5.7,111.9
1,1.3,R01,19,1486,5.8,113.6
1,1.3,R01,19,1486,5.9,116.3
1,1.3,R01,19,1486,6,117.9
1,1.3,R01,19,1486,6.1,120.6
1,1.3,R01,19,1486,6.2,122.2
1,1.3,R01,19,1486,6.3,124.7
1,1.3,R01,19,1486,6.4,126.4
1,1.3,R01,19,1486,6.5,128
1,1.3,R01,19,1486,6.6,130.4
1,1.3,R01,19,1486,6.7,132.1
1,1.3,R01,19,1486,6.8,133.8
1,1.3,R01,19,1486,6.9,136.2
1,1.3,R01,19,1486,7,137.8
1,1.3,R01,19,1486,7.1,140.3
1,1.3,R01,19,1486,7.2,141.9
1,1.3,R01,19,1486,7.3,144.3
1,1.3,R01,19,1486,7.4,145.9
1,1.3,R01,19,1486,7.5,147.4
1,1.3,R01,19,1486,7.6,149.8
1,1.3,R01,19,1486,7.7,151.4
1,1.3,R01,19,1486,7.8,152.9
1,1.3,R01,19,1486,7.9,155.2
1,1.3,R01,19,1486,8,156.7
1,1.3,R01,19,1486,8.1,158.9
1,1.3,R01,19,1486,8.2,160.4
1,1.3,R01,19,1486,8.3,162.6
1,1.3,R01,19,1486,8.4,164.1
1,1.3,R01,19,1486,8.5,165.5
1,1.3,R01,19,1486,8.6,167.7
1,1.3,R01,19,1486,8.7,169.1
1,1.3,R01,19,1486,8.8,170.4
1,1.3,R01,19,1486,8.9,172.5
1,1.3,R01,19,1486,9,173.9
1,1.3,R01,19,1486,9.1,176
1,1.3,R01,19,1486,9.2,177.3
1,1.3,R01,19,1486,9.3,179.2
1,1.3,R01,19,1486,9.4,180.5
1,1.3,R01,19,1486,9.5,181.8
1,1.3,R01,19,1486,9.6,183.7
1,1.3,R01,19,1486,9.7,184.9
1,1.3,R01,19,1486,9.8,186.2
1,1.3,R01,19,1486,9.9,188.2
1,1.3,R01,19,1486,10,189.4
1,1.3,R01,19,1486,10.1,191.2
1,1.3,R01,19,1486,10.2,192.4
1,1.3,R01,19,1486,10.3,194.1
1,1.3,R01,19,1486,10.4,195.4
1,1.3,R01,19,1486,10.5,196.5
1,1.3,R01,19,1486,10.6,198.2
1,1.3,R01,19,1486,10.7,199.4
1,1.3,R01,19,1486,10.8,200.5
1,1.3,R01,19,1486,10.9,202.2
1,1.3,R01,19,1486,11,203.3
1,1.3,R01,19,1486,11.1,205
1,1.3,R01,19,1486,11.2,206.1
1,1.3,R01,19,1486,11.3,207.6
1,1.3,R01,19,1486,11.4,208.7
1,1.3,R01,19,1486,11.5,209.7
1,1.3,R01,19,1486,11.6,211.2
1,1.3,R01,19,1486,11.7,212.2
1,1.3,R01,19,1486,11.8,213.2
1,1.3,R01,19,1486,11.9,214.7
1,1.3,R01,19,1486,12,215.8
1,1.3,R01,19,1486,12.1,217.2
1,1.3,R01,19,1486,12.2,218.2
1,1.3,R01,19,1486,12.3,219.6
1,1.3,R01,19,1486,12.4,220.5
1,1.3,R01,19,1486,12.5,221.4
1,1.3,R01,19,1486,12.6,222.8
1,1.3,R01,19,1486,12.7,223.6
1,1.3,R01,19,1486,12.8,224.4
1,1.3,R01,19,1486,12.9,225.8
1,1.3,R01,19,1486,13,226.7
1,1.3,R01,19,1486,13.1,228
1,1.3,R01,19,1486,13.2,228.8
1,1.3,R01,19,1486,13.3,230
1,1.3,R01,19,1486,13.4,230.8
1,1.3,R01,19,1486,13.5,231.5
1,1.3,R01,19,1486,13.6,232.7
1,1.3,R01,19,1486,13.7,233.4
1,1.3,R01,19,1486,13.8,234.2
1,1.3,R01,19,1486,13.9,235.3
1,1.3,R01,19,1486,14,236.2
1,1.3,R01,19,1486,14.1,237.4
1,1.3,R01,19,1486,14.2,238.1
1,1.3,R01,19,1486,14.3,239.2
1,1.3,R01,19,1486,14.4,240
1,1.3,R01,19,1486,14.5,240.7
1,1.3,R01,19,1486,14.6,241.7
1,1.3,R01,19,1486,14.7,242.4
1,1.3,R01,19,1486,14.8,243.1
1,1.3,R01,19,1486,14.9,244.2
1,1.3,R01,19,1486,15,245
1,1.3,R01,19,1486,15.1,246
1,1.3,R01,19,1486,15.2,246.7
1,1.3,R01,19,1486,15.3,247.7
1,1.3,R01,19,1486,15.4,248.4
1,1.3,R01,19,1486,15.5,249
1,1.3,R01,19,1486,15.6,250
1,1.3,R01,19,1486,15.7,250.6
1,1.3,R01,19,1486,15.8,251.3
1,1.3,R01,19,1486,15.9,252.2
1,1.3,R01,19,1486,16,252.8
1,1.3,R01,19,1486,16.1,253.7
1,1.3,R01,19,1486,16.2,254.3
1,1.3,R01,19,1486,16.3,255.2
1,1.3,R01,19,1486,16.4,255.8
1,1.3,R01,19,1486,16.5,256.4
1,1.3,R01,19,1486,16.6,257.2
1,1.3,R01,19,1486,16.7,257.7
1,1.3,R01,19,1486,16.8,258.3
1,1.3,R01,19,1486,16.9,259.2
1,1.3,R01,19,1486,17,259.8
1,1.3,R01,19,1486,17.1,260.6
1,1.3,R01,19,1486,17.2,261.2
1,1.3,R01,19,1486,17.3,261.9
1,1.3,R01,19,1486,17.4,262.4
1,1.3,R01,19,1486,17.5,262.9
1,1.3,R01,19,1486,17.6,263.7
1,1.3,R01,19,1486,17.7,264.2
1,1.3,R01,19,1486,17.8,264.8
1,1.3,R01,19,1486,17.9,265.6
1,1.3,R01,19,1486,18,266.1
1,1.3,R01,19,1486,18.1,266.9
1,1.3,R01,19,1486,18.2,267.4
1,1.3,R01,19,1486,18.3,268
1,1.3,R01,19,1486,18.4,268.5
1,1.3,R01,19,1486,18.5,268.9
1,1.3,R01,19,1486,18.6,269.6
1,1.3,R01,19,1486,18.7,270
1,1.3,R01,19,1486,18.8,270.5
1,1.3,R01,19,1486,18.9,271.2
1,1.3,R01,19,1486,19,271.6
1,1.3,R01,19,1486,19.1,272.3
1,1.3,R01,19,1486,19.2,272.8
1,1.3,R01,19,1486,19.3,273.4
1,1.3,R01,19,1486,19.4,273.8
1,1.3,R01,19,1486,19.5,274.2
1,1.3,R01,19,1486,19.6,274.8
1,1.3,R01,19,1486,19.7,275.2
1,1.3,R01,19,1486,19.8,275.7
1,1.3,R01,19,1486,19.9,276.3
1,1.3,R01,19,1486,20,276.8
1,1.3,R01,19,1486,20.1,277.3
1,1.3,R01,19,1486,20.2,277.7
1,1.3,R01,19,1486,20.3,278.3
1,1.3,R01,19,1486,20.4,278.7
1,1.3,R01,19,1486,20.5,279
1,1.3,R01,19,1486,20.6,279.6
1,1.3,R01,19,1486,20.7,280
1,1.3,R01,19,1486,20.8,280.5
1,1.3,R01,19,1486,20.9,281.2
1,1.3,R01,19,1486,21,281.6
1,1.3,R01,19,1486,21.1,282.2
1,1.3,R01,19,1486,21.2,282.6
1,1.3,R01,19,1486,21.3,283.1
1,1.3,R01,19,1486,21.4,283.4
1,1.3,R01,19,1486,21.5,283.8
1,1.3,R01,19,1486,21.6,284.3
1,1.3,R01,19,1486,21.7,284.6
1,1.3,R01,19,1486,21.8,285
1,1.3,R01,19,1486,21.9,285.6
1,1.3,R01,19,1486,22,286
1,1.3,R01,19,1486,22.1,286.5
1,1.3,R01,19,1486,22.2,286.8
1,1.3,R01,19,1486,22.3,287.3
1,1.3,R01,19,1486,22.4,287.6
1,1.3,R01,19,1486,22.5,287.9
1,1.3,R01,19,1486,22.6,288.4
1,1.3,R01,19,1486,22.7,288.7
1,1.3,R01,19,1486,22.8,289
1,1.3,R01,19,1486,22.9,289.4
1,1.3,R01,19,1486,23,289.7
1,1.3,R01,19,1486,23.1,290.2
1,1.3,R01,19,1486,23.2,290.5
1,1.3,R01,19,1486,23.3,290.9
1,1.3,R01,19,1486,23.4,291.2
1,1.3,R01,19,1486,23.5,291.5
1,1.3,R01,19,1486,23.6,291.9
1,1.3,R01,19,1486,23.7,292.2
1,1.3,R01,19,1486,23.8,292.4
1,1.3,R01,19,1486,23.9,292.9
1,1.3,R01,19,1486,24,293.2
1,1.3,R01,19,1486,24.1,293.7
1,1.3,R01,19,1486,24.2,294
1,1.3,R01,19,1486,24.3,294.4
1,1.3,R01,19,1486,24.4,294.6
1,1.3,R01,19,1486,24.5,294.9
1,1.3,R01,19,1486,24.6,295.3
1,1.3,R01,19,1486,24.7,295.5
1,1.3,R01,19,1486,24.8,295.8
1,1.3,R01,19,1486,24.9,296.3
1,1.3,R01,19,1486,25,296.6
1,1.3,R01,19,1486,25.1,297
1,1.3,R01,19,1486,25.2,297.3
1,1.3,R01,19,1486,25.3,297.7
1,1.3,R01,19,1486,25.4,298
1,1.3,R01,19,1486,25.5,298.2
1,1.3,R01,19,1486,25.6,298.6
1,1.3,R01,19,1486,25.7,298.9
1,1.3,R01,19,1486,25.8,299.1
1,1.3,R01,19,1486,25.9,299.5
1,1.3,R01,19,1486,26,299.8
1,1.3,R01,19,1486,26.1,300.2
1,1.3,R01,19,1486,26.2,300.4
1,1.3,R01,19,1486,26.3,300.8
1,1.3,R01,19,1486,26.4,301.1
1,1.3,R01,19,1486,26.5,301.3
1,1.3,R01,19,1486,26.6,301.7
1,1.3,R01,19,1486,26.7,301.9
1,1.3,R01,19,1486,26.8,302.2
1,1.3,R01,19,1486,26.9,302.5
1,1.3,R01,19,1486,27,302.7
1,1.3,R01,19,1486,27.1,303
1,1.3,R01,19,1486,27.2,303.2
1,1.3,R01,19,1486,27.3,303.5
1,1.3,R01,19,1486,27.4,303.7
1,1.3,R01,19,1486,27.5,303.9
1,1.3,R01,19,1486,27.6,304.2
1,1.3,R01,19,1486,27.7,304.4
1,1.3,R01,19,1486,27.8,304.6
1,1.3,R01,19,1486,27.9,304.9
1,1.3,R01,19,1486,28,305.1
1,1.3,R01,19,1486,28.1,305.4
1,1.3,R01,19,1486,28.2,305.6
1,1.3,R01,19,1486,28.3,305.9
1,1.3,R01,19,1486,28.4,306.1
1,1.3,R01,19,1486,28.5,306.4
1,1.3,R01,19,1486,28.6,306.7
1,1.3,R01,19,1486,28.7,306.9
1,1.3,R01,19,1486,28.8,307.2
1,1.3,R01,19,1486,28.9,307.5
1,1.3,R01,19,1486,29,307.7
1,1.3,R01,19,1486,29.1,308
1,1.3,R01,19,1486,29.2,308.2
1,1.3,R01,19,1486,29.3,308.6
1,1.3,R01,19,1486,29.4,308.8
1,1.3,R01,19,1486,29.5,309
1,1.3,R01,19,1486,29.6,309.3
1,1.3,R01,19,1486,29.7,309.5
1,1.3,R01,19,1486,29.8,309.7
1,1.3,R01,19,1486,29.9,310
1,1.3,R01,19,1486,30,310.2
1,1.3,R01,19,1486,30.1,310.5
1,1.3,R01,19,1486,30.2,310.6
1,1.3,R01,19,1486,30.3,310.9
1,1.3,R01,19,1486,30.4,311.1
1,1.3,R01,19,1486,30.5,311.3
1,1.3,R01,19,1486,30.6,311.6
1,1.3,R01,19,1486,30.7,311.8
1,1.3,R01,19,1486,30.8,311.9
1,1.3,R01,19,1486,30.9,312.2
1,1.3,R01,19,1486,31,312.4
1,1.3,R01,19,1486,31.1,312.7
1,1.3,R01,19,1486,31.2,312.9
1,1.3,R01,19,1486,31.3,313.1
1,1.3,R01,19,1486,31.4,313.3
1,1.3,R01,19,1486,31.5,313.5
1,1.3,R01,19,1486,31.6,313.8
1,1.3,R01,19,1486,31.7,314
1,1.3,R01,19,1486,31.8,314.2
1,1.3,R01,19,1486,31.9,314.6
1,1.3,R01,19,1486,32,314.8
1,1.3,R01,19,1486,32.1,315.1
1,1.3,R01,19,1486,32.2,315.2
1,1.3,R01,19,1486,32.3,315.5
1,1.3,R01,19,1486,32.4,315.6
1,1.3,R01,19,1486,32.5,315.8
1,1.3,R01,19,1486,32.6,316
1,1.3,R01,19,1486,32.7,316.2
1,1.3,R01,19,1486,32.8,316.3
1,1.3,R01,19,1486,32.9,316.5
1,1.3,R01,19,1486,33,316.7
1,1.3,R01,19,1486,33.1,316.8
1,1.3,R01,19,1486,33.2,317
1,1.3,R01,19,1486,33.3,317.2
1,1.3,R01,19,1486,33.4,317.3
1,1.3,R01,19,1486,33.5,317.4
1,1.3,R01,19,1486,33.6,317.6
1,1.3,R01,19,1486,33.7,317.8
1,1.3,R01,19,1486,33.8,317.9
1,1.3,R01,19,1486,33.9,318.1
1,1.3,R01,19,1486,34,318.2
1,1.3,R01,19,1486,34.1,318.5
1,1.3,R01,19,1486,34.2,318.6
1,1.3,R01,19,1486,34.3,318.9
1,1.3,R01,19,1486,34.4,319
1,1.3,R01,19,1486,34.5,319.2
1,1.3,R01,19,1486,34.6,319.4
1,1.3,R01,19,1486,34.7,319.6
1,1.3,R01,19,1486,34.8,319.7
1,1.3,R01,19,1486,34.9,320
1,1.3,R01,19,1486,35,320.2
1,1.3,R01,19,1486,35.1,320.4
1,1.3,R01,19,1486,35.2,320.6
1,1.3,R01,19,1486,35.3,320.8
1,1.3,R01,19,1486,35.4,321
1,1.3,R01,19,1486,35.5,321.2
1,1.3,R01,19,1486,35.6,321.4
1,1.3,R01,19,1486,35.7,321.6
1,1.3,R01,19,1486,35.8,321.8
1,1.3,R01,19,1486,35.9,322.1
1,1.3,R01,19,1486,36,322.4
1,1.3,R01,19,1486,36.1,322.7
1,1.3,R01,19,1486,36.2,323
1,1.3,R01,19,1486,36.3,323.3
1,1.3,R01,19,1486,36.4,323.4
1,1.3,R01,19,1486,36.5,323.6
1,1.3,R01,19,1486,36.6,323.8
1,1.3,R01,19,1486,36.7,323.9
1,1.3,R01,19,1486,36.8,324
1,1.3,R01,19,1486,36.9,324.2
1,1.3,R01,19,1486,37,324.4
1,1.3,R01,19,1486,37.1,324.6
1,1.3,R01,19,1486,37.2,324.7
1,1.3,R01,19,1486,37.3,324.9
1,1.3,R01,19,1486,37.4,325.1
1,1.3,R01,19,1486,37.5,325.1
1,1.3,R01,19,1486,37.6,325.1
1,1.3,R01,19,1486,37.7,325.1
1,1.3,R01,19,1486,37.8,325.1
1,1.3,R01,19,1488,0,0
1,1.3,R01,19,1488,0.1,3.252
1,1.3,R01,19,1488,0.2,7.253
1,1.3,R01,19,1488,0.3,13.63
1,1.3,R01,19,1488,0.4,16.15
1,1.3,R01,19,1488,0.5,17.92
1,1.3,R01,19,1488,0.6,19.96
1,1.3,R01,19,1488,0.7,20.96
1,1.3,R01,19,1488,0.8,21.73
1,1.3,R01,19,1488,0.9,22.9
1,1.3,R01,19,1488,1,23.82
1,1.3,R01,19,1488,1.1,25.44
1,1.3,R01,19,1488,1.2,26.51
1,1.3,R01,19,1488,1.3,28.25
1,1.3,R01,19,1488,1.4,29.58
1,1.3,R01,19,1488,1.5,30.93
1,1.3,R01,19,1488,1.6,33.09
1,1.3,R01,19,1488,1.7,34.64
1,1.3,R01,19,1488,1.8,36.11
1,1.3,R01,19,1488,1.9,38.44
1,1.3,R01,19,1488,2,40.05
1,1.3,R01,19,1488,2.1,42.33
1,1.3,R01,19,1488,2.2,43.84
1,1.3,R01,19,1488,2.3,46.17
1,1.3,R01,19,1488,2.4,47.68
1,1.3,R01,19,1488,2.5,49.21
1,1.3,R01,19,1488,2.6,51.46
1,1.3,R01,19,1488,2.7,53.03
1,1.3,R01,19,1488,2.8,54.64
1,1.3,R01,19,1488,2.9,56.85
1,1.3,R01,19,1488,3,58.36
1,1.3,R01,19,1488,3.1,60.74
1,1.3,R01,19,1488,3.2,62.29
1,1.3,R01,19,1488,3.3,64.78
1,1.3,R01,19,1488,3.4,66.42
1,1.3,R01,19,1488,3.5,68.09
1,1.3,R01,19,1488,3.6,70.78
1,1.3,R01,19,1488,3.7,72.46
1,1.3,R01,19,1488,3.8,74.25
1,1.3,R01,19,1488,3.9,77.06
1,1.3,R01,19,1488,4,78.89
1,1.3,R01,19,1488,4.1,81.59
1,1.3,R01,19,1488,4.2,83.48
1,1.3,R01,19,1488,4.3,86.43
1,1.3,R01,19,1488,4.4,88.44
1,1.3,R01,19,1488,4.5,90.4
1,1.3,R01,19,1488,4.6,93.26
1,1.3,R01,19,1488,4.7,95.21
1,1.3,R01,19,1488,4.8,97.19
1,1.3,R01,19,1488,4.9,100.2
1,1.3,R01,19,1488,5,102.2
1,1.3,R01,19,1488,5.1,105.2
1,1.3,R01,19,1488,5.2,107.1
1,1.3,R01,19,1488,5.3,110
1,1.3,R01,19,1488,5.4,111.9
1,1.3,R01,19,1488,5.5,113.9
1,1.3,R01,19,1488,5.6,116.7
1,1.3,R01,19,1488,5.7,118.6
1,1.3,R01,19,1488,5.8,120.5
1,1.3,R01,19,1488,5.9,123.3
1,1.3,R01,19,1488,6,125.2
1,1.3,R01,19,1488,6.1,128
1,1.3,R01,19,1488,6.2,129.8
1,1.3,R01,19,1488,6.3,132.4
1,1.3,R01,19,1488,6.4,134.2
1,1.3,R01,19,1488,6.5,135.9
1,1.3,R01,19,1488,6.6,138.5
1,1.3,R01,19,1488,6.7,140.2
1,1.3,R01,19,1488,6.8,141.9
1,1.3,R01,19,1488,6.9,144.5
1,1.3,R01,19,1488,7,146.1
1,1.3,R01,19,1488,7.1,148.7
1,1.3,R01,19,1488,7.2,150.4
1,1.3,R01,19,1488,7.3,152.8
1,1.3,R01,19,1488,7.4,154.4
1,1.3,R01,19,1488,7.5,156
1,1.3,R01,19,1488,7.6,158.4
1,1.3,R01,19,1488,7.7,159.9
1,1.3,R01,19,1488,7.8,161.5
1,1.3,R01,19,1488,7.9,163.9
1,1.3,R01,19,1488,8,165.5
1,1.3,R01,19,1488,8.1,167.8
1,1.3,R01,19,1488,8.2,169.2
1,1.3,R01,19,1488,8.3,171.5
1,1.3,R01,19,1488,8.4,172.9
1,1.3,R01,19,1488,8.5,174.4
1,1.3,R01,19,1488,8.6,176.4
1,1.3,R01,19,1488,8.7,177.8
1,1.3,R01,19,1488,8.8,179.3
1,1.3,R01,19,1488,8.9,181.4
1,1.3,R01,19,1488,9,182.8
1,1.3,R01,19,1488,9.1,184.9
1,1.3,R01,19,1488,9.2,186.2
1,1.3,R01,19,1488,9.3,188.1
1,1.3,R01,19,1488,9.4,189.4
1,1.3,R01,19,1488,9.5,190.6
1,1.3,R01,19,1488,9.6,192.4
1,1.3,R01,19,1488,9.7,193.7
1,1.3,R01,19,1488,9.8,195
1,1.3,R01,19,1488,9.9,196.8
1,1.3,R01,19,1488,10,198
1,1.3,R01,19,1488,10.1,199.7
1,1.3,R01,19,1488,10.2,200.8
1,1.3,R01,19,1488,10.3,202.5
1,1.3,R01,19,1488,10.4,203.7
1,1.3,R01,19,1488,10.5,204.8
1,1.3,R01,19,1488,10.6,206.5
1,1.3,R01,19,1488,10.7,207.6
1,1.3,R01,19,1488,10.8,208.7
1,1.3,R01,19,1488,10.9,210.4
1,1.3,R01,19,1488,11,211.5
1,1.3,R01,19,1488,11.1,213.1
1,1.3,R01,19,1488,11.2,214.1
1,1.3,R01,19,1488,11.3,215.6
1,1.3,R01,19,1488,11.4,216.7
1,1.3,R01,19,1488,11.5,217.7
1,1.3,R01,19,1488,11.6,219.2
1,1.3,R01,19,1488,11.7,220.1
1,1.3,R01,19,1488,11.8,221.1
1,1.3,R01,19,1488,11.9,222.6
1,1.3,R01,19,1488,12,223.6
1,1.3,R01,19,1488,12.1,225.1
1,1.3,R01,19,1488,12.2,226
1,1.3,R01,19,1488,12.3,227.3
1,1.3,R01,19,1488,12.4,228.2
1,1.3,R01,19,1488,12.5,229.1
1,1.3,R01,19,1488,12.6,230.4
1,1.3,R01,19,1488,12.7,231.2
1,1.3,R01,19,1488,12.8,232.1
1,1.3,R01,19,1488,12.9,233.4
1,1.3,R01,19,1488,13,234.3
1,1.3,R01,19,1488,13.1,235.5
1,1.3,R01,19,1488,13.2,236.4
1,1.3,R01,19,1488,13.3,237.6
1,1.3,R01,19,1488,13.4,238.4
1,1.3,R01,19,1488,13.5,239.2
1,1.3,R01,19,1488,13.6,240.3
1,1.3,R01,19,1488,13.7,241
1,1.3,R01,19,1488,13.8,241.8
1,1.3,R01,19,1488,13.9,243
1,1.3,R01,19,1488,14,243.8
1,1.3,R01,19,1488,14.1,244.9
1,1.3,R01,19,1488,14.2,245.5
1,1.3,R01,19,1488,14.3,246.6
1,1.3,R01,19,1488,14.4,247.2
1,1.3,R01,19,1488,14.5,247.9
1,1.3,R01,19,1488,14.6,248.9
1,1.3,R01,19,1488,14.7,249.6
1,1.3,R01,19,1488,14.8,250.3
1,1.3,R01,19,1488,14.9,251.4
1,1.3,R01,19,1488,15,252.1
1,1.3,R01,19,1488,15.1,253.2
1,1.3,R01,19,1488,15.2,253.9
1,1.3,R01,19,1488,15.3,254.8
1,1.3,R01,19,1488,15.4,255.4
1,1.3,R01,19,1488,15.5,256
1,1.3,R01,19,1488,15.6,257
1,1.3,R01,19,1488,15.7,257.6
1,1.3,R01,19,1488,15.8,258.3
1,1.3,R01,19,1488,15.9,259.2
1,1.3,R01,19,1488,16,259.9
1,1.3,R01,19,1488,16.1,260.7
1,1.3,R01,19,1488,16.2,261.3
1,1.3,R01,19,1488,16.3,262.2
1,1.3,R01,19,1488,16.4,262.7
1,1.3,R01,19,1488,16.5,263.3
1,1.3,R01,19,1488,16.6,264.1
1,1.3,R01,19,1488,16.7,264.6
1,1.3,R01,19,1488,16.8,265.1
1,1.3,R01,19,1488,16.9,265.9
1,1.3,R01,19,1488,17,266.4
1,1.3,R01,19,1488,17.1,267.2
1,1.3,R01,19,1488,17.2,267.7
1,1.3,R01,19,1488,17.3,268.5
1,1.3,R01,19,1488,17.4,269
1,1.3,R01,19,1488,17.5,269.5
1,1.3,R01,19,1488,17.6,270.2
1,1.3,R01,19,1488,17.7,270.8
1,1.3,R01,19,1488,17.8,271.3
1,1.3,R01,19,1488,17.9,272.1
1,1.3,R01,19,1488,18,272.6
1,1.3,R01,19,1488,18.1,273.3
1,1.3,R01,19,1488,18.2,273.8
1,1.3,R01,19,1488,18.3,274.4
1,1.3,R01,19,1488,18.4,274.9
1,1.3,R01,19,1488,18.5,275.3
1,1.3,R01,19,1488,18.6,275.9
1,1.3,R01,19,1488,18.7,276.4
1,1.3,R01,19,1488,18.8,276.8
1,1.3,R01,19,1488,18.9,277.5
1,1.3,R01,19,1488,19,278
1,1.3,R01,19,1488,19.1,278.7
1,1.3,R01,19,1488,19.2,279.1
1,1.3,R01,19,1488,19.3,279.7
1,1.3,R01,19,1488,19.4,280.1
1,1.3,R01,19,1488,19.5,280.5
1,1.3,R01,19,1488,19.6,281.1
1,1.3,R01,19,1488,19.7,281.5
1,1.3,R01,19,1488,19.8,282
1,1.3,R01,19,1488,19.9,282.7
1,1.3,R01,19,1488,20,283.1
1,1.3,R01,19,1488,20.1,283.7
1,1.3,R01,19,1488,20.2,284.1
1,1.3,R01,19,1488,20.3,284.6
1,1.3,R01,19,1488,20.4,285
1,1.3,R01,19,1488,20.5,285.4
1,1.3,R01,19,1488,20.6,285.9
1,1.3,R01,19,1488,20.7,286.3
1,1.3,R01,19,1488,20.8,286.6
1,1.3,R01,19,1488,20.9,287.3
1,1.3,R01,19,1488,21,287.7
1,1.3,R01,19,1488,21.1,288.2
1,1.3,R01,19,1488,21.2,288.6
1,1.3,R01,19,1488,21.3,289.1
1,1.3,R01,19,1488,21.4,289.5
1,1.3,R01,19,1488,21.5,289.8
1,1.3,R01,19,1488,21.6,290.3
1,1.3,R01,19,1488,21.7,290.6
1,1.3,R01,19,1488,21.8,291
1,1.3,R01,19,1488,21.9,291.5
1,1.3,R01,19,1488,22,291.9
1,1.3,R01,19,1488,22.1,292.5
1,1.3,R01,19,1488,22.2,292.8
1,1.3,R01,19,1488,22.3,293.2
1,1.3,R01,19,1488,22.4,293.5
1,1.3,R01,19,1488,22.5,293.8
1,1.3,R01,19,1488,22.6,294.2
1,1.3,R01,19,1488,22.7,294.5
1,1.3,R01,19,1488,22.8,294.8
1,1.3,R01,19,1488,22.9,295.3
1,1.3,R01,19,1488,23,295.7
1,1.3,R01,19,1488,23.1,296.1
1,1.3,R01,19,1488,23.2,296.3
1,1.3,R01,19,1488,23.3,296.7
1,1.3,R01,19,1488,23.4,297
1,1.3,R01,19,1488,23.5,297.2
1,1.3,R01,19,1488,23.6,297.6
1,1.3,R01,19,1488,23.7,297.9
1,1.3,R01,19,1488,23.8,298.2
1,1.3,R01,19,1488,23.9,298.7
1,1.3,R01,19,1488,24,299
1,1.3,R01,19,1488,24.1,299.4
1,1.3,R01,19,1488,24.2,299.6
1,1.3,R01,19,1488,24.3,300
1,1.3,R01,19,1488,24.4,300.2
1,1.3,R01,19,1488,24.5,300.4
1,1.3,R01,19,1488,24.6,300.8
1,1.3,R01,19,1488,24.7,301.1
1,1.3,R01,19,1488,24.8,301.4
1,1.3,R01,19,1488,24.9,301.9
1,1.3,R01,19,1488,25,302.1
1,1.3,R01,19,1488,25.1,302.5
1,1.3,R01,19,1488,25.2,302.8
1,1.3,R01,19,1488,25.3,303.1
1,1.3,R01,19,1488,25.4,303.3
1,1.3,R01,19,1488,25.5,303.6
1,1.3,R01,19,1488,25.6,303.9
1,1.3,R01,19,1488,25.7,304.2
1,1.3,R01,19,1488,25.8,304.4
1,1.3,R01,19,1488,25.9,304.8
1,1.3,R01,19,1488,26,305.1
1,1.3,R01,19,1488,26.1,305.5
1,1.3,R01,19,1488,26.2,305.8
1,1.3,R01,19,1488,26.3,306.1
1,1.3,R01,19,1488,26.4,306.4
1,1.3,R01,19,1488,26.5,306.6
1,1.3,R01,19,1488,26.6,306.9
1,1.3,R01,19,1488,26.7,307.2
1,1.3,R01,19,1488,26.8,307.4
1,1.3,R01,19,1488,26.9,307.7
1,1.3,R01,19,1488,27,307.9
1,1.3,R01,19,1488,27.1,308.2
1,1.3,R01,19,1488,27.2,308.3
1,1.3,R01,19,1488,27.3,308.6
1,1.3,R01,19,1488,27.4,308.8
1,1.3,R01,19,1488,27.5,309
1,1.3,R01,19,1488,27.6,309.3
1,1.3,R01,19,1488,27.7,309.4
1,1.3,R01,19,1488,27.8,309.6
1,1.3,R01,19,1488,27.9,309.9
1,1.3,R01,19,1488,28,310.1
1,1.3,R01,19,1488,28.1,310.3
1,1.3,R01,19,1488,28.2,310.5
1,1.3,R01,19,1488,28.3,310.8
1,1.3,R01,19,1488,28.4,311
1,1.3,R01,19,1488,28.5,311.2
1,1.3,R01,19,1488,28.6,311.6
1,1.3,R01,19,1488,28.7,311.8
1,1.3,R01,19,1488,28.8,312
1,1.3,R01,19,1488,28.9,312.3
1,1.3,R01,19,1488,29,312.5
1,1.3,R01,19,1488,29.1,312.8
1,1.3,R01,19,1488,29.2,313
1,1.3,R01,19,1488,29.3,313.3
1,1.3,R01,19,1488,29.4,313.4
1,1.3,R01,19,1488,29.5,313.6
1,1.3,R01,19,1488,29.6,313.9
1,1.3,R01,19,1488,29.7,314.1
1,1.3,R01,19,1488,29.8,314.2
1,1.3,R01,19,1488,29.9,314.4
1,1.3,R01,19,1488,30,314.6
1,1.3,R01,19,1488,30.1,314.8
1,1.3,R01,19,1488,30.2,315
1,1.3,R01,19,1488,30.3,315.2
1,1.3,R01,19,1488,30.4,315.4
1,1.3,R01,19,1488,30.5,315.5
1,1.3,R01,19,1488,30.6,315.9
1,1.3,R01,19,1488,30.7,316.2
1,1.3,R01,19,1488,30.8,316.4
1,1.3,R01,19,1488,30.9,316.8
1,1.3,R01,19,1488,31,317
1,1.3,R01,19,1488,31.1,317.3
1,1.3,R01,19,1488,31.2,317.4
1,1.3,R01,19,1488,31.3,317.7
1,1.3,R01,19,1488,31.4,317.8
1,1.3,R01,19,1488,31.5,318
1,1.3,R01,19,1488,31.6,318.2
1,1.3,R01,19,1488,31.7,318.4
1,1.3,R01,19,1488,31.8,318.5
1,1.3,R01,19,1488,31.9,318.7
1,1.3,R01,19,1488,32,318.9
1,1.3,R01,19,1488,32.1,319.1
1,1.3,R01,19,1488,32.2,319.2
1,1.3,R01,19,1488,32.3,319.4
1,1.3,R01,19,1488,32.4,319.6
1,1.3,R01,19,1488,32.5,319.7
1,1.3,R01,19,1488,32.6,319.9
1,1.3,R01,19,1488,32.7,320.1
1,1.3,R01,19,1488,32.8,320.2
1,1.3,R01,19,1488,32.9,320.5
1,1.3,R01,19,1488,33,320.6
1,1.3,R01,19,1488,33.1,320.9
1,1.3,R01,19,1488,33.2,321.1
1,1.3,R01,19,1488,33.3,321.3
1,1.3,R01,19,1488,33.4,321.5
1,1.3,R01,19,1488,33.5,321.7
1,1.3,R01,19,1488,33.6,321.9
1,1.3,R01,19,1488,33.7,322
1,1.3,R01,19,1488,33.8,322.1
1,1.3,R01,19,1488,33.9,322.3
1,1.3,R01,19,1488,34,322.4
1,1.3,R01,19,1488,34.1,322.6
1,1.3,R01,19,1488,34.2,322.7
1,1.3,R01,19,1488,34.3,322.9
1,1.3,R01,19,1488,34.4,323
1,1.3,R01,19,1488,34.5,323.1
1,1.3,R01,19,1488,34.6,323.3
1,1.3,R01,19,1488,34.7,323.5
1,1.3,R01,19,1488,34.8,323.6
1,1.3,R01,19,1488,34.9,323.9
1,1.3,R01,19,1488,35,324.1
1,1.3,R01,19,1488,35.1,324.3
1,1.3,R01,19,1488,35.2,324.5
1,1.3,R01,19,1488,35.3,324.8
1,1.3,R01,19,1488,35.4,325
1,1.3,R01,19,1488,35.5,325.1
1,1.3,R01,19,1488,35.6,325.5
1,1.3,R01,19,1488,35.7,325.7
1,1.3,R01,19,1488,35.8,325.9
1,1.3,R01,19,1488,35.9,326.2
1,1.3,R01,19,1488,36,326.4
1,1.3,R01,19,1488,36.1,326.7
1,1.3,R01,19,1488,36.2,326.9
1,1.3,R01,19,1488,36.3,327.2
1,1.3,R01,19,1488,36.4,327.4
1,1.3,R01,19,1488,36.5,327.6
1,1.3,R01,19,1488,36.6,327.9
1,1.3,R01,19,1488,36.7,328
1,1.3,R01,19,1488,36.8,328.2
1,1.3,R01,19,1488,36.9,328.5
1,1.3,R01,19,1488,37,328.7
1,1.3,R01,19,1488,37.1,328.8
1,1.3,R01,19,1488,37.2,328.8
1,1.3,R01,19,1488,37.3,328.8
1,1.3,R01,19,1488,37.4,328.8
1,1.3,R01,19,1488,37.5,328.8
1,1.3,R01,19,1488,37.6,328.8
1,1.3,R01,19,1488,37.7,328.8
1,1.3,R01,19,1488,37.8,328.8
1,1.3,R01,19,1490,0,0
1,1.3,R01,19,1490,0.1,-0.4191
1,1.3,R01,19,1490,0.2,-0.1655
1,1.3,R01,19,1490,0.3,0.3277
1,1.3,R01,19,1490,0.4,1.118
1,1.3,R01,19,1490,0.5,2.006
1,1.3,R01,19,1490,0.6,4.164
1,1.3,R01,19,1490,0.7,6.64
1,1.3,R01,19,1490,0.8,9.896
1,1.3,R01,19,1490,0.9,18
1,1.3,R01,19,1490,1,24.87
1,1.3,R01,19,1490,1.1,38.35
1,1.3,R01,19,1490,1.2,47.77
1,1.3,R01,19,1490,1.3,62.81
1,1.3,R01,19,1490,1.4,72.91
1,1.3,R01,19,1490,1.5,82.97
1,1.3,R01,19,1490,1.6,98.03
1,1.3,R01,19,1490,1.7,107.4
1,1.3,R01,19,1490,1.8,117.2
1,1.3,R01,19,1490,1.9,131.4
1,1.3,R01,19,1490,2,141
1,1.3,R01,19,1490,2.1,155.1
1,1.3,R01,19,1490,2.2,164.8
1,1.3,R01,19,1490,2.3,179.2
1,1.3,R01,19,1490,2.4,189.4
1,1.3,R01,19,1490,2.5,199.8
1,1.3,R01,19,1490,2.6,215.7
1,1.3,R01,19,1490,2.7,226.6
1,1.3,R01,19,1490,2.8,237.7
1,1.3,R01,19,1490,2.9,254
1,1.3,R01,19,1490,3,263.7
1,1.3,R01,19,1490,3.1,275.5
1,1.3,R01,19,1490,3.2,282.5
1,1.3,R01,19,1490,3.3,291.5
1,1.3,R01,19,1490,3.4,296.4
1,1.3,R01,19,1490,3.5,300.7
1,1.3,R01,19,1490,3.6,306.4
1,1.3,R01,19,1490,3.7,309.7
1,1.3,R01,19,1490,3.8,312.7
1,1.3,R01,19,1490,3.9,316.5
1,1.3,R01,19,1490,4,318.8
1,1.3,R01,19,1490,4.1,321.7
1,1.3,R01,19,1490,4.2,323.5
1,1.3,R01,19,1490,4.3,326
1,1.3,R01,19,1490,4.4,327.5
1,1.3,R01,19,1490,4.5,328.9
1,1.3,R01,19,1490,4.6,330.7
1,1.3,R01,19,1490,4.7,331.9
1,1.3,R01,19,1490,4.8,333
1,1.3,R01,19,1490,4.9,334.6
1,1.3,R01,19,1490,5,335.4
1,1.3,R01,19,1490,5.1,336.8
1,1.3,R01,19,1490,5.2,337.5
1,1.3,R01,19,1490,5.3,338.5
1,1.3,R01,19,1490,5.4,339.1
1,1.3,R01,19,1490,5.5,339.8
1,1.3,R01,19,1490,5.6,340.6
1,1.3,R01,19,1490,5.7,341.2
1,1.3,R01,19,1490,5.8,341.7
1,1.3,R01,19,1490,5.9,342.5
1,1.3,R01,19,1490,6,343
1,1.3,R01,19,1490,6.1,343.7
1,1.3,R01,19,1490,6.2,344.2
1,1.3,R01,19,1490,6.3,344.8
1,1.3,R01,19,1490,6.4,345.2
1,1.3,R01,19,1490,6.5,345.5
1,1.3,R01,19,1490,6.6,346
1,1.3,R01,19,1490,6.7,346.4
1,1.3,R01,19,1490,6.8,346.7
1,1.3,R01,19,1490,6.9,347.2
1,1.3,R01,19,1490,7,347.6
1,1.3,R01,19,1490,7.1,348.1
1,1.3,R01,19,1490,7.2,348.5
1,1.3,R01,19,1490,7.3,349
1,1.3,R01,19,1490,7.4,349.3
1,1.3,R01,19,1490,7.5,349.6
1,1.3,R01,19,1490,7.6,350.1
1,1.3,R01,19,1490,7.7,350.4
1,1.3,R01,19,1490,7.8,350.7
1,1.3,R01,19,1490,7.9,351.2
1,1.3,R01,19,1490,8,351.5
1,1.3,R01,19,1490,8.1,351.9
1,1.3,R01,19,1490,8.2,352.2
1,1.3,R01,19,1490,8.3,352.6
1,1.3,R01,19,1490,8.4,352.9
1,1.3,R01,19,1490,8.5,353.2
1,1.3,R01,19,1490,8.6,353.6
1,1.3,R01,19,1490,8.7,353.9
1,1.3,R01,19,1490,8.8,354.2
1,1.3,R01,19,1490,8.9,354.7
1,1.3,R01,19,1490,9,354.9
1,1.3,R01,19,1490,9.1,355.3
1,1.3,R01,19,1490,9.2,355.6
1,1.3,R01,19,1490,9.3,355.9
1,1.3,R01,19,1490,9.4,356.1
1,1.3,R01,19,1490,9.5,356.3
1,1.3,R01,19,1490,9.6,356.6
1,1.3,R01,19,1490,9.7,356.9
1,1.3,R01,19,1490,9.8,357.1
1,1.3,R01,19,1490,9.9,357.5
1,1.3,R01,19,1490,10,357.7
1,1.3,R01,19,1490,10.1,358
1,1.3,R01,19,1490,10.2,358.2
1,1.3,R01,19,1490,10.3,358.5
1,1.3,R01,19,1490,10.4,358.7
1,1.3,R01,19,1490,10.5,358.8
1,1.3,R01,19,1490,10.6,359.1
1,1.3,R01,19,1490,10.7,359.3
1,1.3,R01,19,1490,10.8,359.5
1,1.3,R01,19,1490,10.9,359.9
1,1.3,R01,19,1490,11,360.1
1,1.3,R01,19,1490,11.1,360.4
1,1.3,R01,19,1490,11.2,360.6
1,1.3,R01,19,1490,11.3,360.8
1,1.3,R01,19,1490,11.4,361
1,1.3,R01,19,1490,11.5,361.2
1,1.3,R01,19,1490,11.6,361.4
1,1.3,R01,19,1490,11.7,361.6
1,1.3,R01,19,1490,11.8,361.8
1,1.3,R01,19,1490,11.9,362.1
1,1.3,R01,19,1490,12,362.3
1,1.3,R01,19,1490,12.1,362.6
1,1.3,R01,19,1490,12.2,362.7
1,1.3,R01,19,1490,12.3,362.9
1,1.3,R01,19,1490,12.4,363.1
1,1.3,R01,19,1490,12.5,363.2
1,1.3,R01,19,1490,12.6,363.4
1,1.3,R01,19,1490,12.7,363.6
1,1.3,R01,19,1490,12.8,363.8
1,1.3,R01,19,1490,12.9,364
1,1.3,R01,19,1490,13,364.2
1,1.3,R01,19,1490,13.1,364.4
1,1.3,R01,19,1490,13.2,364.6
1,1.3,R01,19,1490,13.3,364.7
1,1.3,R01,19,1490,13.4,364.9
1,1.3,R01,19,1490,13.5,365
1,1.3,R01,19,1490,13.6,365.2
1,1.3,R01,19,1490,13.7,365.3
1,1.3,R01,19,1490,13.8,365.5
1,1.3,R01,19,1490,13.9,365.7
1,1.3,R01,19,1490,14,365.8
1,1.3,R01,19,1490,14.1,366
1,1.3,R01,19,1490,14.2,366.2
1,1.3,R01,19,1490,14.3,366.4
1,1.3,R01,19,1490,14.4,366.5
1,1.3,R01,19,1490,14.5,366.6
1,1.3,R01,19,1490,14.6,366.8
1,1.3,R01,19,1490,14.7,367
1,1.3,R01,19,1490,14.8,367.1
1,1.3,R01,19,1490,14.9,367.4
1,1.3,R01,19,1490,15,367.5
1,1.3,R01,19,1490,15.1,367.8
1,1.3,R01,19,1490,15.2,367.9
1,1.3,R01,19,1490,15.3,368.2
1,1.3,R01,19,1490,15.4,368.3
1,1.3,R01,19,1490,15.5,368.4
1,1.3,R01,19,1490,15.6,368.6
1,1.3,R01,19,1490,15.7,368.8
1,1.3,R01,19,1490,15.8,368.9
1,1.3,R01,19,1490,15.9,369.1
1,1.3,R01,19,1490,16,369.3
1,1.3,R01,19,1490,16.1,369.4
1,1.3,R01,19,1490,16.2,369.6
1,1.3,R01,19,1490,16.3,369.8
1,1.3,R01,19,1490,16.4,369.9
1,1.3,R01,19,1490,16.5,370.1
1,1.3,R01,19,1490,16.6,370.3
1,1.3,R01,19,1490,16.7,370.4
1,1.3,R01,19,1490,16.8,370.5
1,1.3,R01,19,1490,16.9,370.7
1,1.3,R01,19,1490,17,370.8
1,1.3,R01,19,1490,17.1,371
1,1.3,R01,19,1490,17.2,371.1
1,1.3,R01,19,1490,17.3,371.3
1,1.3,R01,19,1490,17.4,371.5
1,1.3,R01,19,1490,17.5,371.6
1,1.3,R01,19,1490,17.6,371.8
1,1.3,R01,19,1490,17.7,372
1,1.3,R01,19,1490,17.8,372.1
1,1.3,R01,19,1490,17.9,372.3
1,1.3,R01,19,1490,18,372.5
1,1.3,R01,19,1490,18.1,372.7
1,1.3,R01,19,1490,18.2,372.8
1,1.3,R01,19,1490,18.3,372.9
1,1.3,R01,19,1490,18.4,373
1,1.3,R01,19,1490,18.5,373.2
1,1.3,R01,19,1490,18.6,373.3
1,1.3,R01,19,1490,18.7,373.4
1,1.3,R01,19,1490,18.8,373.5
1,1.3,R01,19,1490,18.9,373.7
1,1.3,R01,19,1490,19,373.8
1,1.3,R01,19,1490,19.1,374
1,1.3,R01,19,1490,19.2,374.1
1,1.3,R01,19,1490,19.3,374.3
1,1.3,R01,19,1490,19.4,374.4
1,1.3,R01,19,1490,19.5,374.6
1,1.3,R01,19,1490,19.6,374.7
1,1.3,R01,19,1490,19.7,374.9
1,1.3,R01,19,1490,19.8,375
1,1.3,R01,19,1490,19.9,375.2
1,1.3,R01,19,1490,20,375.4
1,1.3,R01,19,1490,20.1,375.6
1,1.3,R01,19,1490,20.2,375.7
1,1.3,R01,19,1490,20.3,376
1,1.3,R01,19,1490,20.4,376.1
1,1.3,R01,19,1490,20.5,376.2
1,1.3,R01,19,1490,20.6,376.4
1,1.3,R01,19,1490,20.7,376.5
1,1.3,R01,19,1490,20.8,376.7
1,1.3,R01,19,1490,20.9,376.9
1,1.3,R01,19,1490,21,377.1
1,1.3,R01,19,1490,21.1,377.3
1,1.3,R01,19,1490,21.2,377.4
1,1.3,R01,19,1490,21.3,377.6
1,1.3,R01,19,1490,21.4,377.7
1,1.3,R01,19,1490,21.5,377.9
1,1.3,R01,19,1490,21.6,378.1
1,1.3,R01,19,1490,21.7,378.2
1,1.3,R01,19,1490,21.8,378.4
1,1.3,R01,19,1490,21.9,378.5
1,1.3,R01,19,1490,22,378.6
1,1.3,R01,19,1490,22.1,378.8
1,1.3,R01,19,1490,22.2,378.9
1,1.3,R01,19,1490,22.3,379.1
1,1.3,R01,19,1490,22.4,379.2
1,1.3,R01,19,1490,22.5,379.3
1,1.3,R01,19,1490,22.6,379.5
1,1.3,R01,19,1490,22.7,379.6
1,1.3,R01,19,1490,22.8,379.7
1,1.3,R01,19,1490,22.9,379.8
1,1.3,R01,19,1490,23,380
1,1.3,R01,19,1490,23.1,380.1
1,1.3,R01,19,1490,23.2,380.2
1,1.3,R01,19,1490,23.3,380.4
1,1.3,R01,19,1490,23.4,380.5
1,1.3,R01,19,1490,23.5,380.6
1,1.3,R01,19,1490,23.6,380.8
1,1.3,R01,19,1490,23.7,380.9
1,1.3,R01,19,1490,23.8,381
1,1.3,R01,19,1490,23.9,381.2
1,1.3,R01,19,1490,24,381.3
1,1.3,R01,19,1490,24.1,381.5
1,1.3,R01,19,1490,24.2,381.7
1,1.3,R01,19,1490,24.3,381.8
1,1.3,R01,19,1490,24.4,382
1,1.3,R01,19,1490,24.5,382.1
1,1.3,R01,19,1490,24.6,382.3
1,1.3,R01,19,1490,24.7,382.4
1,1.3,R01,19,1490,24.8,382.5
1,1.3,R01,19,1490,24.9,382.8
1,1.3,R01,19,1490,25,382.9
1,1.3,R01,19,1490,25.1,383.1
1,1.3,R01,19,1490,25.2,383.3
1,1.3,R01,19,1490,25.3,383.5
1,1.3,R01,19,1490,25.4,383.6
1,1.3,R01,19,1490,25.5,383.8
1,1.3,R01,19,1490,25.6,384
1,1.3,R01,19,1490,25.7,384.1
1,1.3,R01,19,1490,25.8,384.2
1,1.3,R01,19,1490,25.9,384.4
1,1.3,R01,19,1490,26,384.6
1,1.3,R01,19,1490,26.1,384.8
1,1.3,R01,19,1490,26.2,384.9
1,1.3,R01,19,1490,26.3,385.1
1,1.3,R01,19,1490,26.4,385.3
1,1.3,R01,19,1490,26.5,385.4
1,1.3,R01,19,1490,26.6,385.5
1,1.3,R01,19,1490,26.7,385.6
1,1.3,R01,19,1490,26.8,385.7
1,1.3,R01,19,1490,26.9,385.8
1,1.3,R01,19,1490,27,385.8
1,1.3,R01,19,1490,27.1,386
1,1.3,R01,19,1490,27.2,386
1,1.3,R01,19,1490,27.3,386.2
1,1.3,R01,19,1490,27.4,386.2
1,1.3,R01,19,1490,27.5,386.3
1,1.3,R01,19,1490,27.6,386.4
1,1.3,R01,19,1490,27.7,386.5
1,1.3,R01,19,1490,27.8,386.6
1,1.3,R01,19,1490,27.9,386.7
1,1.3,R01,19,1490,28,386.8
1,1.3,R01,19,1490,28.1,387
1,1.3,R01,19,1490,28.2,387.1
1,1.3,R01,19,1490,28.3,387.3
1,1.3,R01,19,1490,28.4,387.4
1,1.3,R01,19,1490,28.5,387.6
1,1.3,R01,19,1490,28.6,387.8
1,1.3,R01,19,1490,28.7,387.9
1,1.3,R01,19,1490,28.8,388
1,1.3,R01,19,1490,28.9,388.2
1,1.3,R01,19,1490,29,388.3
1,1.3,R01,19,1490,29.1,388.4
1,1.3,R01,19,1490,29.2,388.5
1,1.3,R01,19,1490,29.3,388.6
1,1.3,R01,19,1490,29.4,388.7
1,1.3,R01,19,1490,29.5,388.7
1,1.3,R01,19,1490,29.6,388.9
1,1.3,R01,19,1490,29.7,388.9
1,1.3,R01,19,1490,29.8,389
1,1.3,R01,19,1490,29.9,389.1
1,1.3,R01,19,1490,30,389.2
1,1.3,R01,19,1490,30.1,389.3
1,1.3,R01,19,1490,30.2,389.4
1,1.3,R01,19,1490,30.3,389.5
1,1.3,R01,19,1490,30.4,389.6
1,1.3,R01,19,1490,30.5,389.7
1,1.3,R01,19,1490,30.6,389.9
1,1.3,R01,19,1490,30.7,390
1,1.3,R01,19,1490,30.8,390.1
1,1.3,R01,19,1490,30.9,390.2
1,1.3,R01,19,1490,31,390.3
1,1.3,R01,19,1490,31.1,390.5
1,1.3,R01,19,1490,31.2,390.6
1,1.3,R01,19,1490,31.3,390.7
1,1.3,R01,19,1490,31.4,390.8
1,1.3,R01,19,1490,31.5,390.9
1,1.3,R01,19,1490,31.6,391
1,1.3,R01,19,1490,31.7,391.1
1,1.3,R01,19,1490,31.8,391.2
1,1.3,R01,19,1490,31.9,391.3
1,1.3,R01,19,1490,32,391.4
1,1.3,R01,19,1490,32.1,391.5
1,1.3,R01,19,1490,32.2,391.6
1,1.3,R01,19,1490,32.3,391.8
1,1.3,R01,19,1490,32.4,391.8
1,1.3,R01,19,1490,32.5,391.9
1,1.3,R01,19,1490,32.6,392
1,1.3,R01,19,1490,32.7,392.1
1,1.3,R01,19,1490,32.8,392.2
1,1.3,R01,19,1490,32.9,392.3
1,1.3,R01,19,1490,33,392.3
1,1.3,R01,19,1490,33.1,392.4
1,1.3,R01,19,1490,33.2,392.5
1,1.3,R01,19,1490,33.3,392.6
1,1.3,R01,19,1490,33.4,392.7
1,1.3,R01,19,1490,33.5,392.7
1,1.3,R01,19,1490,33.6,392.9
1,1.3,R01,19,1490,33.7,392.9
1,1.3,R01,19,1490,33.8,393
1,1.3,R01,19,1490,33.9,393.1
1,1.3,R01,19,1490,34,393.2
1,1.3,R01,19,1490,34.1,393.3
1,1.3,R01,19,1490,34.2,393.4
1,1.3,R01,19,1490,34.3,393.5
1,1.3,R01,19,1490,34.4,393.6
1,1.3,R01,19,1490,34.5,393.7
1,1.3,R01,19,1490,34.6,393.8
1,1.3,R01,19,1490,34.7,394
1,1.3,R01,19,1490,34.8,394.1
1,1.3,R01,19,1490,34.9,394.3
1,1.3,R01,19,1490,35,394.4
1,1.3,R01,19,1490,35.1,394.5
1,1.3,R01,19,1490,35.2,394.7
1,1.3,R01,19,1490,35.3,394.8
1,1.3,R01,19,1490,35.4,395
1,1.3,R01,19,1490,35.5,395.1
1,1.3,R01,19,1490,35.6,395.3
1,1.3,R01,19,1490,35.7,395.4
1,1.3,R01,19,1490,35.8,395.5
1,1.3,R01,19,1490,35.9,395.7
1,1.3,R01,19,1490,36,395.8
1,1.3,R01,19,1490,36.1,396.1
1,1.3,R01,19,1490,36.2,396.2
1,1.3,R01,19,1490,36.3,396.4
1,1.3,R01,19,1490,36.4,396.6
1,1.3,R01,19,1490,36.5,396.7
1,1.3,R01,19,1490,36.6,396.9
1,1.3,R01,19,1490,36.7,396.9
1,1.3,R01,19,1490,36.8,396.9
1,1.3,R01,19,1490,36.9,396.9
1,1.3,R01,19,1490,37,396.9
1,1.3,R01,19,1490,37.1,396.9
1,1.3,R01,19,1490,37.2,396.9
1,1.3,R01,19,1490,37.3,396.9
1,1.3,R01,19,1490,37.4,396.9
1,1.3,R01,19,1490,37.5,396.9
1,1.3,R01,19,1490,37.6,396.9
1,1.3,R01,19,1490,37.7,396.9
1,1.3,R01,19,1490,37.8,396.9
1,1.3,R01,19,1491,0,0
1,1.3,R01,19,1491,0.1,3.272
1,1.3,R01,19,1491,0.2,6.677
1,1.3,R01,19,1491,0.3,12.56
1,1.3,R01,19,1491,0.4,14.96
1,1.3,R01,19,1491,0.5,16.82
1,1.3,R01,19,1491,0.6,18.71
1,1.3,R01,19,1491,0.7,19.74
1,1.3,R01,19,1491,0.8,20.58
1,1.3,R01,19,1491,0.9,21.88
1,1.3,R01,19,1491,1,22.66
1,1.3,R01,19,1491,1.1,24.14
1,1.3,R01,19,1491,1.2,25.14
1,1.3,R01,19,1491,1.3,26.78
1,1.3,R01,19,1491,1.4,28.02
1,1.3,R01,19,1491,1.5,29.3
1,1.3,R01,19,1491,1.6,31.38
1,1.3,R01,19,1491,1.7,32.74
1,1.3,R01,19,1491,1.8,34.16
1,1.3,R01,19,1491,1.9,36.39
1,1.3,R01,19,1491,2,37.92
1,1.3,R01,19,1491,2.1,40.09
1,1.3,R01,19,1491,2.2,41.56
1,1.3,R01,19,1491,2.3,43.78
1,1.3,R01,19,1491,2.4,45.29
1,1.3,R01,19,1491,2.5,46.81
1,1.3,R01,19,1491,2.6,49.04
1,1.3,R01,19,1491,2.7,50.54
1,1.3,R01,19,1491,2.8,52.12
1,1.3,R01,19,1491,2.9,54.5
1,1.3,R01,19,1491,3,56.04
1,1.3,R01,19,1491,3.1,58.38
1,1.3,R01,19,1491,3.2,59.98
1,1.3,R01,19,1491,3.3,62.48
1,1.3,R01,19,1491,3.4,64.14
1,1.3,R01,19,1491,3.5,65.81
1,1.3,R01,19,1491,3.6,68.42
1,1.3,R01,19,1491,3.7,70.17
1,1.3,R01,19,1491,3.8,71.99
1,1.3,R01,19,1491,3.9,74.69
1,1.3,R01,19,1491,4,76.45
1,1.3,R01,19,1491,4.1,79.19
1,1.3,R01,19,1491,4.2,81.06
1,1.3,R01,19,1491,4.3,83.82
1,1.3,R01,19,1491,4.4,85.72
1,1.3,R01,19,1491,4.5,87.6
1,1.3,R01,19,1491,4.6,90.42
1,1.3,R01,19,1491,4.7,92.33
1,1.3,R01,19,1491,4.8,94.14
1,1.3,R01,19,1491,4.9,96.94
1,1.3,R01,19,1491,5,98.83
1,1.3,R01,19,1491,5.1,101.7
1,1.3,R01,19,1491,5.2,103.5
1,1.3,R01,19,1491,5.3,106.3
1,1.3,R01,19,1491,5.4,108.1
1,1.3,R01,19,1491,5.5,110
1,1.3,R01,19,1491,5.6,112.8
1,1.3,R01,19,1491,5.7,114.6
1,1.3,R01,19,1491,5.8,116.3
1,1.3,R01,19,1491,5.9,119.1
1,1.3,R01,19,1491,6,120.9
1,1.3,R01,19,1491,6.1,123.6
1,1.3,R01,19,1491,6.2,125.3
1,1.3,R01,19,1491,6.3,128
1,1.3,R01,19,1491,6.4,129.6
1,1.3,R01,19,1491,6.5,131.3
1,1.3,R01,19,1491,6.6,133.9
1,1.3,R01,19,1491,6.7,135.5
1,1.3,R01,19,1491,6.8,137.1
1,1.3,R01,19,1491,6.9,139.6
1,1.3,R01,19,1491,7,141.2
1,1.3,R01,19,1491,7.1,143.6
1,1.3,R01,19,1491,7.2,145.3
1,1.3,R01,19,1491,7.3,147.6
1,1.3,R01,19,1491,7.4,149.2
1,1.3,R01,19,1491,7.5,150.8
1,1.3,R01,19,1491,7.6,153.1
1,1.3,R01,19,1491,7.7,154.7
1,1.3,R01,19,1491,7.8,156.3
1,1.3,R01,19,1491,7.9,158.6
1,1.3,R01,19,1491,8,160.1
1,1.3,R01,19,1491,8.1,162.3
1,1.3,R01,19,1491,8.2,163.7
1,1.3,R01,19,1491,8.3,165.9
1,1.3,R01,19,1491,8.4,167.3
1,1.3,R01,19,1491,8.5,168.8
1,1.3,R01,19,1491,8.6,170.8
1,1.3,R01,19,1491,8.7,172.2
1,1.3,R01,19,1491,8.8,173.6
1,1.3,R01,19,1491,8.9,175.7
1,1.3,R01,19,1491,9,177.1
1,1.3,R01,19,1491,9.1,179.2
1,1.3,R01,19,1491,9.2,180.5
1,1.3,R01,19,1491,9.3,182.3
1,1.3,R01,19,1491,9.4,183.6
1,1.3,R01,19,1491,9.5,184.9
1,1.3,R01,19,1491,9.6,186.8
1,1.3,R01,19,1491,9.7,188
1,1.3,R01,19,1491,9.8,189.2
1,1.3,R01,19,1491,9.9,191
1,1.3,R01,19,1491,10,192.2
1,1.3,R01,19,1491,10.1,193.9
1,1.3,R01,19,1491,10.2,195
1,1.3,R01,19,1491,10.3,196.7
1,1.3,R01,19,1491,10.4,197.9
1,1.3,R01,19,1491,10.5,199
1,1.3,R01,19,1491,10.6,200.6
1,1.3,R01,19,1491,10.7,201.7
1,1.3,R01,19,1491,10.8,202.8
1,1.3,R01,19,1491,10.9,204.4
1,1.3,R01,19,1491,11,205.5
1,1.3,R01,19,1491,11.1,207.1
1,1.3,R01,19,1491,11.2,208.1
1,1.3,R01,19,1491,11.3,209.7
1,1.3,R01,19,1491,11.4,210.7
1,1.3,R01,19,1491,11.5,211.7
1,1.3,R01,19,1491,11.6,213.1
1,1.3,R01,19,1491,11.7,214.1
1,1.3,R01,19,1491,11.8,215.1
1,1.3,R01,19,1491,11.9,216.6
1,1.3,R01,19,1491,12,217.5
1,1.3,R01,19,1491,12.1,219
1,1.3,R01,19,1491,12.2,219.9
1,1.3,R01,19,1491,12.3,221.2
1,1.3,R01,19,1491,12.4,222.1
1,1.3,R01,19,1491,12.5,223
1,1.3,R01,19,1491,12.6,224.3
1,1.3,R01,19,1491,12.7,225.1
1,1.3,R01,19,1491,12.8,225.9
1,1.3,R01,19,1491,12.9,227.3
1,1.3,R01,19,1491,13,228.2
1,1.3,R01,19,1491,13.1,229.5
1,1.3,R01,19,1491,13.2,230.3
1,1.3,R01,19,1491,13.3,231.5
1,1.3,R01,19,1491,13.4,232.3
1,1.3,R01,19,1491,13.5,233.1
1,1.3,R01,19,1491,13.6,234.2
1,1.3,R01,19,1491,13.7,234.9
1,1.3,R01,19,1491,13.8,235.6
1,1.3,R01,19,1491,13.9,236.8
1,1.3,R01,19,1491,14,237.5
1,1.3,R01,19,1491,14.1,238.7
1,1.3,R01,19,1491,14.2,239.3
1,1.3,R01,19,1491,14.3,240.4
1,1.3,R01,19,1491,14.4,241.1
1,1.3,R01,19,1491,14.5,241.8
1,1.3,R01,19,1491,14.6,242.8
1,1.3,R01,19,1491,14.7,243.5
1,1.3,R01,19,1491,14.8,244.2
1,1.3,R01,19,1491,14.9,245.3
1,1.3,R01,19,1491,15,246
1,1.3,R01,19,1491,15.1,247
1,1.3,R01,19,1491,15.2,247.6
1,1.3,R01,19,1491,15.3,248.6
1,1.3,R01,19,1491,15.4,249.2
1,1.3,R01,19,1491,15.5,249.8
1,1.3,R01,19,1491,15.6,250.8
1,1.3,R01,19,1491,15.7,251.4
1,1.3,R01,19,1491,15.8,252.1
1,1.3,R01,19,1491,15.9,253
1,1.3,R01,19,1491,16,253.6
1,1.3,R01,19,1491,16.1,254.5
1,1.3,R01,19,1491,16.2,255.1
1,1.3,R01,19,1491,16.3,255.9
1,1.3,R01,19,1491,16.4,256.5
1,1.3,R01,19,1491,16.5,257.1
1,1.3,R01,19,1491,16.6,257.9
1,1.3,R01,19,1491,16.7,258.4
1,1.3,R01,19,1491,16.8,259
1,1.3,R01,19,1491,16.9,259.8
1,1.3,R01,19,1491,17,260.4
1,1.3,R01,19,1491,17.1,261.2
1,1.3,R01,19,1491,17.2,261.6
1,1.3,R01,19,1491,17.3,262.4
1,1.3,R01,19,1491,17.4,262.8
1,1.3,R01,19,1491,17.5,263.3
1,1.3,R01,19,1491,17.6,264.1
1,1.3,R01,19,1491,17.7,264.5
1,1.3,R01,19,1491,17.8,265
1,1.3,R01,19,1491,17.9,265.8
1,1.3,R01,19,1491,18,266.3
1,1.3,R01,19,1491,18.1,267.1
1,1.3,R01,19,1491,18.2,267.5
1,1.3,R01,19,1491,18.3,268.2
1,1.3,R01,19,1491,18.4,268.6
1,1.3,R01,19,1491,18.5,269.1
1,1.3,R01,19,1491,18.6,269.7
1,1.3,R01,19,1491,18.7,270.1
1,1.3,R01,19,1491,18.8,270.6
1,1.3,R01,19,1491,18.9,271.3
1,1.3,R01,19,1491,19,271.8
1,1.3,R01,19,1491,19.1,272.4
1,1.3,R01,19,1491,19.2,272.9
1,1.3,R01,19,1491,19.3,273.5
1,1.3,R01,19,1491,19.4,273.9
1,1.3,R01,19,1491,19.5,274.2
1,1.3,R01,19,1491,19.6,274.8
1,1.3,R01,19,1491,19.7,275.3
1,1.3,R01,19,1491,19.8,275.7
1,1.3,R01,19,1491,19.9,276.4
1,1.3,R01,19,1491,20,276.8
1,1.3,R01,19,1491,20.1,277.4
1,1.3,R01,19,1491,20.2,277.8
1,1.3,R01,19,1491,20.3,278.3
1,1.3,R01,19,1491,20.4,278.7
1,1.3,R01,19,1491,20.5,279.1
1,1.3,R01,19,1491,20.6,279.7
1,1.3,R01,19,1491,20.7,280.1
1,1.3,R01,19,1491,20.8,280.5
1,1.3,R01,19,1491,20.9,281.1
1,1.3,R01,19,1491,21,281.4
1,1.3,R01,19,1491,21.1,282
1,1.3,R01,19,1491,21.2,282.4
1,1.3,R01,19,1491,21.3,282.9
1,1.3,R01,19,1491,21.4,283.2
1,1.3,R01,19,1491,21.5,283.6
1,1.3,R01,19,1491,21.6,284.1
1,1.3,R01,19,1491,21.7,284.5
1,1.3,R01,19,1491,21.8,284.8
1,1.3,R01,19,1491,21.9,285.4
1,1.3,R01,19,1491,22,285.7
1,1.3,R01,19,1491,22.1,286.2
1,1.3,R01,19,1491,22.2,286.5
1,1.3,R01,19,1491,22.3,287
1,1.3,R01,19,1491,22.4,287.3
1,1.3,R01,19,1491,22.5,287.6
1,1.3,R01,19,1491,22.6,288.1
1,1.3,R01,19,1491,22.7,288.4
1,1.3,R01,19,1491,22.8,288.7
1,1.3,R01,19,1491,22.9,289.1
1,1.3,R01,19,1491,23,289.4
1,1.3,R01,19,1491,23.1,289.8
1,1.3,R01,19,1491,23.2,290
1,1.3,R01,19,1491,23.3,290.4
1,1.3,R01,19,1491,23.4,290.7
1,1.3,R01,19,1491,23.5,291
1,1.3,R01,19,1491,23.6,291.4
1,1.3,R01,19,1491,23.7,291.6
1,1.3,R01,19,1491,23.8,291.9
1,1.3,R01,19,1491,23.9,292.4
1,1.3,R01,19,1491,24,292.7
1,1.3,R01,19,1491,24.1,293.2
1,1.3,R01,19,1491,24.2,293.5
1,1.3,R01,19,1491,24.3,293.8
1,1.3,R01,19,1491,24.4,294.1
1,1.3,R01,19,1491,24.5,294.3
1,1.3,R01,19,1491,24.6,294.7
1,1.3,R01,19,1491,24.7,295
1,1.3,R01,19,1491,24.8,295.2
1,1.3,R01,19,1491,24.9,295.6
1,1.3,R01,19,1491,25,295.9
1,1.3,R01,19,1491,25.1,296.4
1,1.3,R01,19,1491,25.2,296.6
1,1.3,R01,19,1491,25.3,297
1,1.3,R01,19,1491,25.4,297.2
1,1.3,R01,19,1491,25.5,297.5
1,1.3,R01,19,1491,25.6,297.8
1,1.3,R01,19,1491,25.7,298
1,1.3,R01,19,1491,25.8,298.3
1,1.3,R01,19,1491,25.9,298.7
1,1.3,R01,19,1491,26,299
1,1.3,R01,19,1491,26.1,299.4
1,1.3,R01,19,1491,26.2,299.6
1,1.3,R01,19,1491,26.3,300
1,1.3,R01,19,1491,26.4,300.3
1,1.3,R01,19,1491,26.5,300.5
1,1.3,R01,19,1491,26.6,300.9
1,1.3,R01,19,1491,26.7,301.1
1,1.3,R01,19,1491,26.8,301.3
1,1.3,R01,19,1491,26.9,301.7
1,1.3,R01,19,1491,27,301.8
1,1.3,R01,19,1491,27.1,302.1
1,1.3,R01,19,1491,27.2,302.3
1,1.3,R01,19,1491,27.3,302.6
1,1.3,R01,19,1491,27.4,302.7
1,1.3,R01,19,1491,27.5,302.9
1,1.3,R01,19,1491,27.6,303.2
1,1.3,R01,19,1491,27.7,303.4
1,1.3,R01,19,1491,27.8,303.6
1,1.3,R01,19,1491,27.9,303.8
1,1.3,R01,19,1491,28,304
1,1.3,R01,19,1491,28.1,304.3
1,1.3,R01,19,1491,28.2,304.4
1,1.3,R01,19,1491,28.3,304.7
1,1.3,R01,19,1491,28.4,304.9
1,1.3,R01,19,1491,28.5,305.2
1,1.3,R01,19,1491,28.6,305.5
1,1.3,R01,19,1491,28.7,305.7
1,1.3,R01,19,1491,28.8,306
1,1.3,R01,19,1491,28.9,306.3
1,1.3,R01,19,1491,29,306.5
1,1.3,R01,19,1491,29.1,306.8
1,1.3,R01,19,1491,29.2,307
1,1.3,R01,19,1491,29.3,307.2
1,1.3,R01,19,1491,29.4,307.4
1,1.3,R01,19,1491,29.5,307.6
1,1.3,R01,19,1491,29.6,307.9
1,1.3,R01,19,1491,29.7,308.1
1,1.3,R01,19,1491,29.8,308.2
1,1.3,R01,19,1491,29.9,308.4
1,1.3,R01,19,1491,30,308.6
1,1.3,R01,19,1491,30.1,308.8
1,1.3,R01,19,1491,30.2,309
1,1.3,R01,19,1491,30.3,309.2
1,1.3,R01,19,1491,30.4,309.3
1,1.3,R01,19,1491,30.5,309.5
1,1.3,R01,19,1491,30.6,309.9
1,1.3,R01,19,1491,30.7,310.1
1,1.3,R01,19,1491,30.8,310.3
1,1.3,R01,19,1491,30.9,310.7
1,1.3,R01,19,1491,31,310.9
1,1.3,R01,19,1491,31.1,311.2
1,1.3,R01,19,1491,31.2,311.4
1,1.3,R01,19,1491,31.3,311.6
1,1.3,R01,19,1491,31.4,311.8
1,1.3,R01,19,1491,31.5,312
1,1.3,R01,19,1491,31.6,312.2
1,1.3,R01,19,1491,31.7,312.4
1,1.3,R01,19,1491,31.8,312.6
1,1.3,R01,19,1491,31.9,312.8
1,1.3,R01,19,1491,32,312.9
1,1.3,R01,19,1491,32.1,313.1
1,1.3,R01,19,1491,32.2,313.2
1,1.3,R01,19,1491,32.3,313.4
1,1.3,R01,19,1491,32.4,313.5
1,1.3,R01,19,1491,32.5,313.6
1,1.3,R01,19,1491,32.6,313.8
1,1.3,R01,19,1491,32.7,313.9
1,1.3,R01,19,1491,32.8,314.1
1,1.3,R01,19,1491,32.9,314.4
1,1.3,R01,19,1491,33,314.6
1,1.3,R01,19,1491,33.1,314.9
1,1.3,R01,19,1491,33.2,315.1
1,1.3,R01,19,1491,33.3,315.5
1,1.3,R01,19,1491,33.4,315.6
1,1.3,R01,19,1491,33.5,315.7
1,1.3,R01,19,1491,33.6,315.9
1,1.3,R01,19,1491,33.7,316
1,1.3,R01,19,1491,33.8,316.1
1,1.3,R01,19,1491,33.9,316.2
1,1.3,R01,19,1491,34,316.3
1,1.3,R01,19,1491,34.1,316.4
1,1.3,R01,19,1491,34.2,316.5
1,1.3,R01,19,1491,34.3,316.7
1,1.3,R01,19,1491,34.4,316.8
1,1.3,R01,19,1491,34.5,316.9
1,1.3,R01,19,1491,34.6,317
1,1.3,R01,19,1491,34.7,317.2
1,1.3,R01,19,1491,34.8,317.4
1,1.3,R01,19,1491,34.9,317.6
1,1.3,R01,19,1491,35,317.8
1,1.3,R01,19,1491,35.1,318
1,1.3,R01,19,1491,35.2,318.2
1,1.3,R01,19,1491,35.3,318.5
1,1.3,R01,19,1491,35.4,318.6
1,1.3,R01,19,1491,35.5,318.8
1,1.3,R01,19,1491,35.6,319.1
1,1.3,R01,19,1491,35.7,319.2
1,1.3,R01,19,1491,35.8,319.4
1,1.3,R01,19,1491,35.9,319.7
1,1.3,R01,19,1491,36,319.8
1,1.3,R01,19,1491,36.1,320.1
1,1.3,R01,19,1491,36.2,320.3
1,1.3,R01,19,1491,36.3,320.6
1,1.3,R01,19,1491,36.4,320.8
1,1.3,R01,19,1491,36.5,321
1,1.3,R01,19,1491,36.6,321.2
1,1.3,R01,19,1491,36.7,321.4
1,1.3,R01,19,1491,36.8,321.6
1,1.3,R01,19,1491,36.9,321.9
1,1.3,R01,19,1491,37,322.1
1,1.3,R01,19,1491,37.1,322.3
1,1.3,R01,19,1491,37.2,322.3
1,1.3,R01,19,1491,37.3,322.3
1,1.3,R01,19,1491,37.4,322.3
1,1.3,R01,19,1491,37.5,322.3
1,1.3,R01,19,1491,37.6,322.3
1,1.3,R01,19,1491,37.7,322.3
1,1.3,R01,19,1491,37.8,322.3
1,1.3,R01,28,1459,0,0
1,1.3,R01,28,1459,0.1,2.489
1,1.3,R01,28,1459,0.2,10.53
1,1.3,R01,28,1459,0.3,24.13
1,1.3,R01,28,1459,0.4,33.47
1,1.3,R01,28,1459,0.5,42.29
1,1.3,R01,28,1459,0.6,56.07
1,1.3,R01,28,1459,0.7,65.48
1,1.3,R01,28,1459,0.8,74.31
1,1.3,R01,28,1459,0.9,87.14
1,1.3,R01,28,1459,1,95.39
1,1.3,R01,28,1459,1.1,108
1,1.3,R01,28,1459,1.2,116.5
1,1.3,R01,28,1459,1.3,129.4
1,1.3,R01,28,1459,1.4,138.1
1,1.3,R01,28,1459,1.5,146.8
1,1.3,R01,28,1459,1.6,161
1,1.3,R01,28,1459,1.7,171.1
1,1.3,R01,28,1459,1.8,181.6
1,1.3,R01,28,1459,1.9,198.2
1,1.3,R01,28,1459,2,209.3
1,1.3,R01,28,1459,2.1,226
1,1.3,R01,28,1459,2.2,237.7
1,1.3,R01,28,1459,2.3,254.2
1,1.3,R01,28,1459,2.4,264.9
1,1.3,R01,28,1459,2.5,275.3
1,1.3,R01,28,1459,2.6,289.5
1,1.3,R01,28,1459,2.7,298.2
1,1.3,R01,28,1459,2.8,305.8
1,1.3,R01,28,1459,2.9,316.5
1,1.3,R01,28,1459,3,323.4
1,1.3,R01,28,1459,3.1,333.1
1,1.3,R01,28,1459,3.2,338.8
1,1.3,R01,28,1459,3.3,345.5
1,1.3,R01,28,1459,3.4,349.4
1,1.3,R01,28,1459,3.5,353.2
1,1.3,R01,28,1459,3.6,358.4
1,1.3,R01,28,1459,3.7,361.7
1,1.3,R01,28,1459,3.8,364.7
1,1.3,R01,28,1459,3.9,369
1,1.3,R01,28,1459,4,371.6
1,1.3,R01,28,1459,4.1,375.4
1,1.3,R01,28,1459,4.2,377.8
1,1.3,R01,28,1459,4.3,381.3
1,1.3,R01,28,1459,4.4,383.5
1,1.3,R01,28,1459,4.5,385.6
1,1.3,R01,28,1459,4.6,388.7
1,1.3,R01,28,1459,4.7,390.6
1,1.3,R01,28,1459,4.8,392.4
1,1.3,R01,28,1459,4.9,395.2
1,1.3,R01,28,1459,5,397
1,1.3,R01,28,1459,5.1,399.7
1,1.3,R01,28,1459,5.2,401.5
1,1.3,R01,28,1459,5.3,403.9
1,1.3,R01,28,1459,5.4,405.7
1,1.3,R01,28,1459,5.5,407.3
1,1.3,R01,28,1459,5.6,409.6
1,1.3,R01,28,1459,5.7,411.1
1,1.3,R01,28,1459,5.8,412.7
1,1.3,R01,28,1459,5.9,414.9
1,1.3,R01,28,1459,6,416.3
1,1.3,R01,28,1459,6.1,418.6
1,1.3,R01,28,1459,6.2,420.2
1,1.3,R01,28,1459,6.3,422.2
1,1.3,R01,28,1459,6.4,423.6
1,1.3,R01,28,1459,6.5,425.1
1,1.3,R01,28,1459,6.6,427.2
1,1.3,R01,28,1459,6.7,428.6
1,1.3,R01,28,1459,6.8,430
1,1.3,R01,28,1459,6.9,432.1
1,1.3,R01,28,1459,7,433.6
1,1.3,R01,28,1459,7.1,435.5
1,1.3,R01,28,1459,7.2,437
1,1.3,R01,28,1459,7.3,439
1,1.3,R01,28,1459,7.4,440.3
1,1.3,R01,28,1459,7.5,441.6
1,1.3,R01,28,1459,7.6,443.6
1,1.3,R01,28,1459,7.7,445.1
1,1.3,R01,28,1459,7.8,446.3
1,1.3,R01,28,1459,7.9,448.3
1,1.3,R01,28,1459,8,449.6
1,1.3,R01,28,1459,8.1,451.4
1,1.3,R01,28,1459,8.2,452.6
1,1.3,R01,28,1459,8.3,454.4
1,1.3,R01,28,1459,8.4,455.5
1,1.3,R01,28,1459,8.5,456.6
1,1.3,R01,28,1459,8.6,458.3
1,1.3,R01,28,1459,8.7,459.5
1,1.3,R01,28,1459,8.8,460.6
1,1.3,R01,28,1459,8.9,462
1,1.3,R01,28,1459,9,463.1
1,1.3,R01,28,1459,9.1,464.7
1,1.3,R01,28,1459,9.2,465.6
1,1.3,R01,28,1459,9.3,466.9
1,1.3,R01,28,1459,9.4,467.8
1,1.3,R01,28,1459,9.5,468.6
1,1.3,R01,28,1459,9.6,469.8
1,1.3,R01,28,1459,9.7,470.6
1,1.3,R01,28,1459,9.8,471.5
1,1.3,R01,28,1459,9.9,472.9
1,1.3,R01,28,1459,10,473.8
1,1.3,R01,28,1459,10.1,475.1
1,1.3,R01,28,1459,10.2,475.9
1,1.3,R01,28,1459,10.3,477.1
1,1.3,R01,28,1459,10.4,478
1,1.3,R01,28,1459,10.5,478.8
1,1.3,R01,28,1459,10.6,479.9
1,1.3,R01,28,1459,10.7,480.6
1,1.3,R01,28,1459,10.8,481.4
1,1.3,R01,28,1459,10.9,482.5
1,1.3,R01,28,1459,11,483.3
1,1.3,R01,28,1459,11.1,484.4
1,1.3,R01,28,1459,11.2,485.1
1,1.3,R01,28,1459,11.3,486.2
1,1.3,R01,28,1459,11.4,487
1,1.3,R01,28,1459,11.5,487.7
1,1.3,R01,28,1459,11.6,488.7
1,1.3,R01,28,1459,11.7,489.3
1,1.3,R01,28,1459,11.8,490
1,1.3,R01,28,1459,11.9,491.1
1,1.3,R01,28,1459,12,491.8
1,1.3,R01,28,1459,12.1,492.9
1,1.3,R01,28,1459,12.2,493.6
1,1.3,R01,28,1459,12.3,494.6
1,1.3,R01,28,1459,12.4,495.3
1,1.3,R01,28,1459,12.5,496
1,1.3,R01,28,1459,12.6,497
1,1.3,R01,28,1459,12.7,497.6
1,1.3,R01,28,1459,12.8,498.3
1,1.3,R01,28,1459,12.9,499.3
1,1.3,R01,28,1459,13,499.9
1,1.3,R01,28,1459,13.1,500.9
1,1.3,R01,28,1459,13.2,501.6
1,1.3,R01,28,1459,13.3,502.5
1,1.3,R01,28,1459,13.4,503.1
1,1.3,R01,28,1459,13.5,503.7
1,1.3,R01,28,1459,13.6,504.6
1,1.3,R01,28,1459,13.7,505.2
1,1.3,R01,28,1459,13.8,505.9
1,1.3,R01,28,1459,13.9,506.9
1,1.3,R01,28,1459,14,507.6
1,1.3,R01,28,1459,14.1,508.6
1,1.3,R01,28,1459,14.2,509.3
1,1.3,R01,28,1459,14.3,510.2
1,1.3,R01,28,1459,14.4,510.7
1,1.3,R01,28,1459,14.5,511.3
1,1.3,R01,28,1459,14.6,512.1
1,1.3,R01,28,1459,14.7,512.7
1,1.3,R01,28,1459,14.8,513.3
1,1.3,R01,28,1459,14.9,514.2
1,1.3,R01,28,1459,15,514.8
1,1.3,R01,28,1459,15.1,515.6
1,1.3,R01,28,1459,15.2,516.2
1,1.3,R01,28,1459,15.3,517
1,1.3,R01,28,1459,15.4,517.6
1,1.3,R01,28,1459,15.5,518.1
1,1.3,R01,28,1459,15.6,518.8
1,1.3,R01,28,1459,15.7,519.4
1,1.3,R01,28,1459,15.8,520
1,1.3,R01,28,1459,15.9,520.8
1,1.3,R01,28,1459,16,521.4
1,1.3,R01,28,1459,16.1,522.2
1,1.3,R01,28,1459,16.2,522.8
1,1.3,R01,28,1459,16.3,523.6
1,1.3,R01,28,1459,16.4,524.1
1,1.3,R01,28,1459,16.5,524.5
1,1.3,R01,28,1459,16.6,525.2
1,1.3,R01,28,1459,16.7,525.7
1,1.3,R01,28,1459,16.8,526.1
1,1.3,R01,28,1459,16.9,526.8
1,1.3,R01,28,1459,17,527.3
1,1.3,R01,28,1459,17.1,528.1
1,1.3,R01,28,1459,17.2,528.6
1,1.3,R01,28,1459,17.3,529.3
1,1.3,R01,28,1459,17.4,529.7
1,1.3,R01,28,1459,17.5,530.1
1,1.3,R01,28,1459,17.6,530.7
1,1.3,R01,28,1459,17.7,531.1
1,1.3,R01,28,1459,17.8,531.5
1,1.3,R01,28,1459,17.9,532.1
1,1.3,R01,28,1459,18,532.6
1,1.3,R01,28,1459,18.1,533.3
1,1.3,R01,28,1459,18.2,533.7
1,1.3,R01,28,1459,18.3,534.3
1,1.3,R01,28,1459,18.4,534.7
1,1.3,R01,28,1459,18.5,535.1
1,1.3,R01,28,1459,18.6,535.6
1,1.3,R01,28,1459,18.7,536
1,1.3,R01,28,1459,18.8,536.4
1,1.3,R01,28,1459,18.9,537
1,1.3,R01,28,1459,19,537.4
1,1.3,R01,28,1459,19.1,538
1,1.3,R01,28,1459,19.2,538.3
1,1.3,R01,28,1459,19.3,538.8
1,1.3,R01,28,1459,19.4,539.1
1,1.3,R01,28,1459,19.5,539.3
1,1.3,R01,28,1459,19.6,539.8
1,1.3,R01,28,1459,19.7,540.1
1,1.3,R01,28,1459,19.8,540.4
1,1.3,R01,28,1459,19.9,540.8
1,1.3,R01,28,1459,20,541.1
1,1.3,R01,28,1459,20.1,541.5
1,1.3,R01,28,1459,20.2,541.8
1,1.3,R01,28,1459,20.3,542.2
1,1.3,R01,28,1459,20.4,542.5
1,1.3,R01,28,1459,20.5,542.7
1,1.3,R01,28,1459,20.6,543.1
1,1.3,R01,28,1459,20.7,543.4
1,1.3,R01,28,1459,20.8,543.6
1,1.3,R01,28,1459,20.9,544
1,1.3,R01,28,1459,21,544.3
1,1.3,R01,28,1459,21.1,544.6
1,1.3,R01,28,1459,21.2,544.9
1,1.3,R01,28,1459,21.3,545.2
1,1.3,R01,28,1459,21.4,545.5
1,1.3,R01,28,1459,21.5,545.7
1,1.3,R01,28,1459,21.6,546
1,1.3,R01,28,1459,21.7,546.2
1,1.3,R01,28,1459,21.8,546.4
1,1.3,R01,28,1459,21.9,546.7
1,1.3,R01,28,1459,22,546.9
1,1.3,R01,28,1459,22.1,547.2
1,1.3,R01,28,1459,22.2,547.4
1,1.3,R01,28,1459,22.3,547.7
1,1.3,R01,28,1459,22.4,547.9
1,1.3,R01,28,1459,22.5,548.1
1,1.3,R01,28,1459,22.6,548.4
1,1.3,R01,28,1459,22.7,548.7
1,1.3,R01,28,1459,22.8,548.9
1,1.3,R01,28,1459,22.9,549.2
1,1.3,R01,28,1459,23,549.4
1,1.3,R01,28,1459,23.1,549.7
1,1.3,R01,28,1459,23.2,549.8
1,1.3,R01,28,1459,23.3,550.1
1,1.3,R01,28,1459,23.4,550.2
1,1.3,R01,28,1459,23.5,550.4
1,1.3,R01,28,1459,23.6,550.6
1,1.3,R01,28,1459,23.7,550.8
1,1.3,R01,28,1459,23.8,551
1,1.3,R01,28,1459,23.9,551.4
1,1.3,R01,28,1459,24,551.6
1,1.3,R01,28,1459,24.1,551.9
1,1.3,R01,28,1459,24.2,552.1
1,1.3,R01,28,1459,24.3,552.4
1,1.3,R01,28,1459,24.4,552.6
1,1.3,R01,28,1459,24.5,552.7
1,1.3,R01,28,1459,24.6,553
1,1.3,R01,28,1459,24.7,553.2
1,1.3,R01,28,1459,24.8,553.4
1,1.3,R01,28,1459,24.9,553.6
1,1.3,R01,28,1459,25,553.8
1,1.3,R01,28,1459,25.1,554.1
1,1.3,R01,28,1459,25.2,554.3
1,1.3,R01,28,1459,25.3,554.5
1,1.3,R01,28,1459,25.4,554.7
1,1.3,R01,28,1459,25.5,554.8
1,1.3,R01,28,1459,25.6,555.1
1,1.3,R01,28,1459,25.7,555.2
1,1.3,R01,28,1459,25.8,555.4
1,1.3,R01,28,1459,25.9,555.7
1,1.3,R01,28,1459,26,555.9
1,1.3,R01,28,1459,26.1,556.1
1,1.3,R01,28,1459,26.2,556.3
1,1.3,R01,28,1459,26.3,556.5
1,1.3,R01,28,1459,26.4,556.7
1,1.3,R01,28,1459,26.5,556.8
1,1.3,R01,28,1459,26.6,557.1
1,1.3,R01,28,1459,26.7,557.2
1,1.3,R01,28,1459,26.8,557.4
1,1.3,R01,28,1459,26.9,557.6
1,1.3,R01,28,1459,27,557.8
1,1.3,R01,28,1459,27.1,557.8
1,1.3,R01,28,1459,27.2,557.8
1,1.3,R01,28,1459,27.3,557.8
1,1.3,R01,28,1459,27.4,557.8
1,1.3,R01,28,1459,27.5,557.8
1,1.3,R01,28,1459,27.6,557.8
1,1.3,R01,28,1459,27.7,557.8
1,1.3,R01,28,1459,27.8,557.8
1,1.3,R01,28,1461,0,0
1,1.3,R01,28,1461,0.1,2.426
1,1.3,R01,28,1461,0.2,9.562
1,1.3,R01,28,1461,0.3,22.59
1,1.3,R01,28,1461,0.4,31.44
1,1.3,R01,28,1461,0.5,40.01
1,1.3,R01,28,1461,0.6,53.18
1,1.3,R01,28,1461,0.7,62.51
1,1.3,R01,28,1461,0.8,71.57
1,1.3,R01,28,1461,0.9,84.18
1,1.3,R01,28,1461,1,92.35
1,1.3,R01,28,1461,1.1,104.9
1,1.3,R01,28,1461,1.2,113.3
1,1.3,R01,28,1461,1.3,126.4
1,1.3,R01,28,1461,1.4,135.3
1,1.3,R01,28,1461,1.5,144.1
1,1.3,R01,28,1461,1.6,157.8
1,1.3,R01,28,1461,1.7,167.8
1,1.3,R01,28,1461,1.8,178.1
1,1.3,R01,28,1461,1.9,194.4
1,1.3,R01,28,1461,2,205.7
1,1.3,R01,28,1461,2.1,223
1,1.3,R01,28,1461,2.2,234.9
1,1.3,R01,28,1461,2.3,252.7
1,1.3,R01,28,1461,2.4,264.5
1,1.3,R01,28,1461,2.5,276.4
1,1.3,R01,28,1461,2.6,294
1,1.3,R01,28,1461,2.7,305.3
1,1.3,R01,28,1461,2.8,315.9
1,1.3,R01,28,1461,2.9,329.7
1,1.3,R01,28,1461,3,338.5
1,1.3,R01,28,1461,3.1,350.7
1,1.3,R01,28,1461,3.2,358.4
1,1.3,R01,28,1461,3.3,368.6
1,1.3,R01,28,1461,3.4,374.1
1,1.3,R01,28,1461,3.5,378.8
1,1.3,R01,28,1461,3.6,385.4
1,1.3,R01,28,1461,3.7,389.5
1,1.3,R01,28,1461,3.8,393.3
1,1.3,R01,28,1461,3.9,398.7
1,1.3,R01,28,1461,4,402.1
1,1.3,R01,28,1461,4.1,407
1,1.3,R01,28,1461,4.2,410
1,1.3,R01,28,1461,4.3,414.4
1,1.3,R01,28,1461,4.4,417.1
1,1.3,R01,28,1461,4.5,419.9
1,1.3,R01,28,1461,4.6,423.7
1,1.3,R01,28,1461,4.7,426.2
1,1.3,R01,28,1461,4.8,428.6
1,1.3,R01,28,1461,4.9,432.3
1,1.3,R01,28,1461,5,434.8
1,1.3,R01,28,1461,5.1,438.2
1,1.3,R01,28,1461,5.2,440.5
1,1.3,R01,28,1461,5.3,443.9
1,1.3,R01,28,1461,5.4,446
1,1.3,R01,28,1461,5.5,447.9
1,1.3,R01,28,1461,5.6,450.8
1,1.3,R01,28,1461,5.7,452.6
1,1.3,R01,28,1461,5.8,454.4
1,1.3,R01,28,1461,5.9,456.8
1,1.3,R01,28,1461,6,458.3
1,1.3,R01,28,1461,6.1,460.6
1,1.3,R01,28,1461,6.2,462.1
1,1.3,R01,28,1461,6.3,464.2
1,1.3,R01,28,1461,6.4,465.6
1,1.3,R01,28,1461,6.5,466.8
1,1.3,R01,28,1461,6.6,468.9
1,1.3,R01,28,1461,6.7,470
1,1.3,R01,28,1461,6.8,471.2
1,1.3,R01,28,1461,6.9,473
1,1.3,R01,28,1461,7,474.3
1,1.3,R01,28,1461,7.1,476.1
1,1.3,R01,28,1461,7.2,477.2
1,1.3,R01,28,1461,7.3,478.8
1,1.3,R01,28,1461,7.4,480
1,1.3,R01,28,1461,7.5,481.1
1,1.3,R01,28,1461,7.6,482.8
1,1.3,R01,28,1461,7.7,483.9
1,1.3,R01,28,1461,7.8,485.1
1,1.3,R01,28,1461,7.9,486.8
1,1.3,R01,28,1461,8,487.9
1,1.3,R01,28,1461,8.1,489.6
1,1.3,R01,28,1461,8.2,490.6
1,1.3,R01,28,1461,8.3,492.2
1,1.3,R01,28,1461,8.4,493.3
1,1.3,R01,28,1461,8.5,494.3
1,1.3,R01,28,1461,8.6,495.7
1,1.3,R01,28,1461,8.7,496.8
1,1.3,R01,28,1461,8.8,497.7
1,1.3,R01,28,1461,8.9,499
1,1.3,R01,28,1461,9,499.9
1,1.3,R01,28,1461,9.1,501.1
1,1.3,R01,28,1461,9.2,501.7
1,1.3,R01,28,1461,9.3,502.6
1,1.3,R01,28,1461,9.4,503.2
1,1.3,R01,28,1461,9.5,503.7
1,1.3,R01,28,1461,9.6,504.5
1,1.3,R01,28,1461,9.7,505
1,1.3,R01,28,1461,9.8,505.6
1,1.3,R01,28,1461,9.9,506.5
1,1.3,R01,28,1461,10,507
1,1.3,R01,28,1461,10.1,507.8
1,1.3,R01,28,1461,10.2,508.2
1,1.3,R01,28,1461,10.3,508.9
1,1.3,R01,28,1461,10.4,509.3
1,1.3,R01,28,1461,10.5,509.7
1,1.3,R01,28,1461,10.6,510.2
1,1.3,R01,28,1461,10.7,510.6
1,1.3,R01,28,1461,10.8,510.9
1,1.3,R01,28,1461,10.9,511.4
1,1.3,R01,28,1461,11,511.7
1,1.3,R01,28,1461,11.1,512.2
1,1.3,R01,28,1461,11.2,512.5
1,1.3,R01,28,1461,11.3,513
1,1.3,R01,28,1461,11.4,513.3
1,1.3,R01,28,1461,11.5,513.6
1,1.3,R01,28,1461,11.6,514
1,1.3,R01,28,1461,11.7,514.2
1,1.3,R01,28,1461,11.8,514.5
1,1.3,R01,28,1461,11.9,514.8
1,1.3,R01,28,1461,12,515.1
1,1.3,R01,28,1461,12.1,515.6
1,1.3,R01,28,1461,12.2,515.8
1,1.3,R01,28,1461,12.3,516.2
1,1.3,R01,28,1461,12.4,516.4
1,1.3,R01,28,1461,12.5,516.6
1,1.3,R01,28,1461,12.6,517
1,1.3,R01,28,1461,12.7,517.3
1,1.3,R01,28,1461,12.8,517.5
1,1.3,R01,28,1461,12.9,517.9
1,1.3,R01,28,1461,13,518.1
1,1.3,R01,28,1461,13.1,518.4
1,1.3,R01,28,1461,13.2,518.7
1,1.3,R01,28,1461,13.3,519
1,1.3,R01,28,1461,13.4,519.2
1,1.3,R01,28,1461,13.5,519.4
1,1.3,R01,28,1461,13.6,519.7
1,1.3,R01,28,1461,13.7,519.8
1,1.3,R01,28,1461,13.8,520.1
1,1.3,R01,28,1461,13.9,520.4
1,1.3,R01,28,1461,14,520.7
1,1.3,R01,28,1461,14.1,521
1,1.3,R01,28,1461,14.2,521.2
1,1.3,R01,28,1461,14.3,521.4
1,1.3,R01,28,1461,14.4,521.6
1,1.3,R01,28,1461,14.5,521.8
1,1.3,R01,28,1461,14.6,522.1
1,1.3,R01,28,1461,14.7,522.4
1,1.3,R01,28,1461,14.8,522.6
1,1.3,R01,28,1461,14.9,522.9
1,1.3,R01,28,1461,15,523.2
1,1.3,R01,28,1461,15.1,523.5
1,1.3,R01,28,1461,15.2,523.7
1,1.3,R01,28,1461,15.3,524
1,1.3,R01,28,1461,15.4,524.2
1,1.3,R01,28,1461,15.5,524.4
1,1.3,R01,28,1461,15.6,524.8
1,1.3,R01,28,1461,15.7,525.1
1,1.3,R01,28,1461,15.8,525.4
1,1.3,R01,28,1461,15.9,525.8
1,1.3,R01,28,1461,16,526
1,1.3,R01,28,1461,16.1,526.4
1,1.3,R01,28,1461,16.2,526.6
1,1.3,R01,28,1461,16.3,527
1,1.3,R01,28,1461,16.4,527.3
1,1.3,R01,28,1461,16.5,527.6
1,1.3,R01,28,1461,16.6,527.9
1,1.3,R01,28,1461,16.7,528.1
1,1.3,R01,28,1461,16.8,528.3
1,1.3,R01,28,1461,16.9,528.6
1,1.3,R01,28,1461,17,528.8
1,1.3,R01,28,1461,17.1,529.2
1,1.3,R01,28,1461,17.2,529.5
1,1.3,R01,28,1461,17.3,530
1,1.3,R01,28,1461,17.4,530.2
1,1.3,R01,28,1461,17.5,530.4
1,1.3,R01,28,1461,17.6,530.8
1,1.3,R01,28,1461,17.7,531
1,1.3,R01,28,1461,17.8,531.3
1,1.3,R01,28,1461,17.9,531.7
1,1.3,R01,28,1461,18,532
1,1.3,R01,28,1461,18.1,532.4
1,1.3,R01,28,1461,18.2,532.7
1,1.3,R01,28,1461,18.3,533.1
1,1.3,R01,28,1461,18.4,533.4
1,1.3,R01,28,1461,18.5,533.7
1,1.3,R01,28,1461,18.6,534.1
1,1.3,R01,28,1461,18.7,534.3
1,1.3,R01,28,1461,18.8,534.6
1,1.3,R01,28,1461,18.9,535
1,1.3,R01,28,1461,19,535.3
1,1.3,R01,28,1461,19.1,535.6
1,1.3,R01,28,1461,19.2,535.9
1,1.3,R01,28,1461,19.3,536.2
1,1.3,R01,28,1461,19.4,536.5
1,1.3,R01,28,1461,19.5,536.7
1,1.3,R01,28,1461,19.6,537
1,1.3,R01,28,1461,19.7,537.2
1,1.3,R01,28,1461,19.8,537.4
1,1.3,R01,28,1461,19.9,537.7
1,1.3,R01,28,1461,20,537.9
1,1.3,R01,28,1461,20.1,538.2
1,1.3,R01,28,1461,20.2,538.4
1,1.3,R01,28,1461,20.3,538.7
1,1.3,R01,28,1461,20.4,538.9
1,1.3,R01,28,1461,20.5,539.1
1,1.3,R01,28,1461,20.6,539.4
1,1.3,R01,28,1461,20.7,539.6
1,1.3,R01,28,1461,20.8,539.8
1,1.3,R01,28,1461,20.9,540.2
1,1.3,R01,28,1461,21,540.4
1,1.3,R01,28,1461,21.1,540.7
1,1.3,R01,28,1461,21.2,540.9
1,1.3,R01,28,1461,21.3,541.1
1,1.3,R01,28,1461,21.4,541.3
1,1.3,R01,28,1461,21.5,541.5
1,1.3,R01,28,1461,21.6,541.8
1,1.3,R01,28,1461,21.7,541.9
1,1.3,R01,28,1461,21.8,542.1
1,1.3,R01,28,1461,21.9,542.3
1,1.3,R01,28,1461,22,542.5
1,1.3,R01,28,1461,22.1,542.8
1,1.3,R01,28,1461,22.2,542.9
1,1.3,R01,28,1461,22.3,543.2
1,1.3,R01,28,1461,22.4,543.3
1,1.3,R01,28,1461,22.5,543.5
1,1.3,R01,28,1461,22.6,543.8
1,1.3,R01,28,1461,22.7,544
1,1.3,R01,28,1461,22.8,544.2
1,1.3,R01,28,1461,22.9,544.5
1,1.3,R01,28,1461,23,544.7
1,1.3,R01,28,1461,23.1,544.9
1,1.3,R01,28,1461,23.2,545
1,1.3,R01,28,1461,23.3,545.2
1,1.3,R01,28,1461,23.4,545.4
1,1.3,R01,28,1461,23.5,545.5
1,1.3,R01,28,1461,23.6,545.7
1,1.3,R01,28,1461,23.7,545.9
1,1.3,R01,28,1461,23.8,546.1
1,1.3,R01,28,1461,23.9,546.4
1,1.3,R01,28,1461,24,546.6
1,1.3,R01,28,1461,24.1,546.9
1,1.3,R01,28,1461,24.2,547.1
1,1.3,R01,28,1461,24.3,547.3
1,1.3,R01,28,1461,24.4,547.5
1,1.3,R01,28,1461,24.5,547.6
1,1.3,R01,28,1461,24.6,547.9
1,1.3,R01,28,1461,24.7,548
1,1.3,R01,28,1461,24.8,548.2
1,1.3,R01,28,1461,24.9,548.4
1,1.3,R01,28,1461,25,548.5
1,1.3,R01,28,1461,25.1,548.8
1,1.3,R01,28,1461,25.2,548.9
1,1.3,R01,28,1461,25.3,549.1
1,1.3,R01,28,1461,25.4,549.3
1,1.3,R01,28,1461,25.5,549.4
1,1.3,R01,28,1461,25.6,549.7
1,1.3,R01,28,1461,25.7,549.9
1,1.3,R01,28,1461,25.8,550.1
1,1.3,R01,28,1461,25.9,550.4
1,1.3,R01,28,1461,26,550.7
1,1.3,R01,28,1461,26.1,550.9
1,1.3,R01,28,1461,26.2,551
1,1.3,R01,28,1461,26.3,551.3
1,1.3,R01,28,1461,26.4,551.4
1,1.3,R01,28,1461,26.5,551.5
1,1.3,R01,28,1461,26.6,551.7
1,1.3,R01,28,1461,26.7,551.9
1,1.3,R01,28,1461,26.8,552
1,1.3,R01,28,1461,26.9,552.2
1,1.3,R01,28,1461,27,552.4
1,1.3,R01,28,1461,27.1,552.6
1,1.3,R01,28,1461,27.2,552.7
1,1.3,R01,28,1461,27.3,552.7
1,1.3,R01,28,1461,27.4,552.7
1,1.3,R01,28,1461,27.5,552.7
1,1.3,R01,28,1461,27.6,552.7
1,1.3,R01,28,1461,27.7,552.7
1,1.3,R01,28,1461,27.8,552.7
1,1.3,R01,28,1462,0,0
1,1.3,R01,28,1462,0.1,0.6903
1,1.3,R01,28,1462,0.2,6
1,1.3,R01,28,1462,0.3,11.92
1,1.3,R01,28,1462,0.4,13.8
1,1.3,R01,28,1462,0.5,15.48
1,1.3,R01,28,1462,0.6,17.7
1,1.3,R01,28,1462,0.7,19.13
1,1.3,R01,28,1462,0.8,20.52
1,1.3,R01,28,1462,0.9,22.31
1,1.3,R01,28,1462,1,23.62
1,1.3,R01,28,1462,1.1,25.72
1,1.3,R01,28,1462,1.2,27.11
1,1.3,R01,28,1462,1.3,29.55
1,1.3,R01,28,1462,1.4,31.26
1,1.3,R01,28,1462,1.5,33.03
1,1.3,R01,28,1462,1.6,35.84
1,1.3,R01,28,1462,1.7,37.88
1,1.3,R01,28,1462,1.8,39.98
1,1.3,R01,28,1462,1.9,43.27
1,1.3,R01,28,1462,2,45.43
1,1.3,R01,28,1462,2.1,48.75
1,1.3,R01,28,1462,2.2,51.08
1,1.3,R01,28,1462,2.3,54.39
1,1.3,R01,28,1462,2.4,56.63
1,1.3,R01,28,1462,2.5,58.74
1,1.3,R01,28,1462,2.6,62
1,1.3,R01,28,1462,2.7,64
1,1.3,R01,28,1462,2.8,66.02
1,1.3,R01,28,1462,2.9,68.59
1,1.3,R01,28,1462,3,70.48
1,1.3,R01,28,1462,3.1,73.31
1,1.3,R01,28,1462,3.2,74.86
1,1.3,R01,28,1462,3.3,77.4
1,1.3,R01,28,1462,3.4,79.11
1,1.3,R01,28,1462,3.5,80.67
1,1.3,R01,28,1462,3.6,83.17
1,1.3,R01,28,1462,3.7,84.72
1,1.3,R01,28,1462,3.8,86.2
1,1.3,R01,28,1462,3.9,88.13
1,1.3,R01,28,1462,4,89.51
1,1.3,R01,28,1462,4.1,91.58
1,1.3,R01,28,1462,4.2,92.9
1,1.3,R01,28,1462,4.3,94.85
1,1.3,R01,28,1462,4.4,96.22
1,1.3,R01,28,1462,4.5,97.51
1,1.3,R01,28,1462,4.6,99.5
1,1.3,R01,28,1462,4.7,100.7
1,1.3,R01,28,1462,4.8,102
1,1.3,R01,28,1462,4.9,103.9
1,1.3,R01,28,1462,5,105.2
1,1.3,R01,28,1462,5.1,107.1
1,1.3,R01,28,1462,5.2,108.4
1,1.3,R01,28,1462,5.3,110.5
1,1.3,R01,28,1462,5.4,111.7
1,1.3,R01,28,1462,5.5,112.9
1,1.3,R01,28,1462,5.6,115.1
1,1.3,R01,28,1462,5.7,116.3
1,1.3,R01,28,1462,5.8,117.6
1,1.3,R01,28,1462,5.9,119.6
1,1.3,R01,28,1462,6,120.8
1,1.3,R01,28,1462,6.1,122.7
1,1.3,R01,28,1462,6.2,124.1
1,1.3,R01,28,1462,6.3,126.2
1,1.3,R01,28,1462,6.4,127.5
1,1.3,R01,28,1462,6.5,128.9
1,1.3,R01,28,1462,6.6,131
1,1.3,R01,28,1462,6.7,132.3
1,1.3,R01,28,1462,6.8,133.6
1,1.3,R01,28,1462,6.9,135.6
1,1.3,R01,28,1462,7,137
1,1.3,R01,28,1462,7.1,138.9
1,1.3,R01,28,1462,7.2,140.2
1,1.3,R01,28,1462,7.3,142.3
1,1.3,R01,28,1462,7.4,143.7
1,1.3,R01,28,1462,7.5,145.1
1,1.3,R01,28,1462,7.6,147.3
1,1.3,R01,28,1462,7.7,148.8
1,1.3,R01,28,1462,7.8,150.2
1,1.3,R01,28,1462,7.9,152.3
1,1.3,R01,28,1462,8,153.7
1,1.3,R01,28,1462,8.1,155.8
1,1.3,R01,28,1462,8.2,157.2
1,1.3,R01,28,1462,8.3,159.4
1,1.3,R01,28,1462,8.4,160.6
1,1.3,R01,28,1462,8.5,162.1
1,1.3,R01,28,1462,8.6,164.1
1,1.3,R01,28,1462,8.7,165.4
1,1.3,R01,28,1462,8.8,166.8
1,1.3,R01,28,1462,8.9,168.7
1,1.3,R01,28,1462,9,170
1,1.3,R01,28,1462,9.1,172.1
1,1.3,R01,28,1462,9.2,173.3
1,1.3,R01,28,1462,9.3,175.1
1,1.3,R01,28,1462,9.4,176.4
1,1.3,R01,28,1462,9.5,177.7
1,1.3,R01,28,1462,9.6,179.6
1,1.3,R01,28,1462,9.7,180.7
1,1.3,R01,28,1462,9.8,181.9
1,1.3,R01,28,1462,9.9,183.7
1,1.3,R01,28,1462,10,184.9
1,1.3,R01,28,1462,10.1,186.9
1,1.3,R01,28,1462,10.2,188.1
1,1.3,R01,28,1462,10.3,189.9
1,1.3,R01,28,1462,10.4,191.2
1,1.3,R01,28,1462,10.5,192.3
1,1.3,R01,28,1462,10.6,193.9
1,1.3,R01,28,1462,10.7,195.1
1,1.3,R01,28,1462,10.8,196.2
1,1.3,R01,28,1462,10.9,197.9
1,1.3,R01,28,1462,11,199
1,1.3,R01,28,1462,11.1,200.7
1,1.3,R01,28,1462,11.2,201.8
1,1.3,R01,28,1462,11.3,203.5
1,1.3,R01,28,1462,11.4,204.6
1,1.3,R01,28,1462,11.5,205.6
1,1.3,R01,28,1462,11.6,207.1
1,1.3,R01,28,1462,11.7,208.2
1,1.3,R01,28,1462,11.8,209.1
1,1.3,R01,28,1462,11.9,210.7
1,1.3,R01,28,1462,12,211.8
1,1.3,R01,28,1462,12.1,213.3
1,1.3,R01,28,1462,12.2,214.2
1,1.3,R01,28,1462,12.3,215.7
1,1.3,R01,28,1462,12.4,216.7
1,1.3,R01,28,1462,12.5,217.6
1,1.3,R01,28,1462,12.6,218.9
1,1.3,R01,28,1462,12.7,219.9
1,1.3,R01,28,1462,12.8,220.8
1,1.3,R01,28,1462,12.9,222.2
1,1.3,R01,28,1462,13,223.2
1,1.3,R01,28,1462,13.1,224.5
1,1.3,R01,28,1462,13.2,225.4
1,1.3,R01,28,1462,13.3,226.6
1,1.3,R01,28,1462,13.4,227.4
1,1.3,R01,28,1462,13.5,228.3
1,1.3,R01,28,1462,13.6,229.5
1,1.3,R01,28,1462,13.7,230.3
1,1.3,R01,28,1462,13.8,231.1
1,1.3,R01,28,1462,13.9,232.2
1,1.3,R01,28,1462,14,232.9
1,1.3,R01,28,1462,14.1,234
1,1.3,R01,28,1462,14.2,234.8
1,1.3,R01,28,1462,14.3,235.9
1,1.3,R01,28,1462,14.4,236.6
1,1.3,R01,28,1462,14.5,237.3
1,1.3,R01,28,1462,14.6,238.4
1,1.3,R01,28,1462,14.7,239.2
1,1.3,R01,28,1462,14.8,240
1,1.3,R01,28,1462,14.9,241
1,1.3,R01,28,1462,15,241.7
1,1.3,R01,28,1462,15.1,242.8
1,1.3,R01,28,1462,15.2,243.5
1,1.3,R01,28,1462,15.3,244.6
1,1.3,R01,28,1462,15.4,245.2
1,1.3,R01,28,1462,15.5,245.9
1,1.3,R01,28,1462,15.6,246.9
1,1.3,R01,28,1462,15.7,247.5
1,1.3,R01,28,1462,15.8,248.2
1,1.3,R01,28,1462,15.9,249.2
1,1.3,R01,28,1462,16,249.9
1,1.3,R01,28,1462,16.1,250.9
1,1.3,R01,28,1462,16.2,251.6
1,1.3,R01,28,1462,16.3,252.5
1,1.3,R01,28,1462,16.4,253.1
1,1.3,R01,28,1462,16.5,253.7
1,1.3,R01,28,1462,16.6,254.5
1,1.3,R01,28,1462,16.7,255.1
1,1.3,R01,28,1462,16.8,255.6
1,1.3,R01,28,1462,16.9,256.3
1,1.3,R01,28,1462,17,256.7
1,1.3,R01,28,1462,17.1,257.7
1,1.3,R01,28,1462,17.2,258.3
1,1.3,R01,28,1462,17.3,259.1
1,1.3,R01,28,1462,17.4,259.6
1,1.3,R01,28,1462,17.5,260.1
1,1.3,R01,28,1462,17.6,260.9
1,1.3,R01,28,1462,17.7,261.5
1,1.3,R01,28,1462,17.8,262
1,1.3,R01,28,1462,17.9,262.7
1,1.3,R01,28,1462,18,263.3
1,1.3,R01,28,1462,18.1,264.1
1,1.3,R01,28,1462,18.2,264.7
1,1.3,R01,28,1462,18.3,265.4
1,1.3,R01,28,1462,18.4,266
1,1.3,R01,28,1462,18.5,266.5
1,1.3,R01,28,1462,18.6,267.3
1,1.3,R01,28,1462,18.7,267.8
1,1.3,R01,28,1462,18.8,268.3
1,1.3,R01,28,1462,18.9,269.1
1,1.3,R01,28,1462,19,269.6
1,1.3,R01,28,1462,19.1,270.3
1,1.3,R01,28,1462,19.2,270.7
1,1.3,R01,28,1462,19.3,271.4
1,1.3,R01,28,1462,19.4,271.8
1,1.3,R01,28,1462,19.5,272.2
1,1.3,R01,28,1462,19.6,272.8
1,1.3,R01,28,1462,19.7,273.2
1,1.3,R01,28,1462,19.8,273.6
1,1.3,R01,28,1462,19.9,274.1
1,1.3,R01,28,1462,20,274.5
1,1.3,R01,28,1462,20.1,275.1
1,1.3,R01,28,1462,20.2,275.4
1,1.3,R01,28,1462,20.3,276
1,1.3,R01,28,1462,20.4,276.4
1,1.3,R01,28,1462,20.5,276.7
1,1.3,R01,28,1462,20.6,277.3
1,1.3,R01,28,1462,20.7,277.6
1,1.3,R01,28,1462,20.8,278
1,1.3,R01,28,1462,20.9,278.6
1,1.3,R01,28,1462,21,279
1,1.3,R01,28,1462,21.1,279.6
1,1.3,R01,28,1462,21.2,280
1,1.3,R01,28,1462,21.3,280.5
1,1.3,R01,28,1462,21.4,280.9
1,1.3,R01,28,1462,21.5,281.2
1,1.3,R01,28,1462,21.6,281.8
1,1.3,R01,28,1462,21.7,282.2
1,1.3,R01,28,1462,21.8,282.6
1,1.3,R01,28,1462,21.9,283.1
1,1.3,R01,28,1462,22,283.4
1,1.3,R01,28,1462,22.1,283.9
1,1.3,R01,28,1462,22.2,284.3
1,1.3,R01,28,1462,22.3,284.8
1,1.3,R01,28,1462,22.4,285.1
1,1.3,R01,28,1462,22.5,285.4
1,1.3,R01,28,1462,22.6,285.9
1,1.3,R01,28,1462,22.7,286.2
1,1.3,R01,28,1462,22.8,286.6
1,1.3,R01,28,1462,22.9,287.2
1,1.3,R01,28,1462,23,287.6
1,1.3,R01,28,1462,23.1,288.1
1,1.3,R01,28,1462,23.2,288.4
1,1.3,R01,28,1462,23.3,288.8
1,1.3,R01,28,1462,23.4,289.1
1,1.3,R01,28,1462,23.5,289.4
1,1.3,R01,28,1462,23.6,289.9
1,1.3,R01,28,1462,23.7,290.2
1,1.3,R01,28,1462,23.8,290.5
1,1.3,R01,28,1462,23.9,291
1,1.3,R01,28,1462,24,291.3
1,1.3,R01,28,1462,24.1,291.7
1,1.3,R01,28,1462,24.2,291.9
1,1.3,R01,28,1462,24.3,292.3
1,1.3,R01,28,1462,24.4,292.5
1,1.3,R01,28,1462,24.5,292.9
1,1.3,R01,28,1462,24.6,293.3
1,1.3,R01,28,1462,24.7,293.7
1,1.3,R01,28,1462,24.8,294
1,1.3,R01,28,1462,24.9,294.5
1,1.3,R01,28,1462,25,294.8
1,1.3,R01,28,1462,25.1,295.3
1,1.3,R01,28,1462,25.2,295.6
1,1.3,R01,28,1462,25.3,296
1,1.3,R01,28,1462,25.4,296.3
1,1.3,R01,28,1462,25.5,296.5
1,1.3,R01,28,1462,25.6,297
1,1.3,R01,28,1462,25.7,297.4
1,1.3,R01,28,1462,25.8,297.7
1,1.3,R01,28,1462,25.9,298.3
1,1.3,R01,28,1462,26,298.6
1,1.3,R01,28,1462,26.1,299.1
1,1.3,R01,28,1462,26.2,299.4
1,1.3,R01,28,1462,26.3,299.8
1,1.3,R01,28,1462,26.4,300.1
1,1.3,R01,28,1462,26.5,300.4
1,1.3,R01,28,1462,26.6,300.8
1,1.3,R01,28,1462,26.7,301.1
1,1.3,R01,28,1462,26.8,301.4
1,1.3,R01,28,1462,26.9,301.9
1,1.3,R01,28,1462,27,302.2
1,1.3,R01,28,1462,27.1,302.6
1,1.3,R01,28,1462,27.2,302.9
1,1.3,R01,28,1462,27.3,303.3
1,1.3,R01,28,1462,27.4,303.6
1,1.3,R01,28,1462,27.5,303.9
1,1.3,R01,28,1462,27.6,304.3
1,1.3,R01,28,1462,27.7,304.5
1,1.3,R01,28,1462,27.8,304.8
1,1.3,R01,28,1463,0,0
1,1.3,R01,28,1463,0.1,3.911
1,1.3,R01,28,1463,0.2,12.49
1,1.3,R01,28,1463,0.3,25.65
1,1.3,R01,28,1463,0.4,36.02
1,1.3,R01,28,1463,0.5,47.72
1,1.3,R01,28,1463,0.6,66.84
1,1.3,R01,28,1463,0.7,78.3
1,1.3,R01,28,1463,0.8,89.5
1,1.3,R01,28,1463,0.9,105.4
1,1.3,R01,28,1463,1,115.7
1,1.3,R01,28,1463,1.1,131.7
1,1.3,R01,28,1463,1.2,142.6
1,1.3,R01,28,1463,1.3,159.5
1,1.3,R01,28,1463,1.4,171
1,1.3,R01,28,1463,1.5,182.1
1,1.3,R01,28,1463,1.6,197.6
1,1.3,R01,28,1463,1.7,205.3
1,1.3,R01,28,1463,1.8,212.8
1,1.3,R01,28,1463,1.9,221.6
1,1.3,R01,28,1463,2,225
1,1.3,R01,28,1463,2.1,229.7
1,1.3,R01,28,1463,2.2,232.7
1,1.3,R01,28,1463,2.3,237.1
1,1.3,R01,28,1463,2.4,239.8
1,1.3,R01,28,1463,2.5,242.5
1,1.3,R01,28,1463,2.6,246
1,1.3,R01,28,1463,2.7,248.1
1,1.3,R01,28,1463,2.8,250
1,1.3,R01,28,1463,2.9,252.4
1,1.3,R01,28,1463,3,254.2
1,1.3,R01,28,1463,3.1,257
1,1.3,R01,28,1463,3.2,258.5
1,1.3,R01,28,1463,3.3,260.8
1,1.3,R01,28,1463,3.4,262.4
1,1.3,R01,28,1463,3.5,263.9
1,1.3,R01,28,1463,3.6,266.3
1,1.3,R01,28,1463,3.7,267.7
1,1.3,R01,28,1463,3.8,269.1
1,1.3,R01,28,1463,3.9,270.6
1,1.3,R01,28,1463,4,271.7
1,1.3,R01,28,1463,4.1,273.2
1,1.3,R01,28,1463,4.2,274.3
1,1.3,R01,28,1463,4.3,275.8
1,1.3,R01,28,1463,4.4,276.9
1,1.3,R01,28,1463,4.5,277.9
1,1.3,R01,28,1463,4.6,279.5
1,1.3,R01,28,1463,4.7,280.5
1,1.3,R01,28,1463,4.8,281.4
1,1.3,R01,28,1463,4.9,282.8
1,1.3,R01,28,1463,5,283.8
1,1.3,R01,28,1463,5.1,285.4
1,1.3,R01,28,1463,5.2,286.5
1,1.3,R01,28,1463,5.3,287.9
1,1.3,R01,28,1463,5.4,288.9
1,1.3,R01,28,1463,5.5,289.9
1,1.3,R01,28,1463,5.6,291.3
1,1.3,R01,28,1463,5.7,292.4
1,1.3,R01,28,1463,5.8,293.3
1,1.3,R01,28,1463,5.9,294.5
1,1.3,R01,28,1463,6,295.3
1,1.3,R01,28,1463,6.1,296.7
1,1.3,R01,28,1463,6.2,297.6
1,1.3,R01,28,1463,6.3,299
1,1.3,R01,28,1463,6.4,299.9
1,1.3,R01,28,1463,6.5,300.8
1,1.3,R01,28,1463,6.6,302.1
1,1.3,R01,28,1463,6.7,303.1
1,1.3,R01,28,1463,6.8,303.8
1,1.3,R01,28,1463,6.9,304.9
1,1.3,R01,28,1463,7,305.6
1,1.3,R01,28,1463,7.1,306.9
1,1.3,R01,28,1463,7.2,307.8
1,1.3,R01,28,1463,7.3,309.1
1,1.3,R01,28,1463,7.4,309.8
1,1.3,R01,28,1463,7.5,310.6
1,1.3,R01,28,1463,7.6,311.8
1,1.3,R01,28,1463,7.7,312.6
1,1.3,R01,28,1463,7.8,313.5
1,1.3,R01,28,1463,7.9,314.7
1,1.3,R01,28,1463,8,315.5
1,1.3,R01,28,1463,8.1,316.5
1,1.3,R01,28,1463,8.2,317.3
1,1.3,R01,28,1463,8.3,318.5
1,1.3,R01,28,1463,8.4,319.3
1,1.3,R01,28,1463,8.5,320
1,1.3,R01,28,1463,8.6,321
1,1.3,R01,28,1463,8.7,321.8
1,1.3,R01,28,1463,8.8,322.5
1,1.3,R01,28,1463,8.9,323.4
1,1.3,R01,28,1463,9,324
1,1.3,R01,28,1463,9.1,324.9
1,1.3,R01,28,1463,9.2,325.5
1,1.3,R01,28,1463,9.3,326.3
1,1.3,R01,28,1463,9.4,326.8
1,1.3,R01,28,1463,9.5,327.4
1,1.3,R01,28,1463,9.6,328.1
1,1.3,R01,28,1463,9.7,328.6
1,1.3,R01,28,1463,9.8,329.1
1,1.3,R01,28,1463,9.9,329.7
1,1.3,R01,28,1463,10,330.3
1,1.3,R01,28,1463,10.1,331.3
1,1.3,R01,28,1463,10.2,331.8
1,1.3,R01,28,1463,10.3,332.5
1,1.3,R01,28,1463,10.4,333
1,1.3,R01,28,1463,10.5,333.4
1,1.3,R01,28,1463,10.6,334.1
1,1.3,R01,28,1463,10.7,334.6
1,1.3,R01,28,1463,10.8,335
1,1.3,R01,28,1463,10.9,335.7
1,1.3,R01,28,1463,11,336.1
1,1.3,R01,28,1463,11.1,336.8
1,1.3,R01,28,1463,11.2,337.3
1,1.3,R01,28,1463,11.3,337.9
1,1.3,R01,28,1463,11.4,338.3
1,1.3,R01,28,1463,11.5,338.6
1,1.3,R01,28,1463,11.6,339.2
1,1.3,R01,28,1463,11.7,339.5
1,1.3,R01,28,1463,11.8,339.9
1,1.3,R01,28,1463,11.9,340.5
1,1.3,R01,28,1463,12,340.9
1,1.3,R01,28,1463,12.1,341.4
1,1.3,R01,28,1463,12.2,341.7
1,1.3,R01,28,1463,12.3,342.2
1,1.3,R01,28,1463,12.4,342.5
1,1.3,R01,28,1463,12.5,342.9
1,1.3,R01,28,1463,12.6,343.4
1,1.3,R01,28,1463,12.7,343.7
1,1.3,R01,28,1463,12.8,344
1,1.3,R01,28,1463,12.9,344.5
1,1.3,R01,28,1463,13,344.8
1,1.3,R01,28,1463,13.1,345.2
1,1.3,R01,28,1463,13.2,345.5
1,1.3,R01,28,1463,13.3,345.9
1,1.3,R01,28,1463,13.4,346.2
1,1.3,R01,28,1463,13.5,346.4
1,1.3,R01,28,1463,13.6,346.8
1,1.3,R01,28,1463,13.7,347
1,1.3,R01,28,1463,13.8,347.2
1,1.3,R01,28,1463,13.9,347.5
1,1.3,R01,28,1463,14,347.8
1,1.3,R01,28,1463,14.1,348.1
1,1.3,R01,28,1463,14.2,348.3
1,1.3,R01,28,1463,14.3,348.7
1,1.3,R01,28,1463,14.4,348.9
1,1.3,R01,28,1463,14.5,349.1
1,1.3,R01,28,1463,14.6,349.4
1,1.3,R01,28,1463,14.7,349.6
1,1.3,R01,28,1463,14.8,349.8
1,1.3,R01,28,1463,14.9,350.1
1,1.3,R01,28,1463,15,350.3
1,1.3,R01,28,1463,15.1,350.6
1,1.3,R01,28,1463,15.2,350.8
1,1.3,R01,28,1463,15.3,351.1
1,1.3,R01,28,1463,15.4,351.3
1,1.3,R01,28,1463,15.5,351.5
1,1.3,R01,28,1463,15.6,351.8
1,1.3,R01,28,1463,15.7,352
1,1.3,R01,28,1463,15.8,352.2
1,1.3,R01,28,1463,15.9,352.5
1,1.3,R01,28,1463,16,352.7
1,1.3,R01,28,1463,16.1,353
1,1.3,R01,28,1463,16.2,353.2
1,1.3,R01,28,1463,16.3,353.5
1,1.3,R01,28,1463,16.4,353.7
1,1.3,R01,28,1463,16.5,353.9
1,1.3,R01,28,1463,16.6,354.2
1,1.3,R01,28,1463,16.7,354.3
1,1.3,R01,28,1463,16.8,354.5
1,1.3,R01,28,1463,16.9,354.7
1,1.3,R01,28,1463,17,354.8
1,1.3,R01,28,1463,17.1,355
1,1.3,R01,28,1463,17.2,355.1
1,1.3,R01,28,1463,17.3,355.3
1,1.3,R01,28,1463,17.4,355.4
1,1.3,R01,28,1463,17.5,355.5
1,1.3,R01,28,1463,17.6,355.7
1,1.3,R01,28,1463,17.7,355.9
1,1.3,R01,28,1463,17.8,356
1,1.3,R01,28,1463,17.9,356.3
1,1.3,R01,28,1463,18,356.4
1,1.3,R01,28,1463,18.1,356.7
1,1.3,R01,28,1463,18.2,356.9
1,1.3,R01,28,1463,18.3,357.1
1,1.3,R01,28,1463,18.4,357.3
1,1.3,R01,28,1463,18.5,357.5
1,1.3,R01,28,1463,18.6,357.7
1,1.3,R01,28,1463,18.7,357.9
1,1.3,R01,28,1463,18.8,358
1,1.3,R01,28,1463,18.9,358.3
1,1.3,R01,28,1463,19,358.4
1,1.3,R01,28,1463,19.1,358.6
1,1.3,R01,28,1463,19.2,358.8
1,1.3,R01,28,1463,19.3,359
1,1.3,R01,28,1463,19.4,359.2
1,1.3,R01,28,1463,19.5,359.3
1,1.3,R01,28,1463,19.6,359.4
1,1.3,R01,28,1463,19.7,359.5
1,1.3,R01,28,1463,19.8,359.6
1,1.3,R01,28,1463,19.9,359.7
1,1.3,R01,28,1463,20,359.7
1,1.3,R01,28,1463,20.1,359.9
1,1.3,R01,28,1463,20.2,359.9
1,1.3,R01,28,1463,20.3,360
1,1.3,R01,28,1463,20.4,360.1
1,1.3,R01,28,1463,20.5,360.2
1,1.3,R01,28,1463,20.6,360.3
1,1.3,R01,28,1463,20.7,360.4
1,1.3,R01,28,1463,20.8,360.6
1,1.3,R01,28,1463,20.9,360.7
1,1.3,R01,28,1463,21,360.8
1,1.3,R01,28,1463,21.1,361
1,1.3,R01,28,1463,21.2,361.1
1,1.3,R01,28,1463,21.3,361.3
1,1.3,R01,28,1463,21.4,361.4
1,1.3,R01,28,1463,21.5,361.4
1,1.3,R01,28,1463,21.6,361.6
1,1.3,R01,28,1463,21.7,361.7
1,1.3,R01,28,1463,21.8,361.7
1,1.3,R01,28,1463,21.9,361.9
1,1.3,R01,28,1463,22,362
1,1.3,R01,28,1463,22.1,362.1
1,1.3,R01,28,1463,22.2,362.2
1,1.3,R01,28,1463,22.3,362.3
1,1.3,R01,28,1463,22.4,362.4
1,1.3,R01,28,1463,22.5,362.5
1,1.3,R01,28,1463,22.6,362.6
1,1.3,R01,28,1463,22.7,362.7
1,1.3,R01,28,1463,22.8,362.8
1,1.3,R01,28,1463,22.9,362.9
1,1.3,R01,28,1463,23,363
1,1.3,R01,28,1463,23.1,363.1
1,1.3,R01,28,1463,23.2,363.2
1,1.3,R01,28,1463,23.3,363.3
1,1.3,R01,28,1463,23.4,363.3
1,1.3,R01,28,1463,23.5,363.4
1,1.3,R01,28,1463,23.6,363.6
1,1.3,R01,28,1463,23.7,363.6
1,1.3,R01,28,1463,23.8,363.7
1,1.3,R01,28,1463,23.9,363.9
1,1.3,R01,28,1463,24,363.9
1,1.3,R01,28,1463,24.1,364.1
1,1.3,R01,28,1463,24.2,364.1
1,1.3,R01,28,1463,24.3,364.2
1,1.3,R01,28,1463,24.4,364.3
1,1.3,R01,28,1463,24.5,364.4
1,1.3,R01,28,1463,24.6,364.5
1,1.3,R01,28,1463,24.7,364.5
1,1.3,R01,28,1463,24.8,364.6
1,1.3,R01,28,1463,24.9,364.7
1,1.3,R01,28,1463,25,364.8
1,1.3,R01,28,1463,25.1,364.9
1,1.3,R01,28,1463,25.2,364.9
1,1.3,R01,28,1463,25.3,365
1,1.3,R01,28,1463,25.4,365.1
1,1.3,R01,28,1463,25.5,365.2
1,1.3,R01,28,1463,25.6,365.3
1,1.3,R01,28,1463,25.7,365.4
1,1.3,R01,28,1463,25.8,365.5
1,1.3,R01,28,1463,25.9,365.7
1,1.3,R01,28,1463,26,365.9
1,1.3,R01,28,1463,26.1,366
1,1.3,R01,28,1463,26.2,366
1,1.3,R01,28,1463,26.3,366
1,1.3,R01,28,1463,26.4,366
1,1.3,R01,28,1463,26.5,366
1,1.3,R01,28,1463,26.6,366
1,1.3,R01,28,1463,26.7,366
1,1.3,R01,28,1463,26.8,366
1,1.3,R01,28,1463,26.9,366
1,1.3,R01,28,1463,27,366
1,1.3,R01,28,1463,27.1,366
1,1.3,R01,28,1463,27.2,366
1,1.3,R01,28,1463,27.3,366
1,1.3,R01,28,1463,27.4,366
1,1.3,R01,28,1463,27.5,366
1,1.3,R01,28,1463,27.6,366
1,1.3,R01,28,1463,27.7,366
1,1.3,R01,28,1463,27.8,366
1,1.3,R01,28,1464,0,0
1,1.3,R01,28,1464,0.1,0.5786
1,1.3,R01,28,1464,0.2,0.9173
1,1.3,R01,28,1464,0.3,2.86
1,1.3,R01,28,1464,0.4,4.019
1,1.3,R01,28,1464,0.5,5.896
1,1.3,R01,28,1464,0.6,10.62
1,1.3,R01,28,1464,0.7,15.36
1,1.3,R01,28,1464,0.8,22.38
1,1.3,R01,28,1464,0.9,35.75
1,1.3,R01,28,1464,1,46.65
1,1.3,R01,28,1464,1.1,63.66
1,1.3,R01,28,1464,1.2,75.58
1,1.3,R01,28,1464,1.3,93.39
1,1.3,R01,28,1464,1.4,105.7
1,1.3,R01,28,1464,1.5,118.1
1,1.3,R01,28,1464,1.6,137.2
1,1.3,R01,28,1464,1.7,150.1
1,1.3,R01,28,1464,1.8,163.4
1,1.3,R01,28,1464,1.9,183.3
1,1.3,R01,28,1464,2,196.4
1,1.3,R01,28,1464,2.1,216.8
1,1.3,R01,28,1464,2.2,230.2
1,1.3,R01,28,1464,2.3,249.8
1,1.3,R01,28,1464,2.4,261.8
1,1.3,R01,28,1464,2.5,271.1
1,1.3,R01,28,1464,2.6,283.4
1,1.3,R01,28,1464,2.7,290.7
1,1.3,R01,28,1464,2.8,297.5
1,1.3,R01,28,1464,2.9,306.5
1,1.3,R01,28,1464,3,312.6
1,1.3,R01,28,1464,3.1,320.2
1,1.3,R01,28,1464,3.2,324.7
1,1.3,R01,28,1464,3.3,331
1,1.3,R01,28,1464,3.4,334.4
1,1.3,R01,28,1464,3.5,337.7
1,1.3,R01,28,1464,3.6,342
1,1.3,R01,28,1464,3.7,344.7
1,1.3,R01,28,1464,3.8,347.3
1,1.3,R01,28,1464,3.9,350.4
1,1.3,R01,28,1464,4,352
1,1.3,R01,28,1464,4.1,355
1,1.3,R01,28,1464,4.2,356.5
1,1.3,R01,28,1464,4.3,358.7
1,1.3,R01,28,1464,4.4,360.1
1,1.3,R01,28,1464,4.5,361.4
1,1.3,R01,28,1464,4.6,363.2
1,1.3,R01,28,1464,4.7,364.2
1,1.3,R01,28,1464,4.8,365
1,1.3,R01,28,1464,4.9,366.5
1,1.3,R01,28,1464,5,367.3
1,1.3,R01,28,1464,5.1,368.5
1,1.3,R01,28,1464,5.2,369.3
1,1.3,R01,28,1464,5.3,370.2
1,1.3,R01,28,1464,5.4,370.8
1,1.3,R01,28,1464,5.5,371.3
1,1.3,R01,28,1464,5.6,372.1
1,1.3,R01,28,1464,5.7,372.6
1,1.3,R01,28,1464,5.8,373.2
1,1.3,R01,28,1464,5.9,373.9
1,1.3,R01,28,1464,6,374.3
1,1.3,R01,28,1464,6.1,374.9
1,1.3,R01,28,1464,6.2,375.2
1,1.3,R01,28,1464,6.3,375.7
1,1.3,R01,28,1464,6.4,376.1
1,1.3,R01,28,1464,6.5,376.5
1,1.3,R01,28,1464,6.6,377
1,1.3,R01,28,1464,6.7,377.3
1,1.3,R01,28,1464,6.8,377.5
1,1.3,R01,28,1464,6.9,377.9
1,1.3,R01,28,1464,7,378.2
1,1.3,R01,28,1464,7.1,378.5
1,1.3,R01,28,1464,7.2,378.7
1,1.3,R01,28,1464,7.3,379.1
1,1.3,R01,28,1464,7.4,379.3
1,1.3,R01,28,1464,7.5,379.6
1,1.3,R01,28,1464,7.6,380.1
1,1.3,R01,28,1464,7.7,380.4
1,1.3,R01,28,1464,7.8,380.6
1,1.3,R01,28,1464,7.9,381
1,1.3,R01,28,1464,8,381.2
1,1.3,R01,28,1464,8.1,381.6
1,1.3,R01,28,1464,8.2,381.8
1,1.3,R01,28,1464,8.3,382.2
1,1.3,R01,28,1464,8.4,382.4
1,1.3,R01,28,1464,8.5,382.5
1,1.3,R01,28,1464,8.6,382.8
1,1.3,R01,28,1464,8.7,382.9
1,1.3,R01,28,1464,8.8,383.1
1,1.3,R01,28,1464,8.9,383.3
1,1.3,R01,28,1464,9,383.5
1,1.3,R01,28,1464,9.1,383.7
1,1.3,R01,28,1464,9.2,383.8
1,1.3,R01,28,1464,9.3,383.9
1,1.3,R01,28,1464,9.4,384
1,1.3,R01,28,1464,9.5,384.2
1,1.3,R01,28,1464,9.6,384.4
1,1.3,R01,28,1464,9.7,384.5
1,1.3,R01,28,1464,9.8,384.7
1,1.3,R01,28,1464,9.9,384.9
1,1.3,R01,28,1464,10,385
1,1.3,R01,28,1464,10.1,385.2
1,1.3,R01,28,1464,10.2,385.4
1,1.3,R01,28,1464,10.3,385.6
1,1.3,R01,28,1464,10.4,385.7
1,1.3,R01,28,1464,10.5,385.8
1,1.3,R01,28,1464,10.6,386
1,1.3,R01,28,1464,10.7,386.1
1,1.3,R01,28,1464,10.8,386.3
1,1.3,R01,28,1464,10.9,386.5
1,1.3,R01,28,1464,11,386.6
1,1.3,R01,28,1464,11.1,386.8
1,1.3,R01,28,1464,11.2,386.9
1,1.3,R01,28,1464,11.3,387.1
1,1.3,R01,28,1464,11.4,387.3
1,1.3,R01,28,1464,11.5,387.4
1,1.3,R01,28,1464,11.6,387.6
1,1.3,R01,28,1464,11.7,387.7
1,1.3,R01,28,1464,11.8,387.8
1,1.3,R01,28,1464,11.9,388
1,1.3,R01,28,1464,12,388.1
1,1.3,R01,28,1464,12.1,388.3
1,1.3,R01,28,1464,12.2,388.4
1,1.3,R01,28,1464,12.3,388.6
1,1.3,R01,28,1464,12.4,388.6
1,1.3,R01,28,1464,12.5,388.7
1,1.3,R01,28,1464,12.6,388.9
1,1.3,R01,28,1464,12.7,389
1,1.3,R01,28,1464,12.8,389.1
1,1.3,R01,28,1464,12.9,389.3
1,1.3,R01,28,1464,13,389.4
1,1.3,R01,28,1464,13.1,389.6
1,1.3,R01,28,1464,13.2,389.7
1,1.3,R01,28,1464,13.3,389.8
1,1.3,R01,28,1464,13.4,389.9
1,1.3,R01,28,1464,13.5,389.9
1,1.3,R01,28,1464,13.6,390
1,1.3,R01,28,1464,13.7,390.1
1,1.3,R01,28,1464,13.8,390.1
1,1.3,R01,28,1464,13.9,390.2
1,1.3,R01,28,1464,14,390.3
1,1.3,R01,28,1464,14.1,390.4
1,1.3,R01,28,1464,14.2,390.5
1,1.3,R01,28,1464,14.3,390.6
1,1.3,R01,28,1464,14.4,390.7
1,1.3,R01,28,1464,14.5,390.8
1,1.3,R01,28,1464,14.6,391
1,1.3,R01,28,1464,14.7,391
1,1.3,R01,28,1464,14.8,391.1
1,1.3,R01,28,1464,14.9,391.2
1,1.3,R01,28,1464,15,391.3
1,1.3,R01,28,1464,15.1,391.4
1,1.3,R01,28,1464,15.2,391.5
1,1.3,R01,28,1464,15.3,391.6
1,1.3,R01,28,1464,15.4,391.7
1,1.3,R01,28,1464,15.5,391.8
1,1.3,R01,28,1464,15.6,391.9
1,1.3,R01,28,1464,15.7,392
1,1.3,R01,28,1464,15.8,392.1
1,1.3,R01,28,1464,15.9,392.2
1,1.3,R01,28,1464,16,392.3
1,1.3,R01,28,1464,16.1,392.5
1,1.3,R01,28,1464,16.2,392.6
1,1.3,R01,28,1464,16.3,392.7
1,1.3,R01,28,1464,16.4,392.8
1,1.3,R01,28,1464,16.5,392.9
1,1.3,R01,28,1464,16.6,392.9
1,1.3,R01,28,1464,16.7,393
1,1.3,R01,28,1464,16.8,393
1,1.3,R01,28,1464,16.9,393.1
1,1.3,R01,28,1464,17,393.2
1,1.3,R01,28,1464,17.1,393.3
1,1.3,R01,28,1464,17.2,393.3
1,1.3,R01,28,1464,17.3,393.4
1,1.3,R01,28,1464,17.4,393.4
1,1.3,R01,28,1464,17.5,393.5
1,1.3,R01,28,1464,17.6,393.6
1,1.3,R01,28,1464,17.7,393.6
1,1.3,R01,28,1464,17.8,393.7
1,1.3,R01,28,1464,17.9,393.8
1,1.3,R01,28,1464,18,393.9
1,1.3,R01,28,1464,18.1,394.1
1,1.3,R01,28,1464,18.2,394.2
1,1.3,R01,28,1464,18.3,394.4
1,1.3,R01,28,1464,18.4,394.5
1,1.3,R01,28,1464,18.5,394.6
1,1.3,R01,28,1464,18.6,394.7
1,1.3,R01,28,1464,18.7,394.8
1,1.3,R01,28,1464,18.8,394.9
1,1.3,R01,28,1464,18.9,395
1,1.3,R01,28,1464,19,395.1
1,1.3,R01,28,1464,19.1,395.2
1,1.3,R01,28,1464,19.2,395.3
1,1.3,R01,28,1464,19.3,395.4
1,1.3,R01,28,1464,19.4,395.4
1,1.3,R01,28,1464,19.5,395.5
1,1.3,R01,28,1464,19.6,395.6
1,1.3,R01,28,1464,19.7,395.6
1,1.3,R01,28,1464,19.8,395.7
1,1.3,R01,28,1464,19.9,395.7
1,1.3,R01,28,1464,20,395.7
1,1.3,R01,28,1464,20.1,395.8
1,1.3,R01,28,1464,20.2,395.8
1,1.3,R01,28,1464,20.3,395.8
1,1.3,R01,28,1464,20.4,395.9
1,1.3,R01,28,1464,20.5,395.9
1,1.3,R01,28,1464,20.6,396
1,1.3,R01,28,1464,20.7,396
1,1.3,R01,28,1464,20.8,396.1
1,1.3,R01,28,1464,20.9,396.2
1,1.3,R01,28,1464,21,396.2
1,1.3,R01,28,1464,21.1,396.3
1,1.3,R01,28,1464,21.2,396.3
1,1.3,R01,28,1464,21.3,396.4
1,1.3,R01,28,1464,21.4,396.5
1,1.3,R01,28,1464,21.5,396.5
1,1.3,R01,28,1464,21.6,396.6
1,1.3,R01,28,1464,21.7,396.7
1,1.3,R01,28,1464,21.8,396.7
1,1.3,R01,28,1464,21.9,396.8
1,1.3,R01,28,1464,22,396.8
1,1.3,R01,28,1464,22.1,396.9
1,1.3,R01,28,1464,22.2,397
1,1.3,R01,28,1464,22.3,397.1
1,1.3,R01,28,1464,22.4,397.1
1,1.3,R01,28,1464,22.5,397.1
1,1.3,R01,28,1464,22.6,397.2
1,1.3,R01,28,1464,22.7,397.3
1,1.3,R01,28,1464,22.8,397.3
1,1.3,R01,28,1464,22.9,397.4
1,1.3,R01,28,1464,23,397.4
1,1.3,R01,28,1464,23.1,397.4
1,1.3,R01,28,1464,23.2,397.5
1,1.3,R01,28,1464,23.3,397.5
1,1.3,R01,28,1464,23.4,397.5
1,1.3,R01,28,1464,23.5,397.5
1,1.3,R01,28,1464,23.6,397.6
1,1.3,R01,28,1464,23.7,397.7
1,1.3,R01,28,1464,23.8,397.7
1,1.3,R01,28,1464,23.9,397.8
1,1.3,R01,28,1464,24,397.9
1,1.3,R01,28,1464,24.1,397.9
1,1.3,R01,28,1464,24.2,398
1,1.3,R01,28,1464,24.3,398.1
1,1.3,R01,28,1464,24.4,398.1
1,1.3,R01,28,1464,24.5,398.1
1,1.3,R01,28,1464,24.6,398.2
1,1.3,R01,28,1464,24.7,398.3
1,1.3,R01,28,1464,24.8,398.3
1,1.3,R01,28,1464,24.9,398.4
1,1.3,R01,28,1464,25,398.4
1,1.3,R01,28,1464,25.1,398.5
1,1.3,R01,28,1464,25.2,398.5
1,1.3,R01,28,1464,25.3,398.6
1,1.3,R01,28,1464,25.4,398.6
1,1.3,R01,28,1464,25.5,398.7
1,1.3,R01,28,1464,25.6,398.8
1,1.3,R01,28,1464,25.7,398.8
1,1.3,R01,28,1464,25.8,398.8
1,1.3,R01,28,1464,25.9,398.7
1,1.3,R01,28,1464,26,398.7
1,1.3,R01,28,1464,26.1,398.6
1,1.3,R01,28,1464,26.2,398.6
1,1.3,R01,28,1464,26.3,398.6
1,1.3,R01,28,1464,26.4,398.6
1,1.3,R01,28,1464,26.5,398.6
1,1.3,R01,28,1464,26.6,398.6
1,1.3,R01,28,1464,26.7,398.6
1,1.3,R01,28,1464,26.8,398.6
1,1.3,R01,28,1464,26.9,398.6
1,1.3,R01,28,1464,27,398.6
1,1.3,R01,28,1464,27.1,398.6
1,1.3,R01,28,1464,27.2,398.6
1,1.3,R01,28,1464,27.3,398.6
1,1.3,R01,28,1464,27.4,398.6
1,1.3,R01,28,1464,27.5,398.6
1,1.3,R01,28,1464,27.6,398.6
1,1.3,R01,28,1464,27.7,398.6
1,1.3,R01,28,1464,27.8,398.6
1,1.3,R01,28,1466,0,0
1,1.3,R01,28,1466,0.1,2.596
1,1.3,R01,28,1466,0.2,8.51
1,1.3,R01,28,1466,0.3,15.28
1,1.3,R01,28,1466,0.4,17.41
1,1.3,R01,28,1466,0.5,18.86
1,1.3,R01,28,1466,0.6,21.05
1,1.3,R01,28,1466,0.7,22.71
1,1.3,R01,28,1466,0.8,24.05
1,1.3,R01,28,1466,0.9,26.07
1,1.3,R01,28,1466,1,27.46
1,1.3,R01,28,1466,1.1,29.74
1,1.3,R01,28,1466,1.2,31.52
1,1.3,R01,28,1466,1.3,34.24
1,1.3,R01,28,1466,1.4,36.21
1,1.3,R01,28,1466,1.5,38.23
1,1.3,R01,28,1466,1.6,41.48
1,1.3,R01,28,1466,1.7,43.86
1,1.3,R01,28,1466,1.8,46.25
1,1.3,R01,28,1466,1.9,49.86
1,1.3,R01,28,1466,2,52.34
1,1.3,R01,28,1466,2.1,55.87
1,1.3,R01,28,1466,2.2,58.15
1,1.3,R01,28,1466,2.3,61.66
1,1.3,R01,28,1466,2.4,63.88
1,1.3,R01,28,1466,2.5,66.14
1,1.3,R01,28,1466,2.6,69.46
1,1.3,R01,28,1466,2.7,71.41
1,1.3,R01,28,1466,2.8,73.38
1,1.3,R01,28,1466,2.9,76.16
1,1.3,R01,28,1466,3,78.03
1,1.3,R01,28,1466,3.1,80.91
1,1.3,R01,28,1466,3.2,82.4
1,1.3,R01,28,1466,3.3,84.85
1,1.3,R01,28,1466,3.4,86.66
1,1.3,R01,28,1466,3.5,88.15
1,1.3,R01,28,1466,3.6,90.4
1,1.3,R01,28,1466,3.7,91.91
1,1.3,R01,28,1466,3.8,93.38
1,1.3,R01,28,1466,3.9,95.57
1,1.3,R01,28,1466,4,97.06
1,1.3,R01,28,1466,4.1,99.14
1,1.3,R01,28,1466,4.2,100.4
1,1.3,R01,28,1466,4.3,102.7
1,1.3,R01,28,1466,4.4,104
1,1.3,R01,28,1466,4.5,105.3
1,1.3,R01,28,1466,4.6,107.5
1,1.3,R01,28,1466,4.7,108.7
1,1.3,R01,28,1466,4.8,110.1
1,1.3,R01,28,1466,4.9,112.4
1,1.3,R01,28,1466,5,113.9
1,1.3,R01,28,1466,5.1,115.8
1,1.3,R01,28,1466,5.2,117.3
1,1.3,R01,28,1466,5.3,119.7
1,1.3,R01,28,1466,5.4,121
1,1.3,R01,28,1466,5.5,122.4
1,1.3,R01,28,1466,5.6,124.8
1,1.3,R01,28,1466,5.7,126.3
1,1.3,R01,28,1466,5.8,127.6
1,1.3,R01,28,1466,5.9,129.8
1,1.3,R01,28,1466,6,131.3
1,1.3,R01,28,1466,6.1,133.4
1,1.3,R01,28,1466,6.2,135
1,1.3,R01,28,1466,6.3,137.4
1,1.3,R01,28,1466,6.4,138.8
1,1.3,R01,28,1466,6.5,140.3
1,1.3,R01,28,1466,6.6,142.8
1,1.3,R01,28,1466,6.7,144.4
1,1.3,R01,28,1466,6.8,145.9
1,1.3,R01,28,1466,6.9,148.2
1,1.3,R01,28,1466,7,149.8
1,1.3,R01,28,1466,7.1,152.1
1,1.3,R01,28,1466,7.2,153.5
1,1.3,R01,28,1466,7.3,155.9
1,1.3,R01,28,1466,7.4,157.5
1,1.3,R01,28,1466,7.5,158.9
1,1.3,R01,28,1466,7.6,161.4
1,1.3,R01,28,1466,7.7,163.1
1,1.3,R01,28,1466,7.8,164.8
1,1.3,R01,28,1466,7.9,166.9
1,1.3,R01,28,1466,8,168.5
1,1.3,R01,28,1466,8.1,170.9
1,1.3,R01,28,1466,8.2,172.5
1,1.3,R01,28,1466,8.3,174.7
1,1.3,R01,28,1466,8.4,176.2
1,1.3,R01,28,1466,8.5,177.7
1,1.3,R01,28,1466,8.6,179.8
1,1.3,R01,28,1466,8.7,181.3
1,1.3,R01,28,1466,8.8,182.9
1,1.3,R01,28,1466,8.9,184.9
1,1.3,R01,28,1466,9,186.4
1,1.3,R01,28,1466,9.1,188.5
1,1.3,R01,28,1466,9.2,189.9
1,1.3,R01,28,1466,9.3,191.9
1,1.3,R01,28,1466,9.4,193.2
1,1.3,R01,28,1466,9.5,194.5
1,1.3,R01,28,1466,9.6,196.5
1,1.3,R01,28,1466,9.7,197.8
1,1.3,R01,28,1466,9.8,199.1
1,1.3,R01,28,1466,9.9,201.2
1,1.3,R01,28,1466,10,202.5
1,1.3,R01,28,1466,10.1,204.5
1,1.3,R01,28,1466,10.2,205.8
1,1.3,R01,28,1466,10.3,207.8
1,1.3,R01,28,1466,10.4,209.1
1,1.3,R01,28,1466,10.5,210.2
1,1.3,R01,28,1466,10.6,212.2
1,1.3,R01,28,1466,10.7,213.3
1,1.3,R01,28,1466,10.8,214.5
1,1.3,R01,28,1466,10.9,216.4
1,1.3,R01,28,1466,11,217.6
1,1.3,R01,28,1466,11.1,219.3
1,1.3,R01,28,1466,11.2,220.4
1,1.3,R01,28,1466,11.3,222.1
1,1.3,R01,28,1466,11.4,223.2
1,1.3,R01,28,1466,11.5,224.3
1,1.3,R01,28,1466,11.6,225.9
1,1.3,R01,28,1466,11.7,226.9
1,1.3,R01,28,1466,11.8,227.9
1,1.3,R01,28,1466,11.9,229.5
1,1.3,R01,28,1466,12,230.6
1,1.3,R01,28,1466,12.1,232.2
1,1.3,R01,28,1466,12.2,233.1
1,1.3,R01,28,1466,12.3,234.6
1,1.3,R01,28,1466,12.4,235.7
1,1.3,R01,28,1466,12.5,236.7
1,1.3,R01,28,1466,12.6,238.2
1,1.3,R01,28,1466,12.7,239.1
1,1.3,R01,28,1466,12.8,240
1,1.3,R01,28,1466,12.9,241.5
1,1.3,R01,28,1466,13,242.3
1,1.3,R01,28,1466,13.1,243.6
1,1.3,R01,28,1466,13.2,244.4
1,1.3,R01,28,1466,13.3,245.7
1,1.3,R01,28,1466,13.4,246.5
1,1.3,R01,28,1466,13.5,247.3
1,1.3,R01,28,1466,13.6,248.6
1,1.3,R01,28,1466,13.7,249.4
1,1.3,R01,28,1466,13.8,250.2
1,1.3,R01,28,1466,13.9,251.4
1,1.3,R01,28,1466,14,252.3
1,1.3,R01,28,1466,14.1,253.5
1,1.3,R01,28,1466,14.2,254.2
1,1.3,R01,28,1466,14.3,255.3
1,1.3,R01,28,1466,14.4,256
1,1.3,R01,28,1466,14.5,256.6
1,1.3,R01,28,1466,14.6,257.7
1,1.3,R01,28,1466,14.7,258.5
1,1.3,R01,28,1466,14.8,259.2
1,1.3,R01,28,1466,14.9,260.2
1,1.3,R01,28,1466,15,260.9
1,1.3,R01,28,1466,15.1,262
1,1.3,R01,28,1466,15.2,262.7
1,1.3,R01,28,1466,15.3,263.7
1,1.3,R01,28,1466,15.4,264.3
1,1.3,R01,28,1466,15.5,265
1,1.3,R01,28,1466,15.6,266
1,1.3,R01,28,1466,15.7,266.6
1,1.3,R01,28,1466,15.8,267.3
1,1.3,R01,28,1466,15.9,268.2
1,1.3,R01,28,1466,16,268.9
1,1.3,R01,28,1466,16.1,269.8
1,1.3,R01,28,1466,16.2,270.4
1,1.3,R01,28,1466,16.3,271.4
1,1.3,R01,28,1466,16.4,271.9
1,1.3,R01,28,1466,16.5,272.5
1,1.3,R01,28,1466,16.6,273.3
1,1.3,R01,28,1466,16.7,273.9
1,1.3,R01,28,1466,16.8,274.4
1,1.3,R01,28,1466,16.9,275.2
1,1.3,R01,28,1466,17,275.7
1,1.3,R01,28,1466,17.1,276.5
1,1.3,R01,28,1466,17.2,277
1,1.3,R01,28,1466,17.3,277.8
1,1.3,R01,28,1466,17.4,278.3
1,1.3,R01,28,1466,17.5,278.8
1,1.3,R01,28,1466,17.6,279.5
1,1.3,R01,28,1466,17.7,280
1,1.3,R01,28,1466,17.8,280.5
1,1.3,R01,28,1466,17.9,281.3
1,1.3,R01,28,1466,18,281.8
1,1.3,R01,28,1466,18.1,282.5
1,1.3,R01,28,1466,18.2,283.1
1,1.3,R01,28,1466,18.3,283.8
1,1.3,R01,28,1466,18.4,284.3
1,1.3,R01,28,1466,18.5,284.9
1,1.3,R01,28,1466,18.6,285.6
1,1.3,R01,28,1466,18.7,286.1
1,1.3,R01,28,1466,18.8,286.5
1,1.3,R01,28,1466,18.9,287.2
1,1.3,R01,28,1466,19,287.6
1,1.3,R01,28,1466,19.1,288.3
1,1.3,R01,28,1466,19.2,288.7
1,1.3,R01,28,1466,19.3,289.4
1,1.3,R01,28,1466,19.4,289.8
1,1.3,R01,28,1466,19.5,290.2
1,1.3,R01,28,1466,19.6,290.8
1,1.3,R01,28,1466,19.7,291.1
1,1.3,R01,28,1466,19.8,291.4
1,1.3,R01,28,1466,19.9,291.9
1,1.3,R01,28,1466,20,292.2
1,1.3,R01,28,1466,20.1,292.7
1,1.3,R01,28,1466,20.2,293.1
1,1.3,R01,28,1466,20.3,293.6
1,1.3,R01,28,1466,20.4,293.9
1,1.3,R01,28,1466,20.5,294.3
1,1.3,R01,28,1466,20.6,294.8
1,1.3,R01,28,1466,20.7,295.2
1,1.3,R01,28,1466,20.8,295.6
1,1.3,R01,28,1466,20.9,296.1
1,1.3,R01,28,1466,21,296.4
1,1.3,R01,28,1466,21.1,297
1,1.3,R01,28,1466,21.2,297.3
1,1.3,R01,28,1466,21.3,297.8
1,1.3,R01,28,1466,21.4,298.1
1,1.3,R01,28,1466,21.5,298.5
1,1.3,R01,28,1466,21.6,298.9
1,1.3,R01,28,1466,21.7,299.2
1,1.3,R01,28,1466,21.8,299.5
1,1.3,R01,28,1466,21.9,300
1,1.3,R01,28,1466,22,300.3
1,1.3,R01,28,1466,22.1,300.7
1,1.3,R01,28,1466,22.2,301
1,1.3,R01,28,1466,22.3,301.4
1,1.3,R01,28,1466,22.4,301.7
1,1.3,R01,28,1466,22.5,302
1,1.3,R01,28,1466,22.6,302.4
1,1.3,R01,28,1466,22.7,302.7
1,1.3,R01,28,1466,22.8,303
1,1.3,R01,28,1466,22.9,303.5
1,1.3,R01,28,1466,23,303.8
1,1.3,R01,28,1466,23.1,304.2
1,1.3,R01,28,1466,23.2,304.4
1,1.3,R01,28,1466,23.3,304.8
1,1.3,R01,28,1466,23.4,305.1
1,1.3,R01,28,1466,23.5,305.3
1,1.3,R01,28,1466,23.6,305.8
1,1.3,R01,28,1466,23.7,306
1,1.3,R01,28,1466,23.8,306.3
1,1.3,R01,28,1466,23.9,306.7
1,1.3,R01,28,1466,24,307
1,1.3,R01,28,1466,24.1,307.4
1,1.3,R01,28,1466,24.2,307.7
1,1.3,R01,28,1466,24.3,308.1
1,1.3,R01,28,1466,24.4,308.4
1,1.3,R01,28,1466,24.5,308.7
1,1.3,R01,28,1466,24.6,309.1
1,1.3,R01,28,1466,24.7,309.4
1,1.3,R01,28,1466,24.8,309.7
1,1.3,R01,28,1466,24.9,310.1
1,1.3,R01,28,1466,25,310.4
1,1.3,R01,28,1466,25.1,310.7
1,1.3,R01,28,1466,25.2,311
1,1.3,R01,28,1466,25.3,311.3
1,1.3,R01,28,1466,25.4,311.6
1,1.3,R01,28,1466,25.5,311.8
1,1.3,R01,28,1466,25.6,312.2
1,1.3,R01,28,1466,25.7,312.5
1,1.3,R01,28,1466,25.8,312.8
1,1.3,R01,28,1466,25.9,313.2
1,1.3,R01,28,1466,26,313.5
1,1.3,R01,28,1466,26.1,314
1,1.3,R01,28,1466,26.2,314.3
1,1.3,R01,28,1466,26.3,314.6
1,1.3,R01,28,1466,26.4,314.8
1,1.3,R01,28,1466,26.5,315
1,1.3,R01,28,1466,26.6,315.3
1,1.3,R01,28,1466,26.7,315.5
1,1.3,R01,28,1466,26.8,315.7
1,1.3,R01,28,1466,26.9,316
1,1.3,R01,28,1466,27,316.2
1,1.3,R01,28,1466,27.1,316.6
1,1.3,R01,28,1466,27.2,316.8
1,1.3,R01,28,1466,27.3,317.1
1,1.3,R01,28,1466,27.4,317.3
1,1.3,R01,28,1466,27.5,317.5
1,1.3,R01,28,1466,27.6,317.8
1,1.3,R01,28,1466,27.7,318
1,1.3,R01,28,1466,27.8,318.2
1,1.3,R01,28,1467,0,0
1,1.3,R01,28,1467,0.1,3.934
1,1.3,R01,28,1467,0.2,11.28
1,1.3,R01,28,1467,0.3,24.96
1,1.3,R01,28,1467,0.4,34.56
1,1.3,R01,28,1467,0.5,45.83
1,1.3,R01,28,1467,0.6,63.92
1,1.3,R01,28,1467,0.7,75.25
1,1.3,R01,28,1467,0.8,85.89
1,1.3,R01,28,1467,0.9,101.1
1,1.3,R01,28,1467,1,110.9
1,1.3,R01,28,1467,1.1,126.5
1,1.3,R01,28,1467,1.2,136.9
1,1.3,R01,28,1467,1.3,153.3
1,1.3,R01,28,1467,1.4,164.2
1,1.3,R01,28,1467,1.5,175.1
1,1.3,R01,28,1467,1.6,189.9
1,1.3,R01,28,1467,1.7,197.3
1,1.3,R01,28,1467,1.8,204.7
1,1.3,R01,28,1467,1.9,212.6
1,1.3,R01,28,1467,2,216
1,1.3,R01,28,1467,2.1,220.8
1,1.3,R01,28,1467,2.2,223.6
1,1.3,R01,28,1467,2.3,227.8
1,1.3,R01,28,1467,2.4,230.4
1,1.3,R01,28,1467,2.5,232.8
1,1.3,R01,28,1467,2.6,236.1
1,1.3,R01,28,1467,2.7,238.1
1,1.3,R01,28,1467,2.8,240
1,1.3,R01,28,1467,2.9,242.5
1,1.3,R01,28,1467,3,244.2
1,1.3,R01,28,1467,3.1,246.7
1,1.3,R01,28,1467,3.2,248.2
1,1.3,R01,28,1467,3.3,250.4
1,1.3,R01,28,1467,3.4,251.8
1,1.3,R01,28,1467,3.5,253.2
1,1.3,R01,28,1467,3.6,255.5
1,1.3,R01,28,1467,3.7,256.8
1,1.3,R01,28,1467,3.8,258
1,1.3,R01,28,1467,3.9,259.5
1,1.3,R01,28,1467,4,260.5
1,1.3,R01,28,1467,4.1,262
1,1.3,R01,28,1467,4.2,263
1,1.3,R01,28,1467,4.3,264.4
1,1.3,R01,28,1467,4.4,265.4
1,1.3,R01,28,1467,4.5,266.3
1,1.3,R01,28,1467,4.6,267.8
1,1.3,R01,28,1467,4.7,268.7
1,1.3,R01,28,1467,4.8,269.6
1,1.3,R01,28,1467,4.9,271
1,1.3,R01,28,1467,5,271.9
1,1.3,R01,28,1467,5.1,273.2
1,1.3,R01,28,1467,5.2,274.2
1,1.3,R01,28,1467,5.3,275.5
1,1.3,R01,28,1467,5.4,276.4
1,1.3,R01,28,1467,5.5,277.2
1,1.3,R01,28,1467,5.6,278.4
1,1.3,R01,28,1467,5.7,279.3
1,1.3,R01,28,1467,5.8,280.1
1,1.3,R01,28,1467,5.9,281.2
1,1.3,R01,28,1467,6,281.9
1,1.3,R01,28,1467,6.1,283
1,1.3,R01,28,1467,6.2,283.8
1,1.3,R01,28,1467,6.3,285
1,1.3,R01,28,1467,6.4,285.8
1,1.3,R01,28,1467,6.5,286.5
1,1.3,R01,28,1467,6.6,287.6
1,1.3,R01,28,1467,6.7,288.3
1,1.3,R01,28,1467,6.8,289
1,1.3,R01,28,1467,6.9,290
1,1.3,R01,28,1467,7,290.6
1,1.3,R01,28,1467,7.1,291.6
1,1.3,R01,28,1467,7.2,292.2
1,1.3,R01,28,1467,7.3,293.2
1,1.3,R01,28,1467,7.4,293.8
1,1.3,R01,28,1467,7.5,294.4
1,1.3,R01,28,1467,7.6,295.5
1,1.3,R01,28,1467,7.7,296.1
1,1.3,R01,28,1467,7.8,296.7
1,1.3,R01,28,1467,7.9,297.6
1,1.3,R01,28,1467,8,298.2
1,1.3,R01,28,1467,8.1,299.1
1,1.3,R01,28,1467,8.2,299.7
1,1.3,R01,28,1467,8.3,300.5
1,1.3,R01,28,1467,8.4,301
1,1.3,R01,28,1467,8.5,301.5
1,1.3,R01,28,1467,8.6,302.3
1,1.3,R01,28,1467,8.7,302.9
1,1.3,R01,28,1467,8.8,303.4
1,1.3,R01,28,1467,8.9,304.2
1,1.3,R01,28,1467,9,304.8
1,1.3,R01,28,1467,9.1,305.5
1,1.3,R01,28,1467,9.2,306
1,1.3,R01,28,1467,9.3,306.6
1,1.3,R01,28,1467,9.4,307
1,1.3,R01,28,1467,9.5,307.3
1,1.3,R01,28,1467,9.6,307.9
1,1.3,R01,28,1467,9.7,308.2
1,1.3,R01,28,1467,9.8,308.6
1,1.3,R01,28,1467,9.9,309.2
1,1.3,R01,28,1467,10,309.6
1,1.3,R01,28,1467,10.1,310.2
1,1.3,R01,28,1467,10.2,310.5
1,1.3,R01,28,1467,10.3,311.1
1,1.3,R01,28,1467,10.4,311.4
1,1.3,R01,28,1467,10.5,311.7
1,1.3,R01,28,1467,10.6,312.2
1,1.3,R01,28,1467,10.7,312.5
1,1.3,R01,28,1467,10.8,312.8
1,1.3,R01,28,1467,10.9,313.3
1,1.3,R01,28,1467,11,313.6
1,1.3,R01,28,1467,11.1,314
1,1.3,R01,28,1467,11.2,314.3
1,1.3,R01,28,1467,11.3,314.7
1,1.3,R01,28,1467,11.4,314.9
1,1.3,R01,28,1467,11.5,315.2
1,1.3,R01,28,1467,11.6,315.6
1,1.3,R01,28,1467,11.7,315.8
1,1.3,R01,28,1467,11.8,316.1
1,1.3,R01,28,1467,11.9,316.5
1,1.3,R01,28,1467,12,316.7
1,1.3,R01,28,1467,12.1,317
1,1.3,R01,28,1467,12.2,317.2
1,1.3,R01,28,1467,12.3,317.5
1,1.3,R01,28,1467,12.4,317.7
1,1.3,R01,28,1467,12.5,318
1,1.3,R01,28,1467,12.6,318.2
1,1.3,R01,28,1467,12.7,318.4
1,1.3,R01,28,1467,12.8,318.7
1,1.3,R01,28,1467,12.9,319
1,1.3,R01,28,1467,13,319.1
1,1.3,R01,28,1467,13.1,319.3
1,1.3,R01,28,1467,13.2,319.5
1,1.3,R01,28,1467,13.3,319.8
1,1.3,R01,28,1467,13.4,319.9
1,1.3,R01,28,1467,13.5,320
1,1.3,R01,28,1467,13.6,320.2
1,1.3,R01,28,1467,13.7,320.3
1,1.3,R01,28,1467,13.8,320.4
1,1.3,R01,28,1467,13.9,320.6
1,1.3,R01,28,1467,14,320.8
1,1.3,R01,28,1467,14.1,321
1,1.3,R01,28,1467,14.2,321.1
1,1.3,R01,28,1467,14.3,321.3
1,1.3,R01,28,1467,14.4,321.4
1,1.3,R01,28,1467,14.5,321.5
1,1.3,R01,28,1467,14.6,321.7
1,1.3,R01,28,1467,14.7,321.8
1,1.3,R01,28,1467,14.8,321.9
1,1.3,R01,28,1467,14.9,322
1,1.3,R01,28,1467,15,322.1
1,1.3,R01,28,1467,15.1,322.2
1,1.3,R01,28,1467,15.2,322.4
1,1.3,R01,28,1467,15.3,322.5
1,1.3,R01,28,1467,15.4,322.6
1,1.3,R01,28,1467,15.5,322.7
1,1.3,R01,28,1467,15.6,322.9
1,1.3,R01,28,1467,15.7,323
1,1.3,R01,28,1467,15.8,323.2
1,1.3,R01,28,1467,15.9,323.4
1,1.3,R01,28,1467,16,323.5
1,1.3,R01,28,1467,16.1,323.7
1,1.3,R01,28,1467,16.2,323.8
1,1.3,R01,28,1467,16.3,323.9
1,1.3,R01,28,1467,16.4,324
1,1.3,R01,28,1467,16.5,324
1,1.3,R01,28,1467,16.6,324.2
1,1.3,R01,28,1467,16.7,324.2
1,1.3,R01,28,1467,16.8,324.3
1,1.3,R01,28,1467,16.9,324.4
1,1.3,R01,28,1467,17,324.5
1,1.3,R01,28,1467,17.1,324.5
1,1.3,R01,28,1467,17.2,324.6
1,1.3,R01,28,1467,17.3,324.7
1,1.3,R01,28,1467,17.4,324.8
1,1.3,R01,28,1467,17.5,324.8
1,1.3,R01,28,1467,17.6,324.9
1,1.3,R01,28,1467,17.7,325
1,1.3,R01,28,1467,17.8,325
1,1.3,R01,28,1467,17.9,325.1
1,1.3,R01,28,1467,18,325.2
1,1.3,R01,28,1467,18.1,325.3
1,1.3,R01,28,1467,18.2,325.4
1,1.3,R01,28,1467,18.3,325.6
1,1.3,R01,28,1467,18.4,325.7
1,1.3,R01,28,1467,18.5,325.7
1,1.3,R01,28,1467,18.6,325.9
1,1.3,R01,28,1467,18.7,326
1,1.3,R01,28,1467,18.8,326
1,1.3,R01,28,1467,18.9,326.2
1,1.3,R01,28,1467,19,326.3
1,1.3,R01,28,1467,19.1,326.4
1,1.3,R01,28,1467,19.2,326.5
1,1.3,R01,28,1467,19.3,326.5
1,1.3,R01,28,1467,19.4,326.5
1,1.3,R01,28,1467,19.5,326.5
1,1.3,R01,28,1467,19.6,326.5
1,1.3,R01,28,1467,19.7,326.5
1,1.3,R01,28,1467,19.8,326.5
1,1.3,R01,28,1467,19.9,326.5
1,1.3,R01,28,1467,20,326.5
1,1.3,R01,28,1467,20.1,326.5
1,1.3,R01,28,1467,20.2,326.5
1,1.3,R01,28,1467,20.3,326.5
1,1.3,R01,28,1467,20.4,326.5
1,1.3,R01,28,1467,20.5,326.5
1,1.3,R01,28,1467,20.6,326.5
1,1.3,R01,28,1467,20.7,326.5
1,1.3,R01,28,1467,20.8,326.5
1,1.3,R01,28,1467,20.9,326.5
1,1.3,R01,28,1467,21,326.5
1,1.3,R01,28,1467,21.1,326.6
1,1.3,R01,28,1467,21.2,326.6
1,1.3,R01,28,1467,21.3,326.6
1,1.3,R01,28,1467,21.4,326.6
1,1.3,R01,28,1467,21.5,326.6
1,1.3,R01,28,1467,21.6,326.6
1,1.3,R01,28,1467,21.7,326.6
1,1.3,R01,28,1467,21.8,326.6
1,1.3,R01,28,1467,21.9,326.7
1,1.3,R01,28,1467,22,326.7
1,1.3,R01,28,1467,22.1,326.7
1,1.3,R01,28,1467,22.2,326.7
1,1.3,R01,28,1467,22.3,326.7
1,1.3,R01,28,1467,22.4,326.7
1,1.3,R01,28,1467,22.5,326.7
1,1.3,R01,28,1467,22.6,326.8
1,1.3,R01,28,1467,22.7,326.8
1,1.3,R01,28,1467,22.8,326.8
1,1.3,R01,28,1467,22.9,326.9
1,1.3,R01,28,1467,23,326.9
1,1.3,R01,28,1467,23.1,326.9
1,1.3,R01,28,1467,23.2,326.9
1,1.3,R01,28,1467,23.3,327
1,1.3,R01,28,1467,23.4,327
1,1.3,R01,28,1467,23.5,327
1,1.3,R01,28,1467,23.6,327
1,1.3,R01,28,1467,23.7,327
1,1.3,R01,28,1467,23.8,327
1,1.3,R01,28,1467,23.9,327
1,1.3,R01,28,1467,24,327.1
1,1.3,R01,28,1467,24.1,327.1
1,1.3,R01,28,1467,24.2,327.1
1,1.3,R01,28,1467,24.3,327.1
1,1.3,R01,28,1467,24.4,327.1
1,1.3,R01,28,1467,24.5,327.1
1,1.3,R01,28,1467,24.6,327.1
1,1.3,R01,28,1467,24.7,327.1
1,1.3,R01,28,1467,24.8,327.2
1,1.3,R01,28,1467,24.9,327.2
1,1.3,R01,28,1467,25,327.2
1,1.3,R01,28,1467,25.1,327.2
1,1.3,R01,28,1467,25.2,327.2
1,1.3,R01,28,1467,25.3,327.2
1,1.3,R01,28,1467,25.4,327.2
1,1.3,R01,28,1467,25.5,327.2
1,1.3,R01,28,1467,25.6,327.1
1,1.3,R01,28,1467,25.7,327
1,1.3,R01,28,1467,25.8,327
1,1.3,R01,28,1467,25.9,326.9
1,1.3,R01,28,1467,26,326.9
1,1.3,R01,28,1467,26.1,326.8
1,1.3,R01,28,1467,26.2,326.8
1,1.3,R01,28,1467,26.3,326.8
1,1.3,R01,28,1467,26.4,326.8
1,1.3,R01,28,1467,26.5,326.8
1,1.3,R01,28,1467,26.6,326.8
1,1.3,R01,28,1467,26.7,326.8
1,1.3,R01,28,1467,26.8,326.8
1,1.3,R01,28,1467,26.9,326.8
1,1.3,R01,28,1467,27,326.8
1,1.3,R01,28,1467,27.1,326.8
1,1.3,R01,28,1467,27.2,326.8
1,1.3,R01,28,1467,27.3,326.8
1,1.3,R01,28,1467,27.4,326.8
1,1.3,R01,28,1467,27.5,326.8
1,1.3,R01,28,1467,27.6,326.8
1,1.3,R01,28,1467,27.7,326.8
1,1.3,R01,28,1467,27.8,326.8
1,1.3,R01,28,1468,0,0
1,1.3,R01,28,1468,0.1,0.7782
1,1.3,R01,28,1468,0.2,1.25
1,1.3,R01,28,1468,0.3,3.193
1,1.3,R01,28,1468,0.4,4.321
1,1.3,R01,28,1468,0.5,6.339
1,1.3,R01,28,1468,0.6,10.69
1,1.3,R01,28,1468,0.7,15.22
1,1.3,R01,28,1468,0.8,21.72
1,1.3,R01,28,1468,0.9,34.63
1,1.3,R01,28,1468,1,44.67
1,1.3,R01,28,1468,1.1,61.18
1,1.3,R01,28,1468,1.2,72.77
1,1.3,R01,28,1468,1.3,90.85
1,1.3,R01,28,1468,1.4,102.7
1,1.3,R01,28,1468,1.5,115
1,1.3,R01,28,1468,1.6,133.9
1,1.3,R01,28,1468,1.7,147
1,1.3,R01,28,1468,1.8,159.8
1,1.3,R01,28,1468,1.9,179.5
1,1.3,R01,28,1468,2,192.8
1,1.3,R01,28,1468,2.1,213.2
1,1.3,R01,28,1468,2.2,226.4
1,1.3,R01,28,1468,2.3,246.8
1,1.3,R01,28,1468,2.4,259.4
1,1.3,R01,28,1468,2.5,271.3
1,1.3,R01,28,1468,2.6,285.1
1,1.3,R01,28,1468,2.7,293.4
1,1.3,R01,28,1468,2.8,300.4
1,1.3,R01,28,1468,2.9,310.3
1,1.3,R01,28,1468,3,316.4
1,1.3,R01,28,1468,3.1,325.2
1,1.3,R01,28,1468,3.2,330.1
1,1.3,R01,28,1468,3.3,336.6
1,1.3,R01,28,1468,3.4,340.3
1,1.3,R01,28,1468,3.5,344.1
1,1.3,R01,28,1468,3.6,348.8
1,1.3,R01,28,1468,3.7,351.3
1,1.3,R01,28,1468,3.8,353.9
1,1.3,R01,28,1468,3.9,357.4
1,1.3,R01,28,1468,4,359.4
1,1.3,R01,28,1468,4.1,362.4
1,1.3,R01,28,1468,4.2,364.4
1,1.3,R01,28,1468,4.3,366.7
1,1.3,R01,28,1468,4.4,368.2
1,1.3,R01,28,1468,4.5,369.6
1,1.3,R01,28,1468,4.6,371.6
1,1.3,R01,28,1468,4.7,372.7
1,1.3,R01,28,1468,4.8,373.7
1,1.3,R01,28,1468,4.9,375
1,1.3,R01,28,1468,5,375.9
1,1.3,R01,28,1468,5.1,377.1
1,1.3,R01,28,1468,5.2,377.9
1,1.3,R01,28,1468,5.3,378.9
1,1.3,R01,28,1468,5.4,379.6
1,1.3,R01,28,1468,5.5,380.2
1,1.3,R01,28,1468,5.6,381
1,1.3,R01,28,1468,5.7,381.5
1,1.3,R01,28,1468,5.8,382.1
1,1.3,R01,28,1468,5.9,382.7
1,1.3,R01,28,1468,6,383.1
1,1.3,R01,28,1468,6.1,383.7
1,1.3,R01,28,1468,6.2,384.1
1,1.3,R01,28,1468,6.3,384.7
1,1.3,R01,28,1468,6.4,385.2
1,1.3,R01,28,1468,6.5,385.5
1,1.3,R01,28,1468,6.6,386
1,1.3,R01,28,1468,6.7,386.4
1,1.3,R01,28,1468,6.8,386.7
1,1.3,R01,28,1468,6.9,387.2
1,1.3,R01,28,1468,7,387.4
1,1.3,R01,28,1468,7.1,387.8
1,1.3,R01,28,1468,7.2,388
1,1.3,R01,28,1468,7.3,388.4
1,1.3,R01,28,1468,7.4,388.8
1,1.3,R01,28,1468,7.5,389.1
1,1.3,R01,28,1468,7.6,389.6
1,1.3,R01,28,1468,7.7,389.9
1,1.3,R01,28,1468,7.8,390.1
1,1.3,R01,28,1468,7.9,390.5
1,1.3,R01,28,1468,8,390.7
1,1.3,R01,28,1468,8.1,391.1
1,1.3,R01,28,1468,8.2,391.3
1,1.3,R01,28,1468,8.3,391.7
1,1.3,R01,28,1468,8.4,391.9
1,1.3,R01,28,1468,8.5,392.1
1,1.3,R01,28,1468,8.6,392.4
1,1.3,R01,28,1468,8.7,392.6
1,1.3,R01,28,1468,8.8,392.8
1,1.3,R01,28,1468,8.9,393
1,1.3,R01,28,1468,9,393.2
1,1.3,R01,28,1468,9.1,393.4
1,1.3,R01,28,1468,9.2,393.6
1,1.3,R01,28,1468,9.3,393.7
1,1.3,R01,28,1468,9.4,393.9
1,1.3,R01,28,1468,9.5,394
1,1.3,R01,28,1468,9.6,394.2
1,1.3,R01,28,1468,9.7,394.4
1,1.3,R01,28,1468,9.8,394.5
1,1.3,R01,28,1468,9.9,394.7
1,1.3,R01,28,1468,10,394.9
1,1.3,R01,28,1468,10.1,395.1
1,1.3,R01,28,1468,10.2,395.3
1,1.3,R01,28,1468,10.3,395.5
1,1.3,R01,28,1468,10.4,395.7
1,1.3,R01,28,1468,10.5,395.8
1,1.3,R01,28,1468,10.6,396
1,1.3,R01,28,1468,10.7,396.2
1,1.3,R01,28,1468,10.8,396.3
1,1.3,R01,28,1468,10.9,396.5
1,1.3,R01,28,1468,11,396.6
1,1.3,R01,28,1468,11.1,396.8
1,1.3,R01,28,1468,11.2,396.9
1,1.3,R01,28,1468,11.3,397.1
1,1.3,R01,28,1468,11.4,397.2
1,1.3,R01,28,1468,11.5,397.4
1,1.3,R01,28,1468,11.6,397.5
1,1.3,R01,28,1468,11.7,397.7
1,1.3,R01,28,1468,11.8,397.8
1,1.3,R01,28,1468,11.9,398
1,1.3,R01,28,1468,12,398.1
1,1.3,R01,28,1468,12.1,398.2
1,1.3,R01,28,1468,12.2,398.3
1,1.3,R01,28,1468,12.3,398.5
1,1.3,R01,28,1468,12.4,398.6
1,1.3,R01,28,1468,12.5,398.7
1,1.3,R01,28,1468,12.6,398.8
1,1.3,R01,28,1468,12.7,399
1,1.3,R01,28,1468,12.8,399.1
1,1.3,R01,28,1468,12.9,399.3
1,1.3,R01,28,1468,13,399.5
1,1.3,R01,28,1468,13.1,399.7
1,1.3,R01,28,1468,13.2,399.8
1,1.3,R01,28,1468,13.3,399.9
1,1.3,R01,28,1468,13.4,399.9
1,1.3,R01,28,1468,13.5,400
1,1.3,R01,28,1468,13.6,400.1
1,1.3,R01,28,1468,13.7,400.1
1,1.3,R01,28,1468,13.8,400.2
1,1.3,R01,28,1468,13.9,400.3
1,1.3,R01,28,1468,14,400.4
1,1.3,R01,28,1468,14.1,400.5
1,1.3,R01,28,1468,14.2,400.6
1,1.3,R01,28,1468,14.3,400.8
1,1.3,R01,28,1468,14.4,400.9
1,1.3,R01,28,1468,14.5,400.9
1,1.3,R01,28,1468,14.6,401
1,1.3,R01,28,1468,14.7,401.1
1,1.3,R01,28,1468,14.8,401.2
1,1.3,R01,28,1468,14.9,401.3
1,1.3,R01,28,1468,15,401.3
1,1.3,R01,28,1468,15.1,401.4
1,1.3,R01,28,1468,15.2,401.5
1,1.3,R01,28,1468,15.3,401.6
1,1.3,R01,28,1468,15.4,401.7
1,1.3,R01,28,1468,15.5,401.8
1,1.3,R01,28,1468,15.6,401.9
1,1.3,R01,28,1468,15.7,402
1,1.3,R01,28,1468,15.8,402.1
1,1.3,R01,28,1468,15.9,402.2
1,1.3,R01,28,1468,16,402.4
1,1.3,R01,28,1468,16.1,402.5
1,1.3,R01,28,1468,16.2,402.6
1,1.3,R01,28,1468,16.3,402.8
1,1.3,R01,28,1468,16.4,402.9
1,1.3,R01,28,1468,16.5,402.9
1,1.3,R01,28,1468,16.6,402.9
1,1.3,R01,28,1468,16.7,403
1,1.3,R01,28,1468,16.8,403
1,1.3,R01,28,1468,16.9,403.1
1,1.3,R01,28,1468,17,403.2
1,1.3,R01,28,1468,17.1,403.2
1,1.3,R01,28,1468,17.2,403.3
1,1.3,R01,28,1468,17.3,403.4
1,1.3,R01,28,1468,17.4,403.5
1,1.3,R01,28,1468,17.5,403.5
1,1.3,R01,28,1468,17.6,403.6
1,1.3,R01,28,1468,17.7,403.7
1,1.3,R01,28,1468,17.8,403.8
1,1.3,R01,28,1468,17.9,404
1,1.3,R01,28,1468,18,404.1
1,1.3,R01,28,1468,18.1,404.2
1,1.3,R01,28,1468,18.2,404.4
1,1.3,R01,28,1468,18.3,404.5
1,1.3,R01,28,1468,18.4,404.6
1,1.3,R01,28,1468,18.5,404.8
1,1.3,R01,28,1468,18.6,404.9
1,1.3,R01,28,1468,18.7,405
1,1.3,R01,28,1468,18.8,405.1
1,1.3,R01,28,1468,18.9,405.2
1,1.3,R01,28,1468,19,405.3
1,1.3,R01,28,1468,19.1,405.4
1,1.3,R01,28,1468,19.2,405.5
1,1.3,R01,28,1468,19.3,405.6
1,1.3,R01,28,1468,19.4,405.7
1,1.3,R01,28,1468,19.5,405.8
1,1.3,R01,28,1468,19.6,405.8
1,1.3,R01,28,1468,19.7,405.9
1,1.3,R01,28,1468,19.8,405.9
1,1.3,R01,28,1468,19.9,405.9
1,1.3,R01,28,1468,20,406
1,1.3,R01,28,1468,20.1,406
1,1.3,R01,28,1468,20.2,406.1
1,1.3,R01,28,1468,20.3,406.1
1,1.3,R01,28,1468,20.4,406.1
1,1.3,R01,28,1468,20.5,406.2
1,1.3,R01,28,1468,20.6,406.2
1,1.3,R01,28,1468,20.7,406.3
1,1.3,R01,28,1468,20.8,406.4
1,1.3,R01,28,1468,20.9,406.5
1,1.3,R01,28,1468,21,406.5
1,1.3,R01,28,1468,21.1,406.6
1,1.3,R01,28,1468,21.2,406.7
1,1.3,R01,28,1468,21.3,406.8
1,1.3,R01,28,1468,21.4,406.8
1,1.3,R01,28,1468,21.5,406.9
1,1.3,R01,28,1468,21.6,407
1,1.3,R01,28,1468,21.7,407
1,1.3,R01,28,1468,21.8,407.1
1,1.3,R01,28,1468,21.9,407.2
1,1.3,R01,28,1468,22,407.3
1,1.3,R01,28,1468,22.1,407.3
1,1.3,R01,28,1468,22.2,407.4
1,1.3,R01,28,1468,22.3,407.5
1,1.3,R01,28,1468,22.4,407.5
1,1.3,R01,28,1468,22.5,407.6
1,1.3,R01,28,1468,22.6,407.7
1,1.3,R01,28,1468,22.7,407.7
1,1.3,R01,28,1468,22.8,407.8
1,1.3,R01,28,1468,22.9,407.9
1,1.3,R01,28,1468,23,407.9
1,1.3,R01,28,1468,23.1,408
1,1.3,R01,28,1468,23.2,408
1,1.3,R01,28,1468,23.3,408.1
1,1.3,R01,28,1468,23.4,408.1
1,1.3,R01,28,1468,23.5,408.2
1,1.3,R01,28,1468,23.6,408.3
1,1.3,R01,28,1468,23.7,408.3
1,1.3,R01,28,1468,23.8,408.4
1,1.3,R01,28,1468,23.9,408.4
1,1.3,R01,28,1468,24,408.5
1,1.3,R01,28,1468,24.1,408.5
1,1.3,R01,28,1468,24.2,408.6
1,1.3,R01,28,1468,24.3,408.7
1,1.3,R01,28,1468,24.4,408.7
1,1.3,R01,28,1468,24.5,408.8
1,1.3,R01,28,1468,24.6,408.9
1,1.3,R01,28,1468,24.7,408.9
1,1.3,R01,28,1468,24.8,409
1,1.3,R01,28,1468,24.9,409.1
1,1.3,R01,28,1468,25,409.2
1,1.3,R01,28,1468,25.1,409.2
1,1.3,R01,28,1468,25.2,409.3
1,1.3,R01,28,1468,25.3,409.4
1,1.3,R01,28,1468,25.4,409.4
1,1.3,R01,28,1468,25.5,409.5
1,1.3,R01,28,1468,25.6,409.6
1,1.3,R01,28,1468,25.7,409.7
1,1.3,R01,28,1468,25.8,409.8
1,1.3,R01,28,1468,25.9,410
1,1.3,R01,28,1468,26,410.1
1,1.3,R01,28,1468,26.1,410.3
1,1.3,R01,28,1468,26.2,410.3
1,1.3,R01,28,1468,26.3,410.3
1,1.3,R01,28,1468,26.4,410.3
1,1.3,R01,28,1468,26.5,410.3
1,1.3,R01,28,1468,26.6,410.3
1,1.3,R01,28,1468,26.7,410.3
1,1.3,R01,28,1468,26.8,410.3
1,1.3,R01,28,1468,26.9,410.3
1,1.3,R01,28,1468,27,410.3
1,1.3,R01,28,1468,27.1,410.3
1,1.3,R01,28,1468,27.2,410.3
1,1.3,R01,28,1468,27.3,410.3
1,1.3,R01,28,1468,27.4,410.3
1,1.3,R01,28,1468,27.5,410.3
1,1.3,R01,28,1468,27.6,410.3
1,1.3,R01,28,1468,27.7,410.3
1,1.3,R01,28,1468,27.8,410.3
1,1.3,R01,28,1470,0,0
1,1.3,R01,28,1470,0.1,3.537
1,1.3,R01,28,1470,0.2,11.27
1,1.3,R01,28,1470,0.3,24.49
1,1.3,R01,28,1470,0.4,33.38
1,1.3,R01,28,1470,0.5,42.04
1,1.3,R01,28,1470,0.6,55.76
1,1.3,R01,28,1470,0.7,65.56
1,1.3,R01,28,1470,0.8,75.24
1,1.3,R01,28,1470,0.9,89
1,1.3,R01,28,1470,1,98.3
1,1.3,R01,28,1470,1.1,113
1,1.3,R01,28,1470,1.2,123.1
1,1.3,R01,28,1470,1.3,139.3
1,1.3,R01,28,1470,1.4,150.7
1,1.3,R01,28,1470,1.5,162.6
1,1.3,R01,28,1470,1.6,180.3
1,1.3,R01,28,1470,1.7,192.2
1,1.3,R01,28,1470,1.8,203.8
1,1.3,R01,28,1470,1.9,221.4
1,1.3,R01,28,1470,2,232.9
1,1.3,R01,28,1470,2.1,249.6
1,1.3,R01,28,1470,2.2,259.7
1,1.3,R01,28,1470,2.3,273.2
1,1.3,R01,28,1470,2.4,281.4
1,1.3,R01,28,1470,2.5,289
1,1.3,R01,28,1470,2.6,299.6
1,1.3,R01,28,1470,2.7,305.7
1,1.3,R01,28,1470,2.8,311.7
1,1.3,R01,28,1470,2.9,319.7
1,1.3,R01,28,1470,3,324.9
1,1.3,R01,28,1470,3.1,331.8
1,1.3,R01,28,1470,3.2,336.1
1,1.3,R01,28,1470,3.3,342.1
1,1.3,R01,28,1470,3.4,345.9
1,1.3,R01,28,1470,3.5,349.6
1,1.3,R01,28,1470,3.6,354.6
1,1.3,R01,28,1470,3.7,357.8
1,1.3,R01,28,1470,3.8,360.8
1,1.3,R01,28,1470,3.9,364.9
1,1.3,R01,28,1470,4,367.5
1,1.3,R01,28,1470,4.1,371.3
1,1.3,R01,28,1470,4.2,373.6
1,1.3,R01,28,1470,4.3,377.1
1,1.3,R01,28,1470,4.4,379.3
1,1.3,R01,28,1470,4.5,381.5
1,1.3,R01,28,1470,4.6,384.7
1,1.3,R01,28,1470,4.7,386.7
1,1.3,R01,28,1470,4.8,388.8
1,1.3,R01,28,1470,4.9,391.8
1,1.3,R01,28,1470,5,393.8
1,1.3,R01,28,1470,5.1,396.8
1,1.3,R01,28,1470,5.2,398.7
1,1.3,R01,28,1470,5.3,401.4
1,1.3,R01,28,1470,5.4,403.2
1,1.3,R01,28,1470,5.5,405
1,1.3,R01,28,1470,5.6,407.5
1,1.3,R01,28,1470,5.7,409.2
1,1.3,R01,28,1470,5.8,410.8
1,1.3,R01,28,1470,5.9,413.1
1,1.3,R01,28,1470,6,414.6
1,1.3,R01,28,1470,6.1,417
1,1.3,R01,28,1470,6.2,418.6
1,1.3,R01,28,1470,6.3,421
1,1.3,R01,28,1470,6.4,422.6
1,1.3,R01,28,1470,6.5,424.1
1,1.3,R01,28,1470,6.6,426.4
1,1.3,R01,28,1470,6.7,428
1,1.3,R01,28,1470,6.8,429.5
1,1.3,R01,28,1470,6.9,431.7
1,1.3,R01,28,1470,7,433.2
1,1.3,R01,28,1470,7.1,435.3
1,1.3,R01,28,1470,7.2,436.8
1,1.3,R01,28,1470,7.3,439.1
1,1.3,R01,28,1470,7.4,440.6
1,1.3,R01,28,1470,7.5,442
1,1.3,R01,28,1470,7.6,444.3
1,1.3,R01,28,1470,7.7,445.8
1,1.3,R01,28,1470,7.8,447.2
1,1.3,R01,28,1470,7.9,449.3
1,1.3,R01,28,1470,8,450.6
1,1.3,R01,28,1470,8.1,452.6
1,1.3,R01,28,1470,8.2,453.9
1,1.3,R01,28,1470,8.3,455.9
1,1.3,R01,28,1470,8.4,457.1
1,1.3,R01,28,1470,8.5,458.4
1,1.3,R01,28,1470,8.6,460.1
1,1.3,R01,28,1470,8.7,461.3
1,1.3,R01,28,1470,8.8,462.4
1,1.3,R01,28,1470,8.9,464.1
1,1.3,R01,28,1470,9,465.3
1,1.3,R01,28,1470,9.1,467
1,1.3,R01,28,1470,9.2,468
1,1.3,R01,28,1470,9.3,469.6
1,1.3,R01,28,1470,9.4,470.7
1,1.3,R01,28,1470,9.5,471.8
1,1.3,R01,28,1470,9.6,473.3
1,1.3,R01,28,1470,9.7,474.2
1,1.3,R01,28,1470,9.8,475.2
1,1.3,R01,28,1470,9.9,476.7
1,1.3,R01,28,1470,10,477.7
1,1.3,R01,28,1470,10.1,479.1
1,1.3,R01,28,1470,10.2,479.9
1,1.3,R01,28,1470,10.3,481.4
1,1.3,R01,28,1470,10.4,482.2
1,1.3,R01,28,1470,10.5,483.1
1,1.3,R01,28,1470,10.6,484.3
1,1.3,R01,28,1470,10.7,485.2
1,1.3,R01,28,1470,10.8,486
1,1.3,R01,28,1470,10.9,487.1
1,1.3,R01,28,1470,11,487.9
1,1.3,R01,28,1470,11.1,489.2
1,1.3,R01,28,1470,11.2,489.9
1,1.3,R01,28,1470,11.3,491
1,1.3,R01,28,1470,11.4,491.7
1,1.3,R01,28,1470,11.5,492.4
1,1.3,R01,28,1470,11.6,493.5
1,1.3,R01,28,1470,11.7,494.2
1,1.3,R01,28,1470,11.8,494.9
1,1.3,R01,28,1470,11.9,496
1,1.3,R01,28,1470,12,496.7
1,1.3,R01,28,1470,12.1,497.7
1,1.3,R01,28,1470,12.2,498.4
1,1.3,R01,28,1470,12.3,499.4
1,1.3,R01,28,1470,12.4,500
1,1.3,R01,28,1470,12.5,500.6
1,1.3,R01,28,1470,12.6,501.6
1,1.3,R01,28,1470,12.7,502.3
1,1.3,R01,28,1470,12.8,502.9
1,1.3,R01,28,1470,12.9,503.9
1,1.3,R01,28,1470,13,504.5
1,1.3,R01,28,1470,13.1,505.2
1,1.3,R01,28,1470,13.2,505.8
1,1.3,R01,28,1470,13.3,506.6
1,1.3,R01,28,1470,13.4,507.2
1,1.3,R01,28,1470,13.5,507.8
1,1.3,R01,28,1470,13.6,508.6
1,1.3,R01,28,1470,13.7,509.2
1,1.3,R01,28,1470,13.8,509.7
1,1.3,R01,28,1470,13.9,510.5
1,1.3,R01,28,1470,14,511.1
1,1.3,R01,28,1470,14.1,511.9
1,1.3,R01,28,1470,14.2,512.4
1,1.3,R01,28,1470,14.3,513.2
1,1.3,R01,28,1470,14.4,513.6
1,1.3,R01,28,1470,14.5,514.1
1,1.3,R01,28,1470,14.6,514.9
1,1.3,R01,28,1470,14.7,515.5
1,1.3,R01,28,1470,14.8,516
1,1.3,R01,28,1470,14.9,516.7
1,1.3,R01,28,1470,15,517.1
1,1.3,R01,28,1470,15.1,517.8
1,1.3,R01,28,1470,15.2,518.3
1,1.3,R01,28,1470,15.3,519
1,1.3,R01,28,1470,15.4,519.5
1,1.3,R01,28,1470,15.5,520
1,1.3,R01,28,1470,15.6,520.7
1,1.3,R01,28,1470,15.7,521.2
1,1.3,R01,28,1470,15.8,521.7
1,1.3,R01,28,1470,15.9,522.4
1,1.3,R01,28,1470,16,522.8
1,1.3,R01,28,1470,16.1,523.5
1,1.3,R01,28,1470,16.2,524
1,1.3,R01,28,1470,16.3,524.6
1,1.3,R01,28,1470,16.4,525
1,1.3,R01,28,1470,16.5,525.4
1,1.3,R01,28,1470,16.6,526
1,1.3,R01,28,1470,16.7,526.3
1,1.3,R01,28,1470,16.8,526.6
1,1.3,R01,28,1470,16.9,527.2
1,1.3,R01,28,1470,17,527.6
1,1.3,R01,28,1470,17.1,528.2
1,1.3,R01,28,1470,17.2,528.6
1,1.3,R01,28,1470,17.3,529.1
1,1.3,R01,28,1470,17.4,529.4
1,1.3,R01,28,1470,17.5,529.7
1,1.3,R01,28,1470,17.6,530.2
1,1.3,R01,28,1470,17.7,530.5
1,1.3,R01,28,1470,17.8,530.8
1,1.3,R01,28,1470,17.9,531.3
1,1.3,R01,28,1470,18,531.6
1,1.3,R01,28,1470,18.1,532.1
1,1.3,R01,28,1470,18.2,532.5
1,1.3,R01,28,1470,18.3,532.9
1,1.3,R01,28,1470,18.4,533.3
1,1.3,R01,28,1470,18.5,533.6
1,1.3,R01,28,1470,18.6,534
1,1.3,R01,28,1470,18.7,534.3
1,1.3,R01,28,1470,18.8,534.6
1,1.3,R01,28,1470,18.9,535.1
1,1.3,R01,28,1470,19,535.4
1,1.3,R01,28,1470,19.1,535.7
1,1.3,R01,28,1470,19.2,536
1,1.3,R01,28,1470,19.3,536.4
1,1.3,R01,28,1470,19.4,536.6
1,1.3,R01,28,1470,19.5,536.8
1,1.3,R01,28,1470,19.6,537.1
1,1.3,R01,28,1470,19.7,537.3
1,1.3,R01,28,1470,19.8,537.5
1,1.3,R01,28,1470,19.9,537.8
1,1.3,R01,28,1470,20,537.9
1,1.3,R01,28,1470,20.1,538.2
1,1.3,R01,28,1470,20.2,538.4
1,1.3,R01,28,1470,20.3,538.7
1,1.3,R01,28,1470,20.4,538.8
1,1.3,R01,28,1470,20.5,539
1,1.3,R01,28,1470,20.6,539.3
1,1.3,R01,28,1470,20.7,539.5
1,1.3,R01,28,1470,20.8,539.6
1,1.3,R01,28,1470,20.9,539.9
1,1.3,R01,28,1470,21,540.1
1,1.3,R01,28,1470,21.1,540.4
1,1.3,R01,28,1470,21.2,540.5
1,1.3,R01,28,1470,21.3,540.8
1,1.3,R01,28,1470,21.4,540.9
1,1.3,R01,28,1470,21.5,541.1
1,1.3,R01,28,1470,21.6,541.3
1,1.3,R01,28,1470,21.7,541.5
1,1.3,R01,28,1470,21.8,541.6
1,1.3,R01,28,1470,21.9,541.8
1,1.3,R01,28,1470,22,542
1,1.3,R01,28,1470,22.1,542.2
1,1.3,R01,28,1470,22.2,542.3
1,1.3,R01,28,1470,22.3,542.5
1,1.3,R01,28,1470,22.4,542.6
1,1.3,R01,28,1470,22.5,542.7
1,1.3,R01,28,1470,22.6,542.9
1,1.3,R01,28,1470,22.7,543
1,1.3,R01,28,1470,22.8,543.2
1,1.3,R01,28,1470,22.9,543.4
1,1.3,R01,28,1470,23,543.5
1,1.3,R01,28,1470,23.1,543.7
1,1.3,R01,28,1470,23.2,543.8
1,1.3,R01,28,1470,23.3,544
1,1.3,R01,28,1470,23.4,544.1
1,1.3,R01,28,1470,23.5,544.2
1,1.3,R01,28,1470,23.6,544.4
1,1.3,R01,28,1470,23.7,544.5
1,1.3,R01,28,1470,23.8,544.6
1,1.3,R01,28,1470,23.9,544.8
1,1.3,R01,28,1470,24,544.9
1,1.3,R01,28,1470,24.1,545.1
1,1.3,R01,28,1470,24.2,545.2
1,1.3,R01,28,1470,24.3,545.4
1,1.3,R01,28,1470,24.4,545.5
1,1.3,R01,28,1470,24.5,545.7
1,1.3,R01,28,1470,24.6,545.9
1,1.3,R01,28,1470,24.7,546
1,1.3,R01,28,1470,24.8,546.2
1,1.3,R01,28,1470,24.9,546.3
1,1.3,R01,28,1470,25,546.4
1,1.3,R01,28,1470,25.1,546.6
1,1.3,R01,28,1470,25.2,546.7
1,1.3,R01,28,1470,25.3,546.9
1,1.3,R01,28,1470,25.4,547
1,1.3,R01,28,1470,25.5,547.1
1,1.3,R01,28,1470,25.6,547.2
1,1.3,R01,28,1470,25.7,547.3
1,1.3,R01,28,1470,25.8,547.4
1,1.3,R01,28,1470,25.9,547.6
1,1.3,R01,28,1470,26,547.7
1,1.3,R01,28,1470,26.1,547.9
1,1.3,R01,28,1470,26.2,548
1,1.3,R01,28,1470,26.3,548.2
1,1.3,R01,28,1470,26.4,548.4
1,1.3,R01,28,1470,26.5,548.5
1,1.3,R01,28,1470,26.6,548.7
1,1.3,R01,28,1470,26.7,548.8
1,1.3,R01,28,1470,26.8,548.8
1,1.3,R01,28,1470,26.9,548.8
1,1.3,R01,28,1470,27,548.8
1,1.3,R01,28,1470,27.1,548.8
1,1.3,R01,28,1470,27.2,548.8
1,1.3,R01,28,1470,27.3,548.8
1,1.3,R01,28,1470,27.4,548.8
1,1.3,R01,28,1470,27.5,548.8
1,1.3,R01,28,1470,27.6,548.8
1,1.3,R01,28,1470,27.7,548.8
1,1.3,R01,28,1470,27.8,548.8
1,1.3,R01,28,1471,0,0
1,1.3,R01,28,1471,0.1,1.696
1,1.3,R01,28,1471,0.2,6.39
1,1.3,R01,28,1471,0.3,11.7
1,1.3,R01,28,1471,0.4,14.05
1,1.3,R01,28,1471,0.5,15.83
1,1.3,R01,28,1471,0.6,18.16
1,1.3,R01,28,1471,0.7,19.56
1,1.3,R01,28,1471,0.8,20.85
1,1.3,R01,28,1471,0.9,22.51
1,1.3,R01,28,1471,1,23.65
1,1.3,R01,28,1471,1.1,25.6
1,1.3,R01,28,1471,1.2,26.99
1,1.3,R01,28,1471,1.3,29.21
1,1.3,R01,28,1471,1.4,30.84
1,1.3,R01,28,1471,1.5,32.62
1,1.3,R01,28,1471,1.6,35.41
1,1.3,R01,28,1471,1.7,37.43
1,1.3,R01,28,1471,1.8,39.6
1,1.3,R01,28,1471,1.9,42.93
1,1.3,R01,28,1471,2,45.15
1,1.3,R01,28,1471,2.1,48.61
1,1.3,R01,28,1471,2.2,50.87
1,1.3,R01,28,1471,2.3,54.34
1,1.3,R01,28,1471,2.4,56.64
1,1.3,R01,28,1471,2.5,58.87
1,1.3,R01,28,1471,2.6,62.24
1,1.3,R01,28,1471,2.7,64.27
1,1.3,R01,28,1471,2.8,66.33
1,1.3,R01,28,1471,2.9,69.12
1,1.3,R01,28,1471,3,70.95
1,1.3,R01,28,1471,3.1,73.85
1,1.3,R01,28,1471,3.2,75.62
1,1.3,R01,28,1471,3.3,78.16
1,1.3,R01,28,1471,3.4,79.94
1,1.3,R01,28,1471,3.5,81.54
1,1.3,R01,28,1471,3.6,84.02
1,1.3,R01,28,1471,3.7,85.5
1,1.3,R01,28,1471,3.8,86.99
1,1.3,R01,28,1471,3.9,89.16
1,1.3,R01,28,1471,4,90.52
1,1.3,R01,28,1471,4.1,92.51
1,1.3,R01,28,1471,4.2,93.94
1,1.3,R01,28,1471,4.3,95.88
1,1.3,R01,28,1471,4.4,97.28
1,1.3,R01,28,1471,4.5,98.52
1,1.3,R01,28,1471,4.6,100.5
1,1.3,R01,28,1471,4.7,101.7
1,1.3,R01,28,1471,4.8,103.1
1,1.3,R01,28,1471,4.9,104.9
1,1.3,R01,28,1471,5,106.3
1,1.3,R01,28,1471,5.1,108.2
1,1.3,R01,28,1471,5.2,109.5
1,1.3,R01,28,1471,5.3,111.5
1,1.3,R01,28,1471,5.4,112.9
1,1.3,R01,28,1471,5.5,114.1
1,1.3,R01,28,1471,5.6,116.1
1,1.3,R01,28,1471,5.7,117.4
1,1.3,R01,28,1471,5.8,118.8
1,1.3,R01,28,1471,5.9,120.7
1,1.3,R01,28,1471,6,121.9
1,1.3,R01,28,1471,6.1,124
1,1.3,R01,28,1471,6.2,125.3
1,1.3,R01,28,1471,6.3,127.5
1,1.3,R01,28,1471,6.4,128.8
1,1.3,R01,28,1471,6.5,130.1
1,1.3,R01,28,1471,6.6,132.3
1,1.3,R01,28,1471,6.7,133.6
1,1.3,R01,28,1471,6.8,134.9
1,1.3,R01,28,1471,6.9,137
1,1.3,R01,28,1471,7,138.3
1,1.3,R01,28,1471,7.1,140.2
1,1.3,R01,28,1471,7.2,141.6
1,1.3,R01,28,1471,7.3,143.7
1,1.3,R01,28,1471,7.4,145.1
1,1.3,R01,28,1471,7.5,146.6
1,1.3,R01,28,1471,7.6,148.7
1,1.3,R01,28,1471,7.7,150.2
1,1.3,R01,28,1471,7.8,151.6
1,1.3,R01,28,1471,7.9,153.8
1,1.3,R01,28,1471,8,155.2
1,1.3,R01,28,1471,8.1,157.3
1,1.3,R01,28,1471,8.2,158.8
1,1.3,R01,28,1471,8.3,160.9
1,1.3,R01,28,1471,8.4,162.3
1,1.3,R01,28,1471,8.5,163.6
1,1.3,R01,28,1471,8.6,165.8
1,1.3,R01,28,1471,8.7,167
1,1.3,R01,28,1471,8.8,168.4
1,1.3,R01,28,1471,8.9,170.4
1,1.3,R01,28,1471,9,171.8
1,1.3,R01,28,1471,9.1,173.8
1,1.3,R01,28,1471,9.2,175
1,1.3,R01,28,1471,9.3,176.9
1,1.3,R01,28,1471,9.4,178.3
1,1.3,R01,28,1471,9.5,179.6
1,1.3,R01,28,1471,9.6,181.2
1,1.3,R01,28,1471,9.7,182.5
1,1.3,R01,28,1471,9.8,183.8
1,1.3,R01,28,1471,9.9,185.5
1,1.3,R01,28,1471,10,186.8
1,1.3,R01,28,1471,10.1,188.6
1,1.3,R01,28,1471,10.2,189.8
1,1.3,R01,28,1471,10.3,191.7
1,1.3,R01,28,1471,10.4,192.9
1,1.3,R01,28,1471,10.5,194
1,1.3,R01,28,1471,10.6,195.6
1,1.3,R01,28,1471,10.7,196.8
1,1.3,R01,28,1471,10.8,197.9
1,1.3,R01,28,1471,10.9,199.6
1,1.3,R01,28,1471,11,200.7
1,1.3,R01,28,1471,11.1,202.4
1,1.3,R01,28,1471,11.2,203.4
1,1.3,R01,28,1471,11.3,205.1
1,1.3,R01,28,1471,11.4,206.1
1,1.3,R01,28,1471,11.5,207.1
1,1.3,R01,28,1471,11.6,208.6
1,1.3,R01,28,1471,11.7,209.7
1,1.3,R01,28,1471,11.8,210.8
1,1.3,R01,28,1471,11.9,212.1
1,1.3,R01,28,1471,12,213.2
1,1.3,R01,28,1471,12.1,214.6
1,1.3,R01,28,1471,12.2,215.5
1,1.3,R01,28,1471,12.3,216.9
1,1.3,R01,28,1471,12.4,217.8
1,1.3,R01,28,1471,12.5,218.7
1,1.3,R01,28,1471,12.6,220.2
1,1.3,R01,28,1471,12.7,221
1,1.3,R01,28,1471,12.8,221.8
1,1.3,R01,28,1471,12.9,223.2
1,1.3,R01,28,1471,13,224.1
1,1.3,R01,28,1471,13.1,225.4
1,1.3,R01,28,1471,13.2,226.3
1,1.3,R01,28,1471,13.3,227.4
1,1.3,R01,28,1471,13.4,228.1
1,1.3,R01,28,1471,13.5,228.8
1,1.3,R01,28,1471,13.6,229.9
1,1.3,R01,28,1471,13.7,230.7
1,1.3,R01,28,1471,13.8,231.5
1,1.3,R01,28,1471,13.9,232.5
1,1.3,R01,28,1471,14,233.3
1,1.3,R01,28,1471,14.1,234.3
1,1.3,R01,28,1471,14.2,235
1,1.3,R01,28,1471,14.3,235.9
1,1.3,R01,28,1471,14.4,236.6
1,1.3,R01,28,1471,14.5,237.2
1,1.3,R01,28,1471,14.6,238.2
1,1.3,R01,28,1471,14.7,238.9
1,1.3,R01,28,1471,14.8,239.6
1,1.3,R01,28,1471,14.9,240.5
1,1.3,R01,28,1471,15,241.2
1,1.3,R01,28,1471,15.1,242.2
1,1.3,R01,28,1471,15.2,242.8
1,1.3,R01,28,1471,15.3,243.7
1,1.3,R01,28,1471,15.4,244.3
1,1.3,R01,28,1471,15.5,244.9
1,1.3,R01,28,1471,15.6,245.7
1,1.3,R01,28,1471,15.7,246.3
1,1.3,R01,28,1471,15.8,247
1,1.3,R01,28,1471,15.9,247.9
1,1.3,R01,28,1471,16,248.4
1,1.3,R01,28,1471,16.1,249.3
1,1.3,R01,28,1471,16.2,249.9
1,1.3,R01,28,1471,16.3,250.8
1,1.3,R01,28,1471,16.4,251.3
1,1.3,R01,28,1471,16.5,251.7
1,1.3,R01,28,1471,16.6,252.5
1,1.3,R01,28,1471,16.7,253
1,1.3,R01,28,1471,16.8,253.4
1,1.3,R01,28,1471,16.9,254.1
1,1.3,R01,28,1471,17,254.6
1,1.3,R01,28,1471,17.1,255.2
1,1.3,R01,28,1471,17.2,255.7
1,1.3,R01,28,1471,17.3,256.4
1,1.3,R01,28,1471,17.4,256.8
1,1.3,R01,28,1471,17.5,257.2
1,1.3,R01,28,1471,17.6,257.9
1,1.3,R01,28,1471,17.7,258.3
1,1.3,R01,28,1471,17.8,258.8
1,1.3,R01,28,1471,17.9,259.4
1,1.3,R01,28,1471,18,259.9
1,1.3,R01,28,1471,18.1,260.6
1,1.3,R01,28,1471,18.2,261
1,1.3,R01,28,1471,18.3,261.7
1,1.3,R01,28,1471,18.4,262.1
1,1.3,R01,28,1471,18.5,262.5
1,1.3,R01,28,1471,18.6,263.2
1,1.3,R01,28,1471,18.7,263.6
1,1.3,R01,28,1471,18.8,264
1,1.3,R01,28,1471,18.9,264.7
1,1.3,R01,28,1471,19,265.1
1,1.3,R01,28,1471,19.1,265.7
1,1.3,R01,28,1471,19.2,266.1
1,1.3,R01,28,1471,19.3,266.6
1,1.3,R01,28,1471,19.4,266.9
1,1.3,R01,28,1471,19.5,267.3
1,1.3,R01,28,1471,19.6,267.7
1,1.3,R01,28,1471,19.7,268
1,1.3,R01,28,1471,19.8,268.2
1,1.3,R01,28,1471,19.9,268.6
1,1.3,R01,28,1471,20,268.9
1,1.3,R01,28,1471,20.1,269.3
1,1.3,R01,28,1471,20.2,269.7
1,1.3,R01,28,1471,20.3,270.1
1,1.3,R01,28,1471,20.4,270.5
1,1.3,R01,28,1471,20.5,270.7
1,1.3,R01,28,1471,20.6,271.1
1,1.3,R01,28,1471,20.7,271.4
1,1.3,R01,28,1471,20.8,271.7
1,1.3,R01,28,1471,20.9,272.2
1,1.3,R01,28,1471,21,272.4
1,1.3,R01,28,1471,21.1,272.9
1,1.3,R01,28,1471,21.2,273.2
1,1.3,R01,28,1471,21.3,273.6
1,1.3,R01,28,1471,21.4,273.9
1,1.3,R01,28,1471,21.5,274.1
1,1.3,R01,28,1471,21.6,274.5
1,1.3,R01,28,1471,21.7,274.8
1,1.3,R01,28,1471,21.8,275
1,1.3,R01,28,1471,21.9,275.4
1,1.3,R01,28,1471,22,275.7
1,1.3,R01,28,1471,22.1,276
1,1.3,R01,28,1471,22.2,276.3
1,1.3,R01,28,1471,22.3,276.7
1,1.3,R01,28,1471,22.4,276.9
1,1.3,R01,28,1471,22.5,277.2
1,1.3,R01,28,1471,22.6,277.6
1,1.3,R01,28,1471,22.7,277.8
1,1.3,R01,28,1471,22.8,278
1,1.3,R01,28,1471,22.9,278.4
1,1.3,R01,28,1471,23,278.6
1,1.3,R01,28,1471,23.1,279
1,1.3,R01,28,1471,23.2,279.2
1,1.3,R01,28,1471,23.3,279.5
1,1.3,R01,28,1471,23.4,279.8
1,1.3,R01,28,1471,23.5,280
1,1.3,R01,28,1471,23.6,280.3
1,1.3,R01,28,1471,23.7,280.5
1,1.3,R01,28,1471,23.8,280.8
1,1.3,R01,28,1471,23.9,281.1
1,1.3,R01,28,1471,24,281.3
1,1.3,R01,28,1471,24.1,281.6
1,1.3,R01,28,1471,24.2,281.7
1,1.3,R01,28,1471,24.3,282
1,1.3,R01,28,1471,24.4,282.2
1,1.3,R01,28,1471,24.5,282.4
1,1.3,R01,28,1471,24.6,282.7
1,1.3,R01,28,1471,24.7,282.9
1,1.3,R01,28,1471,24.8,283.1
1,1.3,R01,28,1471,24.9,283.4
1,1.3,R01,28,1471,25,283.6
1,1.3,R01,28,1471,25.1,283.8
1,1.3,R01,28,1471,25.2,284
1,1.3,R01,28,1471,25.3,284.3
1,1.3,R01,28,1471,25.4,284.5
1,1.3,R01,28,1471,25.5,284.6
1,1.3,R01,28,1471,25.6,285
1,1.3,R01,28,1471,25.7,285.2
1,1.3,R01,28,1471,25.8,285.4
1,1.3,R01,28,1471,25.9,285.8
1,1.3,R01,28,1471,26,286.1
1,1.3,R01,28,1471,26.1,286.5
1,1.3,R01,28,1471,26.2,286.7
1,1.3,R01,28,1471,26.3,287
1,1.3,R01,28,1471,26.4,287.1
1,1.3,R01,28,1471,26.5,287.3
1,1.3,R01,28,1471,26.6,287.6
1,1.3,R01,28,1471,26.7,287.7
1,1.3,R01,28,1471,26.8,287.9
1,1.3,R01,28,1471,26.9,288.1
1,1.3,R01,28,1471,27,288.3
1,1.3,R01,28,1471,27.1,288.5
1,1.3,R01,28,1471,27.2,288.7
1,1.3,R01,28,1471,27.3,288.7
1,1.3,R01,28,1471,27.4,288.7
1,1.3,R01,28,1471,27.5,288.7
1,1.3,R01,28,1471,27.6,288.7
1,1.3,R01,28,1471,27.7,288.7
1,1.3,R01,28,1471,27.8,288.7
1,1.3,R01,28,1472,0,0
1,1.3,R01,28,1472,0.1,2.844
1,1.3,R01,28,1472,0.2,11.54
1,1.3,R01,28,1472,0.3,25.32
1,1.3,R01,28,1472,0.4,36.1
1,1.3,R01,28,1472,0.5,48.47
1,1.3,R01,28,1472,0.6,67.66
1,1.3,R01,28,1472,0.7,79.17
1,1.3,R01,28,1472,0.8,90.58
1,1.3,R01,28,1472,0.9,106.9
1,1.3,R01,28,1472,1,117.3
1,1.3,R01,28,1472,1.1,133.5
1,1.3,R01,28,1472,1.2,144.5
1,1.3,R01,28,1472,1.3,161.8
1,1.3,R01,28,1472,1.4,173.1
1,1.3,R01,28,1472,1.5,184.5
1,1.3,R01,28,1472,1.6,200.7
1,1.3,R01,28,1472,1.7,208.1
1,1.3,R01,28,1472,1.8,215.7
1,1.3,R01,28,1472,1.9,225.5
1,1.3,R01,28,1472,2,229.1
1,1.3,R01,28,1472,2.1,234.1
1,1.3,R01,28,1472,2.2,237
1,1.3,R01,28,1472,2.3,241.3
1,1.3,R01,28,1472,2.4,244.1
1,1.3,R01,28,1472,2.5,246.7
1,1.3,R01,28,1472,2.6,250.3
1,1.3,R01,28,1472,2.7,252.4
1,1.3,R01,28,1472,2.8,254.3
1,1.3,R01,28,1472,2.9,256.9
1,1.3,R01,28,1472,3,258.7
1,1.3,R01,28,1472,3.1,261.4
1,1.3,R01,28,1472,3.2,262.9
1,1.3,R01,28,1472,3.3,265.2
1,1.3,R01,28,1472,3.4,266.8
1,1.3,R01,28,1472,3.5,268.3
1,1.3,R01,28,1472,3.6,270.5
1,1.3,R01,28,1472,3.7,272.1
1,1.3,R01,28,1472,3.8,273.3
1,1.3,R01,28,1472,3.9,274.9
1,1.3,R01,28,1472,4,275.9
1,1.3,R01,28,1472,4.1,277.5
1,1.3,R01,28,1472,4.2,278.5
1,1.3,R01,28,1472,4.3,280
1,1.3,R01,28,1472,4.4,281
1,1.3,R01,28,1472,4.5,282
1,1.3,R01,28,1472,4.6,283.5
1,1.3,R01,28,1472,4.7,284.5
1,1.3,R01,28,1472,4.8,285.4
1,1.3,R01,28,1472,4.9,286.8
1,1.3,R01,28,1472,5,287.8
1,1.3,R01,28,1472,5.1,289.3
1,1.3,R01,28,1472,5.2,290.4
1,1.3,R01,28,1472,5.3,291.8
1,1.3,R01,28,1472,5.4,292.8
1,1.3,R01,28,1472,5.5,293.8
1,1.3,R01,28,1472,5.6,295.3
1,1.3,R01,28,1472,5.7,296.1
1,1.3,R01,28,1472,5.8,297
1,1.3,R01,28,1472,5.9,298.5
1,1.3,R01,28,1472,6,299.3
1,1.3,R01,28,1472,6.1,300.6
1,1.3,R01,28,1472,6.2,301.5
1,1.3,R01,28,1472,6.3,303
1,1.3,R01,28,1472,6.4,304
1,1.3,R01,28,1472,6.5,304.9
1,1.3,R01,28,1472,6.6,306.3
1,1.3,R01,28,1472,6.7,307.2
1,1.3,R01,28,1472,6.8,308
1,1.3,R01,28,1472,6.9,309.1
1,1.3,R01,28,1472,7,310
1,1.3,R01,28,1472,7.1,311.2
1,1.3,R01,28,1472,7.2,312
1,1.3,R01,28,1472,7.3,313.2
1,1.3,R01,28,1472,7.4,314
1,1.3,R01,28,1472,7.5,314.9
1,1.3,R01,28,1472,7.6,316.2
1,1.3,R01,28,1472,7.7,317.1
1,1.3,R01,28,1472,7.8,317.9
1,1.3,R01,28,1472,7.9,319.1
1,1.3,R01,28,1472,8,320
1,1.3,R01,28,1472,8.1,321.1
1,1.3,R01,28,1472,8.2,321.9
1,1.3,R01,28,1472,8.3,323.2
1,1.3,R01,28,1472,8.4,324
1,1.3,R01,28,1472,8.5,324.7
1,1.3,R01,28,1472,8.6,325.8
1,1.3,R01,28,1472,8.7,326.5
1,1.3,R01,28,1472,8.8,327.2
1,1.3,R01,28,1472,8.9,328.2
1,1.3,R01,28,1472,9,328.9
1,1.3,R01,28,1472,9.1,329.8
1,1.3,R01,28,1472,9.2,330.4
1,1.3,R01,28,1472,9.3,331.2
1,1.3,R01,28,1472,9.4,331.8
1,1.3,R01,28,1472,9.5,332.3
1,1.3,R01,28,1472,9.6,333.1
1,1.3,R01,28,1472,9.7,333.6
1,1.3,R01,28,1472,9.8,334.2
1,1.3,R01,28,1472,9.9,335
1,1.3,R01,28,1472,10,335.6
1,1.3,R01,28,1472,10.1,336.4
1,1.3,R01,28,1472,10.2,337
1,1.3,R01,28,1472,10.3,337.8
1,1.3,R01,28,1472,10.4,338.3
1,1.3,R01,28,1472,10.5,338.8
1,1.3,R01,28,1472,10.6,339.5
1,1.3,R01,28,1472,10.7,340
1,1.3,R01,28,1472,10.8,340.5
1,1.3,R01,28,1472,10.9,341.2
1,1.3,R01,28,1472,11,341.6
1,1.3,R01,28,1472,11.1,342.2
1,1.3,R01,28,1472,11.2,342.7
1,1.3,R01,28,1472,11.3,343.4
1,1.3,R01,28,1472,11.4,343.8
1,1.3,R01,28,1472,11.5,344.2
1,1.3,R01,28,1472,11.6,344.8
1,1.3,R01,28,1472,11.7,345.2
1,1.3,R01,28,1472,11.8,345.6
1,1.3,R01,28,1472,11.9,346.2
1,1.3,R01,28,1472,12,346.7
1,1.3,R01,28,1472,12.1,347.2
1,1.3,R01,28,1472,12.2,347.6
1,1.3,R01,28,1472,12.3,348
1,1.3,R01,28,1472,12.4,348.4
1,1.3,R01,28,1472,12.5,348.8
1,1.3,R01,28,1472,12.6,349.4
1,1.3,R01,28,1472,12.7,349.7
1,1.3,R01,28,1472,12.8,350.1
1,1.3,R01,28,1472,12.9,350.6
1,1.3,R01,28,1472,13,350.9
1,1.3,R01,28,1472,13.1,351.4
1,1.3,R01,28,1472,13.2,351.7
1,1.3,R01,28,1472,13.3,352.1
1,1.3,R01,28,1472,13.4,352.4
1,1.3,R01,28,1472,13.5,352.6
1,1.3,R01,28,1472,13.6,353
1,1.3,R01,28,1472,13.7,353.3
1,1.3,R01,28,1472,13.8,353.6
1,1.3,R01,28,1472,13.9,353.9
1,1.3,R01,28,1472,14,354.2
1,1.3,R01,28,1472,14.1,354.5
1,1.3,R01,28,1472,14.2,354.7
1,1.3,R01,28,1472,14.3,355
1,1.3,R01,28,1472,14.4,355.2
1,1.3,R01,28,1472,14.5,355.4
1,1.3,R01,28,1472,14.6,355.7
1,1.3,R01,28,1472,14.7,355.9
1,1.3,R01,28,1472,14.8,356.2
1,1.3,R01,28,1472,14.9,356.6
1,1.3,R01,28,1472,15,356.8
1,1.3,R01,28,1472,15.1,357.2
1,1.3,R01,28,1472,15.2,357.4
1,1.3,R01,28,1472,15.3,357.7
1,1.3,R01,28,1472,15.4,357.9
1,1.3,R01,28,1472,15.5,358.1
1,1.3,R01,28,1472,15.6,358.4
1,1.3,R01,28,1472,15.7,358.6
1,1.3,R01,28,1472,15.8,358.8
1,1.3,R01,28,1472,15.9,359.2
1,1.3,R01,28,1472,16,359.4
1,1.3,R01,28,1472,16.1,359.8
1,1.3,R01,28,1472,16.2,360
1,1.3,R01,28,1472,16.3,360.4
1,1.3,R01,28,1472,16.4,360.6
1,1.3,R01,28,1472,16.5,360.7
1,1.3,R01,28,1472,16.6,361
1,1.3,R01,28,1472,16.7,361.1
1,1.3,R01,28,1472,16.8,361.3
1,1.3,R01,28,1472,16.9,361.5
1,1.3,R01,28,1472,17,361.7
1,1.3,R01,28,1472,17.1,361.9
1,1.3,R01,28,1472,17.2,362
1,1.3,R01,28,1472,17.3,362.2
1,1.3,R01,28,1472,17.4,362.3
1,1.3,R01,28,1472,17.5,362.5
1,1.3,R01,28,1472,17.6,362.7
1,1.3,R01,28,1472,17.7,362.8
1,1.3,R01,28,1472,17.8,363
1,1.3,R01,28,1472,17.9,363.2
1,1.3,R01,28,1472,18,363.4
1,1.3,R01,28,1472,18.1,363.7
1,1.3,R01,28,1472,18.2,363.9
1,1.3,R01,28,1472,18.3,364.2
1,1.3,R01,28,1472,18.4,364.4
1,1.3,R01,28,1472,18.5,364.6
1,1.3,R01,28,1472,18.6,364.8
1,1.3,R01,28,1472,18.7,365
1,1.3,R01,28,1472,18.8,365.2
1,1.3,R01,28,1472,18.9,365.5
1,1.3,R01,28,1472,19,365.7
1,1.3,R01,28,1472,19.1,365.9
1,1.3,R01,28,1472,19.2,366
1,1.3,R01,28,1472,19.3,366.2
1,1.3,R01,28,1472,19.4,366.3
1,1.3,R01,28,1472,19.5,366.4
1,1.3,R01,28,1472,19.6,366.6
1,1.3,R01,28,1472,19.7,366.7
1,1.3,R01,28,1472,19.8,366.8
1,1.3,R01,28,1472,19.9,366.9
1,1.3,R01,28,1472,20,367
1,1.3,R01,28,1472,20.1,367.2
1,1.3,R01,28,1472,20.2,367.2
1,1.3,R01,28,1472,20.3,367.4
1,1.3,R01,28,1472,20.4,367.4
1,1.3,R01,28,1472,20.5,367.5
1,1.3,R01,28,1472,20.6,367.7
1,1.3,R01,28,1472,20.7,367.8
1,1.3,R01,28,1472,20.8,367.9
1,1.3,R01,28,1472,20.9,368.1
1,1.3,R01,28,1472,21,368.2
1,1.3,R01,28,1472,21.1,368.4
1,1.3,R01,28,1472,21.2,368.5
1,1.3,R01,28,1472,21.3,368.7
1,1.3,R01,28,1472,21.4,368.8
1,1.3,R01,28,1472,21.5,368.9
1,1.3,R01,28,1472,21.6,369.1
1,1.3,R01,28,1472,21.7,369.2
1,1.3,R01,28,1472,21.8,369.3
1,1.3,R01,28,1472,21.9,369.4
1,1.3,R01,28,1472,22,369.5
1,1.3,R01,28,1472,22.1,369.6
1,1.3,R01,28,1472,22.2,369.7
1,1.3,R01,28,1472,22.3,369.9
1,1.3,R01,28,1472,22.4,370
1,1.3,R01,28,1472,22.5,370.1
1,1.3,R01,28,1472,22.6,370.3
1,1.3,R01,28,1472,22.7,370.4
1,1.3,R01,28,1472,22.8,370.5
1,1.3,R01,28,1472,22.9,370.7
1,1.3,R01,28,1472,23,370.8
1,1.3,R01,28,1472,23.1,371
1,1.3,R01,28,1472,23.2,371.1
1,1.3,R01,28,1472,23.3,371.2
1,1.3,R01,28,1472,23.4,371.3
1,1.3,R01,28,1472,23.5,371.3
1,1.3,R01,28,1472,23.6,371.5
1,1.3,R01,28,1472,23.7,371.5
1,1.3,R01,28,1472,23.8,371.6
1,1.3,R01,28,1472,23.9,371.8
1,1.3,R01,28,1472,24,371.8
1,1.3,R01,28,1472,24.1,372
1,1.3,R01,28,1472,24.2,372
1,1.3,R01,28,1472,24.3,372.1
1,1.3,R01,28,1472,24.4,372.2
1,1.3,R01,28,1472,24.5,372.3
1,1.3,R01,28,1472,24.6,372.4
1,1.3,R01,28,1472,24.7,372.4
1,1.3,R01,28,1472,24.8,372.5
1,1.3,R01,28,1472,24.9,372.6
1,1.3,R01,28,1472,25,372.7
1,1.3,R01,28,1472,25.1,372.8
1,1.3,R01,28,1472,25.2,372.9
1,1.3,R01,28,1472,25.3,373
1,1.3,R01,28,1472,25.4,373.1
1,1.3,R01,28,1472,25.5,373.2
1,1.3,R01,28,1472,25.6,373.4
1,1.3,R01,28,1472,25.7,373.5
1,1.3,R01,28,1472,25.8,373.7
1,1.3,R01,28,1472,25.9,373.8
1,1.3,R01,28,1472,26,373.9
1,1.3,R01,28,1472,26.1,374
1,1.3,R01,28,1472,26.2,374.1
1,1.3,R01,28,1472,26.3,374.2
1,1.3,R01,28,1472,26.4,374.3
1,1.3,R01,28,1472,26.5,374.5
1,1.3,R01,28,1472,26.6,374.6
1,1.3,R01,28,1472,26.7,374.7
1,1.3,R01,28,1472,26.8,374.8
1,1.3,R01,28,1472,26.9,375
1,1.3,R01,28,1472,27,375.1
1,1.3,R01,28,1472,27.1,375.3
1,1.3,R01,28,1472,27.2,375.4
1,1.3,R01,28,1472,27.3,375.4
1,1.3,R01,28,1472,27.4,375.4
1,1.3,R01,28,1472,27.5,375.4
1,1.3,R01,28,1472,27.6,375.4
1,1.3,R01,28,1472,27.7,375.4
1,1.3,R01,28,1472,27.8,375.4
1,1.3,R01,28,1473,0,0
1,1.3,R01,28,1473,0.1,-0.04283
1,1.3,R01,28,1473,0.2,0.4413
1,1.3,R01,28,1473,0.3,1.933
1,1.3,R01,28,1473,0.4,3.312
1,1.3,R01,28,1473,0.5,5.27
1,1.3,R01,28,1473,0.6,10.17
1,1.3,R01,28,1473,0.7,15.03
1,1.3,R01,28,1473,0.8,22.23
1,1.3,R01,28,1473,0.9,36.34
1,1.3,R01,28,1473,1,46.99
1,1.3,R01,28,1473,1.1,64.52
1,1.3,R01,28,1473,1.2,76.47
1,1.3,R01,28,1473,1.3,94.9
1,1.3,R01,28,1473,1.4,107.2
1,1.3,R01,28,1473,1.5,119.7
1,1.3,R01,28,1473,1.6,139
1,1.3,R01,28,1473,1.7,152.2
1,1.3,R01,28,1473,1.8,165.3
1,1.3,R01,28,1473,1.9,185.1
1,1.3,R01,28,1473,2,198.2
1,1.3,R01,28,1473,2.1,218.2
1,1.3,R01,28,1473,2.2,231.8
1,1.3,R01,28,1473,2.3,251.2
1,1.3,R01,28,1473,2.4,262.2
1,1.3,R01,28,1473,2.5,270.9
1,1.3,R01,28,1473,2.6,281.8
1,1.3,R01,28,1473,2.7,288.6
1,1.3,R01,28,1473,2.8,295.1
1,1.3,R01,28,1473,2.9,303.6
1,1.3,R01,28,1473,3,309
1,1.3,R01,28,1473,3.1,316.8
1,1.3,R01,28,1473,3.2,321.3
1,1.3,R01,28,1473,3.3,327
1,1.3,R01,28,1473,3.4,330.3
1,1.3,R01,28,1473,3.5,333.6
1,1.3,R01,28,1473,3.6,337.9
1,1.3,R01,28,1473,3.7,340.5
1,1.3,R01,28,1473,3.8,342.7
1,1.3,R01,28,1473,3.9,345.8
1,1.3,R01,28,1473,4,347.7
1,1.3,R01,28,1473,4.1,350.3
1,1.3,R01,28,1473,4.2,351.8
1,1.3,R01,28,1473,4.3,354
1,1.3,R01,28,1473,4.4,355.3
1,1.3,R01,28,1473,4.5,356.4
1,1.3,R01,28,1473,4.6,358.2
1,1.3,R01,28,1473,4.7,359
1,1.3,R01,28,1473,4.8,360
1,1.3,R01,28,1473,4.9,361.2
1,1.3,R01,28,1473,5,362
1,1.3,R01,28,1473,5.1,363.1
1,1.3,R01,28,1473,5.2,363.7
1,1.3,R01,28,1473,5.3,364.7
1,1.3,R01,28,1473,5.4,365.2
1,1.3,R01,28,1473,5.5,365.8
1,1.3,R01,28,1473,5.6,366.6
1,1.3,R01,28,1473,5.7,367.1
1,1.3,R01,28,1473,5.8,367.5
1,1.3,R01,28,1473,5.9,368
1,1.3,R01,28,1473,6,368.3
1,1.3,R01,28,1473,6.1,368.8
1,1.3,R01,28,1473,6.2,369.2
1,1.3,R01,28,1473,6.3,369.8
1,1.3,R01,28,1473,6.4,370.1
1,1.3,R01,28,1473,6.5,370.4
1,1.3,R01,28,1473,6.6,370.9
1,1.3,R01,28,1473,6.7,371.2
1,1.3,R01,28,1473,6.8,371.5
1,1.3,R01,28,1473,6.9,371.9
1,1.3,R01,28,1473,7,372.2
1,1.3,R01,28,1473,7.1,372.4
1,1.3,R01,28,1473,7.2,372.6
1,1.3,R01,28,1473,7.3,373
1,1.3,R01,28,1473,7.4,373.2
1,1.3,R01,28,1473,7.5,373.4
1,1.3,R01,28,1473,7.6,373.8
1,1.3,R01,28,1473,7.7,374.1
1,1.3,R01,28,1473,7.8,374.4
1,1.3,R01,28,1473,7.9,374.7
1,1.3,R01,28,1473,8,375
1,1.3,R01,28,1473,8.1,375.3
1,1.3,R01,28,1473,8.2,375.6
1,1.3,R01,28,1473,8.3,375.9
1,1.3,R01,28,1473,8.4,376.1
1,1.3,R01,28,1473,8.5,376.2
1,1.3,R01,28,1473,8.6,376.5
1,1.3,R01,28,1473,8.7,376.7
1,1.3,R01,28,1473,8.8,376.9
1,1.3,R01,28,1473,8.9,377.2
1,1.3,R01,28,1473,9,377.4
1,1.3,R01,28,1473,9.1,377.6
1,1.3,R01,28,1473,9.2,377.7
1,1.3,R01,28,1473,9.3,377.7
1,1.3,R01,28,1473,9.4,377.8
1,1.3,R01,28,1473,9.5,378
1,1.3,R01,28,1473,9.6,378.2
1,1.3,R01,28,1473,9.7,378.2
1,1.3,R01,28,1473,9.8,378.3
1,1.3,R01,28,1473,9.9,378.5
1,1.3,R01,28,1473,10,378.6
1,1.3,R01,28,1473,10.1,378.8
1,1.3,R01,28,1473,10.2,379
1,1.3,R01,28,1473,10.3,379.3
1,1.3,R01,28,1473,10.4,379.4
1,1.3,R01,28,1473,10.5,379.5
1,1.3,R01,28,1473,10.6,379.7
1,1.3,R01,28,1473,10.7,379.8
1,1.3,R01,28,1473,10.8,380
1,1.3,R01,28,1473,10.9,380.1
1,1.3,R01,28,1473,11,380.3
1,1.3,R01,28,1473,11.1,380.4
1,1.3,R01,28,1473,11.2,380.5
1,1.3,R01,28,1473,11.3,380.7
1,1.3,R01,28,1473,11.4,380.8
1,1.3,R01,28,1473,11.5,381
1,1.3,R01,28,1473,11.6,381.1
1,1.3,R01,28,1473,11.7,381.3
1,1.3,R01,28,1473,11.8,381.4
1,1.3,R01,28,1473,11.9,381.6
1,1.3,R01,28,1473,12,381.7
1,1.3,R01,28,1473,12.1,381.8
1,1.3,R01,28,1473,12.2,381.9
1,1.3,R01,28,1473,12.3,382
1,1.3,R01,28,1473,12.4,382.1
1,1.3,R01,28,1473,12.5,382.2
1,1.3,R01,28,1473,12.6,382.3
1,1.3,R01,28,1473,12.7,382.4
1,1.3,R01,28,1473,12.8,382.5
1,1.3,R01,28,1473,12.9,382.7
1,1.3,R01,28,1473,13,382.8
1,1.3,R01,28,1473,13.1,383
1,1.3,R01,28,1473,13.2,383.1
1,1.3,R01,28,1473,13.3,383.2
1,1.3,R01,28,1473,13.4,383.3
1,1.3,R01,28,1473,13.5,383.3
1,1.3,R01,28,1473,13.6,383.4
1,1.3,R01,28,1473,13.7,383.5
1,1.3,R01,28,1473,13.8,383.5
1,1.3,R01,28,1473,13.9,383.6
1,1.3,R01,28,1473,14,383.6
1,1.3,R01,28,1473,14.1,383.7
1,1.3,R01,28,1473,14.2,383.8
1,1.3,R01,28,1473,14.3,383.8
1,1.3,R01,28,1473,14.4,383.9
1,1.3,R01,28,1473,14.5,384
1,1.3,R01,28,1473,14.6,384.1
1,1.3,R01,28,1473,14.7,384.2
1,1.3,R01,28,1473,14.8,384.3
1,1.3,R01,28,1473,14.9,384.4
1,1.3,R01,28,1473,15,384.5
1,1.3,R01,28,1473,15.1,384.6
1,1.3,R01,28,1473,15.2,384.7
1,1.3,R01,28,1473,15.3,384.8
1,1.3,R01,28,1473,15.4,384.8
1,1.3,R01,28,1473,15.5,384.9
1,1.3,R01,28,1473,15.6,385
1,1.3,R01,28,1473,15.7,385.1
1,1.3,R01,28,1473,15.8,385.1
1,1.3,R01,28,1473,15.9,385.2
1,1.3,R01,28,1473,16,385.3
1,1.3,R01,28,1473,16.1,385.4
1,1.3,R01,28,1473,16.2,385.5
1,1.3,R01,28,1473,16.3,385.7
1,1.3,R01,28,1473,16.4,385.8
1,1.3,R01,28,1473,16.5,385.8
1,1.3,R01,28,1473,16.6,385.9
1,1.3,R01,28,1473,16.7,385.9
1,1.3,R01,28,1473,16.8,386
1,1.3,R01,28,1473,16.9,386.1
1,1.3,R01,28,1473,17,386.1
1,1.3,R01,28,1473,17.1,386.2
1,1.3,R01,28,1473,17.2,386.3
1,1.3,R01,28,1473,17.3,386.3
1,1.3,R01,28,1473,17.4,386.4
1,1.3,R01,28,1473,17.5,386.4
1,1.3,R01,28,1473,17.6,386.5
1,1.3,R01,28,1473,17.7,386.5
1,1.3,R01,28,1473,17.8,386.6
1,1.3,R01,28,1473,17.9,386.7
1,1.3,R01,28,1473,18,386.8
1,1.3,R01,28,1473,18.1,386.9
1,1.3,R01,28,1473,18.2,387
1,1.3,R01,28,1473,18.3,387.1
1,1.3,R01,28,1473,18.4,387.2
1,1.3,R01,28,1473,18.5,387.3
1,1.3,R01,28,1473,18.6,387.5
1,1.3,R01,28,1473,18.7,387.5
1,1.3,R01,28,1473,18.8,387.6
1,1.3,R01,28,1473,18.9,387.8
1,1.3,R01,28,1473,19,387.8
1,1.3,R01,28,1473,19.1,387.9
1,1.3,R01,28,1473,19.2,387.9
1,1.3,R01,28,1473,19.3,388
1,1.3,R01,28,1473,19.4,388
1,1.3,R01,28,1473,19.5,388.1
1,1.3,R01,28,1473,19.6,388.1
1,1.3,R01,28,1473,19.7,388.1
1,1.3,R01,28,1473,19.8,388.2
1,1.3,R01,28,1473,19.9,388.2
1,1.3,R01,28,1473,20,388.2
1,1.3,R01,28,1473,20.1,388.3
1,1.3,R01,28,1473,20.2,388.3
1,1.3,R01,28,1473,20.3,388.4
1,1.3,R01,28,1473,20.4,388.4
1,1.3,R01,28,1473,20.5,388.4
1,1.3,R01,28,1473,20.6,388.5
1,1.3,R01,28,1473,20.7,388.5
1,1.3,R01,28,1473,20.8,388.6
1,1.3,R01,28,1473,20.9,388.7
1,1.3,R01,28,1473,21,388.7
1,1.3,R01,28,1473,21.1,388.8
1,1.3,R01,28,1473,21.2,388.8
1,1.3,R01,28,1473,21.3,388.9
1,1.3,R01,28,1473,21.4,389
1,1.3,R01,28,1473,21.5,389
1,1.3,R01,28,1473,21.6,389.1
1,1.3,R01,28,1473,21.7,389.1
1,1.3,R01,28,1473,21.8,389.1
1,1.3,R01,28,1473,21.9,389.2
1,1.3,R01,28,1473,22,389.2
1,1.3,R01,28,1473,22.1,389.3
1,1.3,R01,28,1473,22.2,389.3
1,1.3,R01,28,1473,22.3,389.4
1,1.3,R01,28,1473,22.4,389.4
1,1.3,R01,28,1473,22.5,389.5
1,1.3,R01,28,1473,22.6,389.5
1,1.3,R01,28,1473,22.7,389.5
1,1.3,R01,28,1473,22.8,389.6
1,1.3,R01,28,1473,22.9,389.7
1,1.3,R01,28,1473,23,389.7
1,1.3,R01,28,1473,23.1,389.8
1,1.3,R01,28,1473,23.2,389.8
1,1.3,R01,28,1473,23.3,389.9
1,1.3,R01,28,1473,23.4,389.9
1,1.3,R01,28,1473,23.5,390
1,1.3,R01,28,1473,23.6,390
1,1.3,R01,28,1473,23.7,390.1
1,1.3,R01,28,1473,23.8,390.1
1,1.3,R01,28,1473,23.9,390.2
1,1.3,R01,28,1473,24,390.2
1,1.3,R01,28,1473,24.1,390.3
1,1.3,R01,28,1473,24.2,390.3
1,1.3,R01,28,1473,24.3,390.4
1,1.3,R01,28,1473,24.4,390.4
1,1.3,R01,28,1473,24.5,390.5
1,1.3,R01,28,1473,24.6,390.5
1,1.3,R01,28,1473,24.7,390.6
1,1.3,R01,28,1473,24.8,390.6
1,1.3,R01,28,1473,24.9,390.7
1,1.3,R01,28,1473,25,390.7
1,1.3,R01,28,1473,25.1,390.8
1,1.3,R01,28,1473,25.2,390.8
1,1.3,R01,28,1473,25.3,390.9
1,1.3,R01,28,1473,25.4,390.9
1,1.3,R01,28,1473,25.5,391
1,1.3,R01,28,1473,25.6,391.1
1,1.3,R01,28,1473,25.7,391.2
1,1.3,R01,28,1473,25.8,391.3
1,1.3,R01,28,1473,25.9,391.5
1,1.3,R01,28,1473,26,391.6
1,1.3,R01,28,1473,26.1,391.7
1,1.3,R01,28,1473,26.2,391.7
1,1.3,R01,28,1473,26.3,391.7
1,1.3,R01,28,1473,26.4,391.7
1,1.3,R01,28,1473,26.5,391.7
1,1.3,R01,28,1473,26.6,391.7
1,1.3,R01,28,1473,26.7,391.7
1,1.3,R01,28,1473,26.8,391.7
1,1.3,R01,28,1473,26.9,391.7
1,1.3,R01,28,1473,27,391.7
1,1.3,R01,28,1473,27.1,391.7
1,1.3,R01,28,1473,27.2,391.7
1,1.3,R01,28,1473,27.3,391.7
1,1.3,R01,28,1473,27.4,391.7
1,1.3,R01,28,1473,27.5,391.7
1,1.3,R01,28,1473,27.6,391.7
1,1.3,R01,28,1473,27.7,391.7
1,1.3,R01,28,1473,27.8,391.7
1,1.3,R02,117,202,0,0
1,1.3,R02,117,202,3,184.5
1,1.3,R02,117,202,5,246
1,1.3,R02,117,202,7,264.5
1,1.3,R02,117,202,10,293.4
1,1.3,R02,117,202,14,314
1,1.3,R02,117,202,17,324.7
1,1.3,R02,117,202,21,332.2
1,1.3,R02,117,202,27,336.7
1,1.3,R02,117,202,33,341.9
1,1.3,R02,117,202,42,338.3
1,1.3,R02,117,203,0,0
1,1.3,R02,117,203,3,196.5
1,1.3,R02,117,203,5,255.7
1,1.3,R02,117,203,7,275.2
1,1.3,R02,117,203,10,303.2
1,1.3,R02,117,203,14,323.7
1,1.3,R02,117,203,17,333.7
1,1.3,R02,117,203,21,340.9
1,1.3,R02,117,203,27,345.6
1,1.3,R02,117,203,33,350.5
1,1.3,R02,117,203,42,350.3
1,1.3,R02,117,204,0,0
1,1.3,R02,117,204,3,191.7
1,1.3,R02,117,204,5,257.3
1,1.3,R02,117,204,7,277.6
1,1.3,R02,117,204,10,306
1,1.3,R02,117,204,14,327.8
1,1.3,R02,117,204,17,338.6
1,1.3,R02,117,204,21,346.5
1,1.3,R02,117,204,27,351.9
1,1.3,R02,117,204,33,356.7
1,1.3,R02,117,204,42,356.6
1,1.3,R02,117,205,0,0
1,1.3,R02,117,205,3,62.88
1,1.3,R02,117,205,5,204.9
1,1.3,R02,117,205,7,309
1,1.3,R02,117,205,10,364.6
1,1.3,R02,117,205,14,380.8
1,1.3,R02,117,205,17,383.9
1,1.3,R02,117,205,21,386.3
1,1.3,R02,117,205,27,385.9
1,1.3,R02,117,205,33,386.6
1,1.3,R02,117,205,42,380.8
1,1.3,R02,117,206,0,0
1,1.3,R02,117,206,3,55.59
1,1.3,R02,117,206,5,188.2
1,1.3,R02,117,206,7,294.3
1,1.3,R02,117,206,10,366.1
1,1.3,R02,117,206,14,383.7
1,1.3,R02,117,206,17,388.7
1,1.3,R02,117,206,21,391.2
1,1.3,R02,117,206,27,392.6
1,1.3,R02,117,206,33,394.2
1,1.3,R02,117,206,42,389.6
1,1.3,R02,117,207,0,0
1,1.3,R02,117,207,3,57.43
1,1.3,R02,117,207,5,195.3
1,1.3,R02,117,207,7,303.4
1,1.3,R02,117,207,10,365.5
1,1.3,R02,117,207,14,383.4
1,1.3,R02,117,207,17,389.5
1,1.3,R02,117,207,21,394.1
1,1.3,R02,117,207,27,394.3
1,1.3,R02,117,207,33,395
1,1.3,R02,117,207,42,390.1
1,1.3,R02,117,211,0,0
1,1.3,R02,117,211,3,157.5
1,1.3,R02,117,211,5,278.9
1,1.3,R02,117,211,7,356
1,1.3,R02,117,211,10,424.3
1,1.3,R02,117,211,14,474.6
1,1.3,R02,117,211,17,499.2
1,1.3,R02,117,211,21,517.4
1,1.3,R02,117,211,27,529.2
1,1.3,R02,117,211,33,535.2
1,1.3,R02,117,211,42,535.1
1,1.3,R02,117,212,0,0
1,1.3,R02,117,212,3,146.1
1,1.3,R02,117,212,5,269.6
1,1.3,R02,117,212,7,348.4
1,1.3,R02,117,212,10,416.7
1,1.3,R02,117,212,14,482
1,1.3,R02,117,212,17,512.8
1,1.3,R02,117,212,21,533.3
1,1.3,R02,117,212,27,546.4
1,1.3,R02,117,212,33,553
1,1.3,R02,117,212,42,554.6
1,1.3,R02,117,213,0,0
1,1.3,R02,117,213,3,147.9
1,1.3,R02,117,213,5,275
1,1.3,R02,117,213,7,351.8
1,1.3,R02,117,213,10,417.8
1,1.3,R02,117,213,14,467.7
1,1.3,R02,117,213,17,493.4
1,1.3,R02,117,213,21,513.1
1,1.3,R02,117,213,27,527.2
1,1.3,R02,117,213,33,533.8
1,1.3,R02,117,213,42,535
1,1.3,R02,117,214,0,0
1,1.3,R02,117,214,3,40.06
1,1.3,R02,117,214,5,91.42
1,1.3,R02,117,214,7,123.2
1,1.3,R02,117,214,10,161.6
1,1.3,R02,117,214,14,201.4
1,1.3,R02,117,214,17,226.3
1,1.3,R02,117,214,21,251.4
1,1.3,R02,117,214,27,275.2
1,1.3,R02,117,214,33,290.3
1,1.3,R02,117,214,42,298.9
1,1.3,R02,117,215,0,0
1,1.3,R02,117,215,3,36.58
1,1.3,R02,117,215,5,85.76
1,1.3,R02,117,215,7,115.7
1,1.3,R02,117,215,10,152.2
1,1.3,R02,117,215,14,190.6
1,1.3,R02,117,215,17,214.8
1,1.3,R02,117,215,21,240
1,1.3,R02,117,215,27,258.1
1,1.3,R02,117,215,33,274.4
1,1.3,R02,117,215,42,283.8
1,1.3,R02,117,216,0,0
1,1.3,R02,117,216,3,39.54
1,1.3,R02,117,216,5,89.53
1,1.3,R02,117,216,7,117.9
1,1.3,R02,117,216,10,152.8
1,1.3,R02,117,216,14,192.1
1,1.3,R02,117,216,17,216.3
1,1.3,R02,117,216,21,241
1,1.3,R02,117,216,27,264.8
1,1.3,R02,117,216,33,280.6
1,1.3,R02,117,216,42,290.6
1,1.3,R03,11,1556,0,0
1,1.3,R03,11,1556,1,103.8
1,1.3,R03,11,1556,2,186.8
1,1.3,R03,11,1556,2.8,226.6
1,1.3,R03,11,1556,3.7,246
1,1.3,R03,11,1556,4.8,258.2
1,1.3,R03,11,1556,6.8,272.6
1,1.3,R03,11,1556,9.2,288.5
1,1.3,R03,11,1556,11.1,297
1,1.3,R03,11,1556,13.8,304.9
1,1.3,R03,11,1556,16.8,312.5
1,1.3,R03,11,1556,21.1,319.9
1,1.3,R03,11,1556,24.1,321.9
1,1.3,R03,11,1556,28.1,324.7
1,1.3,R03,11,1556,30.9,325.3
1,1.3,R03,11,1556,35,327.3
1,1.3,R03,11,1556,38.8,329.3
1,1.3,R03,11,1556,44,331.1
1,1.3,R03,11,1557,0,0
1,1.3,R03,11,1557,1,104.3
1,1.3,R03,11,1557,2,188.7
1,1.3,R03,11,1557,2.8,230.6
1,1.3,R03,11,1557,3.7,250
1,1.3,R03,11,1557,4.8,262.5
1,1.3,R03,11,1557,6.8,280.2
1,1.3,R03,11,1557,9.2,295.8
1,1.3,R03,11,1557,11.1,304.6
1,1.3,R03,11,1557,13.8,311.7
1,1.3,R03,11,1557,16.8,319.3
1,1.3,R03,11,1557,21.1,326
1,1.3,R03,11,1557,24.1,327.8
1,1.3,R03,11,1557,28.1,330.5
1,1.3,R03,11,1557,30.9,330.9
1,1.3,R03,11,1557,35,332.7
1,1.3,R03,11,1557,38.8,334.8
1,1.3,R03,11,1557,44,336.8
1,1.3,R03,11,1558,0,0
1,1.3,R03,11,1558,1,103.8
1,1.3,R03,11,1558,2,188.4
1,1.3,R03,11,1558,2.8,230.5
1,1.3,R03,11,1558,3.7,250.6
1,1.3,R03,11,1558,4.8,263.7
1,1.3,R03,11,1558,6.8,282
1,1.3,R03,11,1558,9.2,298.2
1,1.3,R03,11,1558,11.1,307.3
1,1.3,R03,11,1558,13.8,315
1,1.3,R03,11,1558,16.8,322.9
1,1.3,R03,11,1558,21.1,330.2
1,1.3,R03,11,1558,24.1,332.3
1,1.3,R03,11,1558,28.1,335.6
1,1.3,R03,11,1558,30.9,336.4
1,1.3,R03,11,1558,35,338.5
1,1.3,R03,11,1558,38.8,341.3
1,1.3,R03,11,1558,44,343.8
1,1.3,R03,11,1559,0,0
1,1.3,R03,11,1559,1,103.2
1,1.3,R03,11,1559,2,188
1,1.3,R03,11,1559,2.8,229.6
1,1.3,R03,11,1559,3.7,249.6
1,1.3,R03,11,1559,4.8,262
1,1.3,R03,11,1559,6.8,280.6
1,1.3,R03,11,1559,9.2,296.8
1,1.3,R03,11,1559,11.1,305.8
1,1.3,R03,11,1559,13.8,313.9
1,1.3,R03,11,1559,16.8,321.7
1,1.3,R03,11,1559,21.1,329
1,1.3,R03,11,1559,24.1,331.1
1,1.3,R03,11,1559,28.1,334.4
1,1.3,R03,11,1559,30.9,335.1
1,1.3,R03,11,1559,35,337.2
1,1.3,R03,11,1559,38.8,339.3
1,1.3,R03,11,1559,44,341.2
1,1.3,R03,11,1560,0,0
1,1.3,R03,11,1560,1,26.71
1,1.3,R03,11,1560,2,150.7
1,1.3,R03,11,1560,2.8,218.5
1,1.3,R03,11,1560,3.7,280.6
1,1.3,R03,11,1560,4.8,329
1,1.3,R03,11,1560,6.8,346.7
1,1.3,R03,11,1560,9.2,360.1
1,1.3,R03,11,1560,11.1,365.8
1,1.3,R03,11,1560,13.8,368.5
1,1.3,R03,11,1560,16.8,372
1,1.3,R03,11,1560,21.1,374.3
1,1.3,R03,11,1560,24.1,373.7
1,1.3,R03,11,1560,28.1,372.8
1,1.3,R03,11,1560,30.9,372.3
1,1.3,R03,11,1560,35,371.4
1,1.3,R03,11,1560,38.8,371.2
1,1.3,R03,11,1560,44,370.7
1,1.3,R03,11,1561,0,0
1,1.3,R03,11,1561,1,23.41
1,1.3,R03,11,1561,2,139.5
1,1.3,R03,11,1561,2.8,204.1
1,1.3,R03,11,1561,3.7,260.7
1,1.3,R03,11,1561,4.8,305.3
1,1.3,R03,11,1561,6.8,322.1
1,1.3,R03,11,1561,9.2,333.4
1,1.3,R03,11,1561,11.1,337.9
1,1.3,R03,11,1561,13.8,340
1,1.3,R03,11,1561,16.8,342.7
1,1.3,R03,11,1561,21.1,344.3
1,1.3,R03,11,1561,24.1,343
1,1.3,R03,11,1561,28.1,341.8
1,1.3,R03,11,1561,30.9,340.8
1,1.3,R03,11,1561,35,339.2
1,1.3,R03,11,1561,38.8,338.9
1,1.3,R03,11,1561,44,338
1,1.3,R03,11,1562,0,0
1,1.3,R03,11,1562,1,25.09
1,1.3,R03,11,1562,2,143
1,1.3,R03,11,1562,2.8,213.7
1,1.3,R03,11,1562,3.7,270.8
1,1.3,R03,11,1562,4.8,315.7
1,1.3,R03,11,1562,6.8,332.5
1,1.3,R03,11,1562,9.2,345
1,1.3,R03,11,1562,11.1,349.3
1,1.3,R03,11,1562,13.8,350.7
1,1.3,R03,11,1562,16.8,353.4
1,1.3,R03,11,1562,21.1,355
1,1.3,R03,11,1562,24.1,353.5
1,1.3,R03,11,1562,28.1,352.5
1,1.3,R03,11,1562,30.9,351.4
1,1.3,R03,11,1562,35,349.9
1,1.3,R03,11,1562,38.8,349.4
1,1.3,R03,11,1562,44,348.3
1,1.3,R03,11,1563,0,0
1,1.3,R03,11,1563,1,25.26
1,1.3,R03,11,1563,2,146.3
1,1.3,R03,11,1563,2.8,215.1
1,1.3,R03,11,1563,3.7,275.5
1,1.3,R03,11,1563,4.8,321
1,1.3,R03,11,1563,6.8,340.1
1,1.3,R03,11,1563,9.2,353.3
1,1.3,R03,11,1563,11.1,358.9
1,1.3,R03,11,1563,13.8,361.6
1,1.3,R03,11,1563,16.8,365.3
1,1.3,R03,11,1563,21.1,367.9
1,1.3,R03,11,1563,24.1,367
1,1.3,R03,11,1563,28.1,366.6
1,1.3,R03,11,1563,30.9,365.9
1,1.3,R03,11,1563,35,365.2
1,1.3,R03,11,1563,38.8,364.9
1,1.3,R03,11,1563,44,364.6
1,1.3,R03,11,1568,0,0
1,1.3,R03,11,1568,1,76.04
1,1.3,R03,11,1568,2,165.5
1,1.3,R03,11,1568,2.8,216.5
1,1.3,R03,11,1568,3.7,265.2
1,1.3,R03,11,1568,4.8,314.9
1,1.3,R03,11,1568,6.8,382.6
1,1.3,R03,11,1568,9.2,429.4
1,1.3,R03,11,1568,11.1,456.4
1,1.3,R03,11,1568,13.8,477.5
1,1.3,R03,11,1568,16.8,494.4
1,1.3,R03,11,1568,21.1,508
1,1.3,R03,11,1568,24.1,512.6
1,1.3,R03,11,1568,28.1,517.3
1,1.3,R03,11,1568,30.9,519.1
1,1.3,R03,11,1568,35,522
1,1.3,R03,11,1568,38.8,525.5
1,1.3,R03,11,1568,44,529.2
1,1.3,R03,11,1569,0,0
1,1.3,R03,11,1569,1,74.35
1,1.3,R03,11,1569,2,162.8
1,1.3,R03,11,1569,2.8,215.4
1,1.3,R03,11,1569,3.7,263.1
1,1.3,R03,11,1569,4.8,312.5
1,1.3,R03,11,1569,6.8,381.2
1,1.3,R03,11,1569,9.2,429.6
1,1.3,R03,11,1569,11.1,457.8
1,1.3,R03,11,1569,13.8,479.5
1,1.3,R03,11,1569,16.8,496.7
1,1.3,R03,11,1569,21.1,510.6
1,1.3,R03,11,1569,24.1,515.7
1,1.3,R03,11,1569,28.1,519.7
1,1.3,R03,11,1569,30.9,521
1,1.3,R03,11,1569,35,523.8
1,1.3,R03,11,1569,38.8,527.1
1,1.3,R03,11,1569,44,530.2
1,1.3,R03,11,1570,0,0
1,1.3,R03,11,1570,1,75.92
1,1.3,R03,11,1570,2,166.5
1,1.3,R03,11,1570,2.8,219.9
1,1.3,R03,11,1570,3.7,270.3
1,1.3,R03,11,1570,4.8,321.8
1,1.3,R03,11,1570,6.8,393.7
1,1.3,R03,11,1570,9.2,442.6
1,1.3,R03,11,1570,11.1,471.6
1,1.3,R03,11,1570,13.8,493.9
1,1.3,R03,11,1570,16.8,512.1
1,1.3,R03,11,1570,21.1,526.4
1,1.3,R03,11,1570,24.1,531.9
1,1.3,R03,11,1570,28.1,536.6
1,1.3,R03,11,1570,30.9,538.9
1,1.3,R03,11,1570,35,541.8
1,1.3,R03,11,1570,38.8,545.3
1,1.3,R03,11,1570,44,548.6
1,1.3,R03,11,1571,0,0
1,1.3,R03,11,1571,1,74.25
1,1.3,R03,11,1571,2,162.4
1,1.3,R03,11,1571,2.8,213.5
1,1.3,R03,11,1571,3.7,261.3
1,1.3,R03,11,1571,4.8,309.7
1,1.3,R03,11,1571,6.8,376.5
1,1.3,R03,11,1571,9.2,425.9
1,1.3,R03,11,1571,11.1,455.1
1,1.3,R03,11,1571,13.8,478.4
1,1.3,R03,11,1571,16.8,496
1,1.3,R03,11,1571,21.1,510.2
1,1.3,R03,11,1571,24.1,515.6
1,1.3,R03,11,1571,28.1,519.8
1,1.3,R03,11,1571,30.9,521.7
1,1.3,R03,11,1571,35,524.5
1,1.3,R03,11,1571,38.8,528
1,1.3,R03,11,1571,44,531.6
1,1.3,R03,11,1572,0,0
1,1.3,R03,11,1572,1,24.48
1,1.3,R03,11,1572,2,46.53
1,1.3,R03,11,1572,2.8,59.71
1,1.3,R03,11,1572,3.7,72.73
1,1.3,R03,11,1572,4.8,85.29
1,1.3,R03,11,1572,6.8,110.8
1,1.3,R03,11,1572,9.2,137.7
1,1.3,R03,11,1572,11.1,159.7
1,1.3,R03,11,1572,13.8,183.4
1,1.3,R03,11,1572,16.8,206.9
1,1.3,R03,11,1572,21.1,229.5
1,1.3,R03,11,1572,24.1,240.3
1,1.3,R03,11,1572,28.1,250.6
1,1.3,R03,11,1572,30.9,256.2
1,1.3,R03,11,1572,35,260.8
1,1.3,R03,11,1572,38.8,266.4
1,1.3,R03,11,1572,44,272
1,1.3,R03,11,1573,0,0
1,1.3,R03,11,1573,1,24.81
1,1.3,R03,11,1573,2,47.49
1,1.3,R03,11,1573,2.8,60.66
1,1.3,R03,11,1573,3.7,73.34
1,1.3,R03,11,1573,4.8,86.23
1,1.3,R03,11,1573,6.8,111.4
1,1.3,R03,11,1573,9.2,140.9
1,1.3,R03,11,1573,11.1,163.2
1,1.3,R03,11,1573,13.8,186.8
1,1.3,R03,11,1573,16.8,210.3
1,1.3,R03,11,1573,21.1,231.9
1,1.3,R03,11,1573,24.1,242.7
1,1.3,R03,11,1573,28.1,252.7
1,1.3,R03,11,1573,30.9,258.3
1,1.3,R03,11,1573,35,263.2
1,1.3,R03,11,1573,38.8,268.7
1,1.3,R03,11,1573,44,275.8
1,1.3,R03,11,1574,0,0
1,1.3,R03,11,1574,1,22.3
1,1.3,R03,11,1574,2,42.56
1,1.3,R03,11,1574,2.8,54.12
1,1.3,R03,11,1574,3.7,65.24
1,1.3,R03,11,1574,4.8,75.9
1,1.3,R03,11,1574,6.8,98.94
1,1.3,R03,11,1574,9.2,125
1,1.3,R03,11,1574,11.1,145.4
1,1.3,R03,11,1574,13.8,167.7
1,1.3,R03,11,1574,16.8,192.3
1,1.3,R03,11,1574,21.1,215.6
1,1.3,R03,11,1574,24.1,226.2
1,1.3,R03,11,1574,28.1,236.4
1,1.3,R03,11,1574,30.9,241.9
1,1.3,R03,11,1574,35,246.6
1,1.3,R03,11,1574,38.8,252.3
1,1.3,R03,11,1574,44,260.1
1,1.3,R03,11,1575,0,0
1,1.3,R03,11,1575,1,25.57
1,1.3,R03,11,1575,2,47.61
1,1.3,R03,11,1575,2.8,60.67
1,1.3,R03,11,1575,3.7,72.21
1,1.3,R03,11,1575,4.8,84.64
1,1.3,R03,11,1575,6.8,111.5
1,1.3,R03,11,1575,9.2,139.8
1,1.3,R03,11,1575,11.1,163.1
1,1.3,R03,11,1575,13.8,186.7
1,1.3,R03,11,1575,16.8,210.2
1,1.3,R03,11,1575,21.1,233.4
1,1.3,R03,11,1575,24.1,244.4
1,1.3,R03,11,1575,28.1,254.6
1,1.3,R03,11,1575,30.9,260.2
1,1.3,R03,11,1575,35,265.3
1,1.3,R03,11,1575,38.8,270.6
1,1.3,R03,11,1575,44,277.7
1,1.3,R04,59,88,0,0.03565
1,1.3,R04,59,88,0.9,58.28
1,1.3,R04,59,88,1.9,98.21
1,1.3,R04,59,88,3,156.9
1,1.3,R04,59,88,3.8,189.7
1,1.3,R04,59,88,6.8,247
1,1.3,R04,59,88,8.8,283
1,1.3,R04,59,88,10.9,296.8
1,1.3,R04,59,88,13.8,311.2
1,1.3,R04,59,88,15.8,317.8
1,1.3,R04,59,88,17.9,321.1
1,1.3,R04,59,88,20.9,326.8
1,1.3,R04,59,88,22.8,327.1
1,1.3,R04,59,88,24.9,327
1,1.3,R04,59,88,28.8,330
1,1.3,R04,59,88,30.8,330.3
1,1.3,R04,59,88,35.8,332.3
1,1.3,R04,59,88,37.8,332.1
1,1.3,R04,59,88,41.9,333.9
1,1.3,R04,59,88,44.8,334.3
1,1.3,R04,59,89,0,0.03687
1,1.3,R04,59,89,0.9,58.72
1,1.3,R04,59,89,1.9,98.22
1,1.3,R04,59,89,3,158.9
1,1.3,R04,59,89,3.8,191.6
1,1.3,R04,59,89,6.8,249.5
1,1.3,R04,59,89,8.8,286.2
1,1.3,R04,59,89,10.9,300
1,1.3,R04,59,89,13.8,312.6
1,1.3,R04,59,89,15.8,319
1,1.3,R04,59,89,17.9,322.4
1,1.3,R04,59,89,20.9,326.9
1,1.3,R04,59,89,22.8,326.9
1,1.3,R04,59,89,24.9,326.7
1,1.3,R04,59,89,28.8,328.5
1,1.3,R04,59,89,30.8,328.8
1,1.3,R04,59,89,35.8,330.5
1,1.3,R04,59,89,37.8,330.3
1,1.3,R04,59,89,41.9,331.6
1,1.3,R04,59,89,44.8,331.9
1,1.3,R04,59,90,0,0.03988
1,1.3,R04,59,90,0.9,57.36
1,1.3,R04,59,90,1.9,96.34
1,1.3,R04,59,90,3,158.2
1,1.3,R04,59,90,3.8,191.9
1,1.3,R04,59,90,6.8,251.9
1,1.3,R04,59,90,8.8,290
1,1.3,R04,59,90,10.9,305.3
1,1.3,R04,59,90,13.8,321.1
1,1.3,R04,59,90,15.8,328.4
1,1.3,R04,59,90,17.9,331.7
1,1.3,R04,59,90,20.9,336.6
1,1.3,R04,59,90,22.8,336.5
1,1.3,R04,59,90,24.9,336.2
1,1.3,R04,59,90,28.8,338.8
1,1.3,R04,59,90,30.8,339
1,1.3,R04,59,90,35.8,340.8
1,1.3,R04,59,90,37.8,340.5
1,1.3,R04,59,90,41.9,342
1,1.3,R04,59,90,44.8,342.3
1,1.3,R04,59,94,0,0.008321
1,1.3,R04,59,94,0.9,0.7184
1,1.3,R04,59,94,1.9,5.398
1,1.3,R04,59,94,3,50.46
1,1.3,R04,59,94,3.8,98.22
1,1.3,R04,59,94,6.8,218.8
1,1.3,R04,59,94,8.8,279
1,1.3,R04,59,94,10.9,309.5
1,1.3,R04,59,94,13.8,331.7
1,1.3,R04,59,94,15.8,339.7
1,1.3,R04,59,94,17.9,341.9
1,1.3,R04,59,94,20.9,346.5
1,1.3,R04,59,94,22.8,345.9
1,1.3,R04,59,94,24.9,344.9
1,1.3,R04,59,94,28.8,346
1,1.3,R04,59,94,30.8,345.6
1,1.3,R04,59,94,35.8,346.2
1,1.3,R04,59,94,37.8,345.7
1,1.3,R04,59,94,41.9,346.2
1,1.3,R04,59,94,44.8,345.7
1,1.3,R04,59,95,0,0.02042
1,1.3,R04,59,95,0.9,0.5247
1,1.3,R04,59,95,1.9,4.739
1,1.3,R04,59,95,3,50.36
1,1.3,R04,59,95,3.8,94.09
1,1.3,R04,59,95,6.8,212
1,1.3,R04,59,95,8.8,276.7
1,1.3,R04,59,95,10.9,309.4
1,1.3,R04,59,95,13.8,333.5
1,1.3,R04,59,95,15.8,341
1,1.3,R04,59,95,17.9,343.2
1,1.3,R04,59,95,20.9,347.2
1,1.3,R04,59,95,22.8,346.6
1,1.3,R04,59,95,24.9,345.5
1,1.3,R04,59,95,28.8,346.6
1,1.3,R04,59,95,30.8,346.1
1,1.3,R04,59,95,35.8,346.6
1,1.3,R04,59,95,37.8,346
1,1.3,R04,59,95,41.9,346.5
1,1.3,R04,59,95,44.8,346
1,1.3,R04,59,96,0,0.01171
1,1.3,R04,59,96,0.9,0.8722
1,1.3,R04,59,96,1.9,6.663
1,1.3,R04,59,96,3,58.48
1,1.3,R04,59,96,3.8,102.5
1,1.3,R04,59,96,6.8,215.2
1,1.3,R04,59,96,8.8,272.9
1,1.3,R04,59,96,10.9,302.2
1,1.3,R04,59,96,13.8,326.6
1,1.3,R04,59,96,15.8,335.3
1,1.3,R04,59,96,17.9,337.4
1,1.3,R04,59,96,20.9,342.4
1,1.3,R04,59,96,22.8,342
1,1.3,R04,59,96,24.9,340.9
1,1.3,R04,59,96,28.8,341.7
1,1.3,R04,59,96,30.8,341.3
1,1.3,R04,59,96,35.8,341.8
1,1.3,R04,59,96,37.8,341.2
1,1.3,R04,59,96,41.9,341.6
1,1.3,R04,59,96,44.8,341.1
1,1.3,R04,59,97,0,-0.007468
1,1.3,R04,59,97,0.9,6.67
1,1.3,R04,59,97,1.9,67.25
1,1.3,R04,59,97,3,158.7
1,1.3,R04,59,97,3.8,222.2
1,1.3,R04,59,97,6.8,339.4
1,1.3,R04,59,97,8.8,378.8
1,1.3,R04,59,97,10.9,403.6
1,1.3,R04,59,97,13.8,431.5
1,1.3,R04,59,97,15.8,443
1,1.3,R04,59,97,17.9,448.2
1,1.3,R04,59,97,20.9,455.5
1,1.3,R04,59,97,22.8,456
1,1.3,R04,59,97,24.9,456.3
1,1.3,R04,59,97,28.8,459.5
1,1.3,R04,59,97,30.8,460
1,1.3,R04,59,97,35.8,462.1
1,1.3,R04,59,97,37.8,462
1,1.3,R04,59,97,41.9,463.9
1,1.3,R04,59,97,44.8,464.2
1,1.3,R04,59,98,0,-0.007953
1,1.3,R04,59,98,0.9,3.655
1,1.3,R04,59,98,1.9,63.84
1,1.3,R04,59,98,3,154.8
1,1.3,R04,59,98,3.8,217.5
1,1.3,R04,59,98,6.8,354.8
1,1.3,R04,59,98,8.8,397.6
1,1.3,R04,59,98,10.9,424.3
1,1.3,R04,59,98,13.8,452.7
1,1.3,R04,59,98,15.8,466.7
1,1.3,R04,59,98,17.9,472.2
1,1.3,R04,59,98,20.9,482.2
1,1.3,R04,59,98,22.8,483.2
1,1.3,R04,59,98,24.9,483.8
1,1.3,R04,59,98,28.8,487.9
1,1.3,R04,59,98,30.8,488.6
1,1.3,R04,59,98,35.8,486.5
1,1.3,R04,59,98,37.8,491.3
1,1.3,R04,59,98,41.9,493.6
1,1.3,R04,59,98,44.8,494.1
1,1.3,R04,59,99,0,-0.004673
1,1.3,R04,59,99,0.9,5.431
1,1.3,R04,59,99,1.9,65.58
1,1.3,R04,59,99,3,160.5
1,1.3,R04,59,99,3.8,225.9
1,1.3,R04,59,99,6.8,360.4
1,1.3,R04,59,99,8.8,400.9
1,1.3,R04,59,99,10.9,426.9
1,1.3,R04,59,99,13.8,455.5
1,1.3,R04,59,99,15.8,468
1,1.3,R04,59,99,17.9,474.3
1,1.3,R04,59,99,20.9,482.4
1,1.3,R04,59,99,22.8,484.1
1,1.3,R04,59,99,24.9,485.2
1,1.3,R04,59,99,28.8,488.9
1,1.3,R04,59,99,30.8,489.4
1,1.3,R04,59,99,35.8,489.8
1,1.3,R04,59,99,37.8,491.6
1,1.3,R04,59,99,41.9,493.6
1,1.3,R04,59,99,44.8,494.1
1,1.3,R04,59,100,0,0.01699
1,1.3,R04,59,100,0.9,14.07
1,1.3,R04,59,100,1.9,39.62
1,1.3,R04,59,100,3,72.81
1,1.3,R04,59,100,3.8,85.06
1,1.3,R04,59,100,6.8,125
1,1.3,R04,59,100,8.8,152.5
1,1.3,R04,59,100,10.9,176.1
1,1.3,R04,59,100,13.8,208.7
1,1.3,R04,59,100,15.8,226.7
1,1.3,R04,59,100,17.9,237.2
1,1.3,R04,59,100,20.9,252.9
1,1.3,R04,59,100,22.8,256.5
1,1.3,R04,59,100,24.9,259.1
1,1.3,R04,59,100,28.8,268.8
1,1.3,R04,59,100,30.8,270.8
1,1.3,R04,59,100,35.8,277.3
1,1.3,R04,59,100,37.8,277.8
1,1.3,R04,59,100,41.9,282.6
1,1.3,R04,59,100,44.8,284.1
1,1.3,R04,59,101,0,0.01998
1,1.3,R04,59,101,0.9,12.93
1,1.3,R04,59,101,1.9,37.13
1,1.3,R04,59,101,3,70.22
1,1.3,R04,59,101,3.8,81.94
1,1.3,R04,59,101,6.8,121.2
1,1.3,R04,59,101,8.8,149.5
1,1.3,R04,59,101,10.9,172.2
1,1.3,R04,59,101,13.8,203.2
1,1.3,R04,59,101,15.8,220.4
1,1.3,R04,59,101,17.9,230
1,1.3,R04,59,101,20.9,244.8
1,1.3,R04,59,101,22.8,248.2
1,1.3,R04,59,101,24.9,250.7
1,1.3,R04,59,101,28.8,259.8
1,1.3,R04,59,101,30.8,261.8
1,1.3,R04,59,101,35.8,267.5
1,1.3,R04,59,101,37.8,267.9
1,1.3,R04,59,101,41.9,272.2
1,1.3,R04,59,101,44.8,273.3
1,1.3,R04,59,102,0,0.02309
1,1.3,R04,59,102,0.9,13.43
1,1.3,R04,59,102,1.9,36.23
1,1.3,R04,59,102,3,68.52
1,1.3,R04,59,102,3.8,80.41
1,1.3,R04,59,102,6.8,117.6
1,1.3,R04,59,102,8.8,143.9
1,1.3,R04,59,102,10.9,166.6
1,1.3,R04,59,102,13.8,198.5
1,1.3,R04,59,102,15.8,214.7
1,1.3,R04,59,102,17.9,224.6
1,1.3,R04,59,102,20.9,242.2
1,1.3,R04,59,102,22.8,246.2
1,1.3,R04,59,102,24.9,249.2
1,1.3,R04,59,102,28.8,258.1
1,1.3,R04,59,102,30.8,260.3
1,1.3,R04,59,102,35.8,267
1,1.3,R04,59,102,37.8,267.5
1,1.3,R04,59,102,41.9,272.5
1,1.3,R04,59,102,44.8,274
1,1.3,R05,16,362,0,0
1,1.3,R05,16,362,1,36.17
1,1.3,R05,16,362,2,61.93
1,1.3,R05,16,362,3,81.98
1,1.3,R05,16,362,4,98.92
1,1.3,R05,16,362,5,114.4
1,1.3,R05,16,362,6,130.5
1,1.3,R05,16,362,7,146
1,1.3,R05,16,362,8,162
1,1.3,R05,16,362,9,177.2
1,1.3,R05,16,362,10,192.2
1,1.3,R05,16,362,11,206.8
1,1.3,R05,16,362,12,220.8
1,1.3,R05,16,362,13,233.8
1,1.3,R05,16,362,14,245.5
1,1.3,R05,16,362,15,256.9
1,1.3,R05,16,362,16,266.5
1,1.3,R05,16,362,17,275.6
1,1.3,R05,16,362,18,283.8
1,1.3,R05,16,362,19,291.4
1,1.3,R05,16,362,20,297.2
1,1.3,R05,16,362,21,302.7
1,1.3,R05,16,362,22,307.7
1,1.3,R05,16,362,23,311.4
1,1.3,R05,16,362,24,315.4
1,1.3,R05,16,362,25,319.2
1,1.3,R05,16,362,26,321.5
1,1.3,R05,16,362,27,324.6
1,1.3,R05,16,362,28,326.8
1,1.3,R05,16,362,29,330
1,1.3,R05,16,362,30,330.6
1,1.3,R05,16,362,31,332
1,1.3,R05,16,362,32,333.7
1,1.3,R05,16,362,33,334.8
1,1.3,R05,16,362,34,335.9
1,1.3,R05,16,362,35,337
1,1.3,R05,16,362,36,337.6
1,1.3,R05,16,362,37,338.8
1,1.3,R05,16,362,38,340.1
1,1.3,R05,16,362,39,340.8
1,1.3,R05,16,362,40,341.5
1,1.3,R05,16,362,41,342.7
1,1.3,R05,16,362,42,344.3
1,1.3,R05,16,362,43,345.8
1,1.3,R05,16,362,44,346.9
1,1.3,R05,16,362,45,347.3
1,1.3,R05,16,362,46,347.7
1,1.3,R05,16,362,47,348.2
1,1.3,R05,16,362,48,348.7
1,1.3,R05,16,362,49,349.4
1,1.3,R05,16,362,50,350.1
1,1.3,R05,16,363,0,0
1,1.3,R05,16,363,1,34.61
1,1.3,R05,16,363,2,62.59
1,1.3,R05,16,363,3,84.7
1,1.3,R05,16,363,4,103
1,1.3,R05,16,363,5,119.7
1,1.3,R05,16,363,6,136.4
1,1.3,R05,16,363,7,153.2
1,1.3,R05,16,363,8,170.4
1,1.3,R05,16,363,9,187.4
1,1.3,R05,16,363,10,204.1
1,1.3,R05,16,363,11,220.1
1,1.3,R05,16,363,12,235.5
1,1.3,R05,16,363,13,250
1,1.3,R05,16,363,14,263.7
1,1.3,R05,16,363,15,276.2
1,1.3,R05,16,363,16,287.3
1,1.3,R05,16,363,17,297.8
1,1.3,R05,16,363,18,306.7
1,1.3,R05,16,363,19,315.4
1,1.3,R05,16,363,20,322.1
1,1.3,R05,16,363,21,328.2
1,1.3,R05,16,363,22,333.5
1,1.3,R05,16,363,23,337.8
1,1.3,R05,16,363,24,341.9
1,1.3,R05,16,363,25,345.8
1,1.3,R05,16,363,26,348.8
1,1.3,R05,16,363,27,351.8
1,1.3,R05,16,363,28,354.6
1,1.3,R05,16,363,29,358
1,1.3,R05,16,363,30,358.9
1,1.3,R05,16,363,31,360.8
1,1.3,R05,16,363,32,362.5
1,1.3,R05,16,363,33,363.6
1,1.3,R05,16,363,34,365.2
1,1.3,R05,16,363,35,366.6
1,1.3,R05,16,363,36,367.4
1,1.3,R05,16,363,37,368.1
1,1.3,R05,16,363,38,368.7
1,1.3,R05,16,363,39,369.4
1,1.3,R05,16,363,40,370.1
1,1.3,R05,16,363,41,371.2
1,1.3,R05,16,363,42,372.4
1,1.3,R05,16,363,43,373.3
1,1.3,R05,16,363,44,374.2
1,1.3,R05,16,363,45,374.8
1,1.3,R05,16,363,46,375
1,1.3,R05,16,363,47,375.3
1,1.3,R05,16,363,48,375.6
1,1.3,R05,16,363,49,375.9
1,1.3,R05,16,363,50,376.2
1,1.3,R05,16,364,0,0
1,1.3,R05,16,364,1,28.33
1,1.3,R05,16,364,2,54.55
1,1.3,R05,16,364,3,75.05
1,1.3,R05,16,364,4,92.02
1,1.3,R05,16,364,5,107.5
1,1.3,R05,16,364,6,123.3
1,1.3,R05,16,364,7,139.1
1,1.3,R05,16,364,8,155.5
1,1.3,R05,16,364,9,171.6
1,1.3,R05,16,364,10,187.2
1,1.3,R05,16,364,11,202.3
1,1.3,R05,16,364,12,216.4
1,1.3,R05,16,364,13,229.5
1,1.3,R05,16,364,14,241.7
1,1.3,R05,16,364,15,253.5
1,1.3,R05,16,364,16,263.8
1,1.3,R05,16,364,17,273.5
1,1.3,R05,16,364,18,282.6
1,1.3,R05,16,364,19,290.6
1,1.3,R05,16,364,20,296.8
1,1.3,R05,16,364,21,302.9
1,1.3,R05,16,364,22,308.5
1,1.3,R05,16,364,23,312.6
1,1.3,R05,16,364,24,316.8
1,1.3,R05,16,364,25,320.7
1,1.3,R05,16,364,26,324
1,1.3,R05,16,364,27,327.1
1,1.3,R05,16,364,28,330
1,1.3,R05,16,364,29,332.9
1,1.3,R05,16,364,30,334
1,1.3,R05,16,364,31,336.4
1,1.3,R05,16,364,32,338.3
1,1.3,R05,16,364,33,339.7
1,1.3,R05,16,364,34,340.9
1,1.3,R05,16,364,35,342.1
1,1.3,R05,16,364,36,342.8
1,1.3,R05,16,364,37,343.9
1,1.3,R05,16,364,38,344.8
1,1.3,R05,16,364,39,345.8
1,1.3,R05,16,364,40,346.5
1,1.3,R05,16,364,41,347.2
1,1.3,R05,16,364,42,348.9
1,1.3,R05,16,364,43,350.2
1,1.3,R05,16,364,44,351.1
1,1.3,R05,16,364,45,352
1,1.3,R05,16,364,46,352.3
1,1.3,R05,16,364,47,352.6
1,1.3,R05,16,364,48,352.9
1,1.3,R05,16,364,49,353.2
1,1.3,R05,16,364,50,353.6
1,1.3,R05,16,365,0,0
1,1.3,R05,16,365,1,162.5
1,1.3,R05,16,365,2,273.6
1,1.3,R05,16,365,3,333.6
1,1.3,R05,16,365,4,363.1
1,1.3,R05,16,365,5,382
1,1.3,R05,16,365,6,396.9
1,1.3,R05,16,365,7,409.6
1,1.3,R05,16,365,8,421.6
1,1.3,R05,16,365,9,432.3
1,1.3,R05,16,365,10,442.5
1,1.3,R05,16,365,11,451.7
1,1.3,R05,16,365,12,459.9
1,1.3,R05,16,365,13,467.3
1,1.3,R05,16,365,14,473.5
1,1.3,R05,16,365,15,478.6
1,1.3,R05,16,365,16,483
1,1.3,R05,16,365,17,487.2
1,1.3,R05,16,365,18,490.1
1,1.3,R05,16,365,19,493.3
1,1.3,R05,16,365,20,495.8
1,1.3,R05,16,365,21,498
1,1.3,R05,16,365,22,499.7
1,1.3,R05,16,365,23,501.4
1,1.3,R05,16,365,24,503.3
1,1.3,R05,16,365,25,505
1,1.3,R05,16,365,26,506.1
1,1.3,R05,16,365,27,507.3
1,1.3,R05,16,365,28,508.2
1,1.3,R05,16,365,29,509.1
1,1.3,R05,16,365,30,509.4
1,1.3,R05,16,365,31,510.5
1,1.3,R05,16,365,32,511.3
1,1.3,R05,16,365,33,511.9
1,1.3,R05,16,365,34,512.5
1,1.3,R05,16,365,35,513.5
1,1.3,R05,16,365,36,514.5
1,1.3,R05,16,365,37,514.8
1,1.3,R05,16,365,38,515.1
1,1.3,R05,16,365,39,515.6
1,1.3,R05,16,365,40,516
1,1.3,R05,16,365,41,516.5
1,1.3,R05,16,365,42,517
1,1.3,R05,16,365,43,517.8
1,1.3,R05,16,365,44,518.5
1,1.3,R05,16,365,45,518.9
1,1.3,R05,16,365,46,518.9
1,1.3,R05,16,365,47,518.9
1,1.3,R05,16,365,48,518.9
1,1.3,R05,16,365,49,518.9
1,1.3,R05,16,365,50,518.9
1,1.3,R05,16,366,0,0
1,1.3,R05,16,366,1,163.2
1,1.3,R05,16,366,2,267.1
1,1.3,R05,16,366,3,325.6
1,1.3,R05,16,366,4,357
1,1.3,R05,16,366,5,377.7
1,1.3,R05,16,366,6,394.6
1,1.3,R05,16,366,7,408.5
1,1.3,R05,16,366,8,421.7
1,1.3,R05,16,366,9,433.2
1,1.3,R05,16,366,10,444.3
1,1.3,R05,16,366,11,454.3
1,1.3,R05,16,366,12,463.1
1,1.3,R05,16,366,13,470.6
1,1.3,R05,16,366,14,477.1
1,1.3,R05,16,366,15,483
1,1.3,R05,16,366,16,487.8
1,1.3,R05,16,366,17,492.3
1,1.3,R05,16,366,18,495.9
1,1.3,R05,16,366,19,499.7
1,1.3,R05,16,366,20,502.2
1,1.3,R05,16,366,21,504.8
1,1.3,R05,16,366,22,507
1,1.3,R05,16,366,23,509.2
1,1.3,R05,16,366,24,511.5
1,1.3,R05,16,366,25,513.7
1,1.3,R05,16,366,26,515.4
1,1.3,R05,16,366,27,516.9
1,1.3,R05,16,366,28,518.6
1,1.3,R05,16,366,29,519.5
1,1.3,R05,16,366,30,520
1,1.3,R05,16,366,31,521.7
1,1.3,R05,16,366,32,522.7
1,1.3,R05,16,366,33,523.6
1,1.3,R05,16,366,34,524.3
1,1.3,R05,16,366,35,525.5
1,1.3,R05,16,366,36,525.6
1,1.3,R05,16,366,37,526.4
1,1.3,R05,16,366,38,527
1,1.3,R05,16,366,39,527.6
1,1.3,R05,16,366,40,528.3
1,1.3,R05,16,366,41,529.1
1,1.3,R05,16,366,42,530
1,1.3,R05,16,366,43,530.1
1,1.3,R05,16,366,44,530.2
1,1.3,R05,16,366,45,530.4
1,1.3,R05,16,366,46,530.5
1,1.3,R05,16,366,47,530.6
1,1.3,R05,16,366,48,530.7
1,1.3,R05,16,366,49,530.9
1,1.3,R05,16,366,50,531
1,1.3,R05,16,367,0,0
1,1.3,R05,16,367,1,161.6
1,1.3,R05,16,367,2,267.8
1,1.3,R05,16,367,3,327.8
1,1.3,R05,16,367,4,357
1,1.3,R05,16,367,5,376.7
1,1.3,R05,16,367,6,392.1
1,1.3,R05,16,367,7,404.9
1,1.3,R05,16,367,8,416.7
1,1.3,R05,16,367,9,427.4
1,1.3,R05,16,367,10,437.3
1,1.3,R05,16,367,11,446.5
1,1.3,R05,16,367,12,454.3
1,1.3,R05,16,367,13,461.2
1,1.3,R05,16,367,14,467
1,1.3,R05,16,367,15,471.8
1,1.3,R05,16,367,16,476
1,1.3,R05,16,367,17,480.1
1,1.3,R05,16,367,18,483.2
1,1.3,R05,16,367,19,486.5
1,1.3,R05,16,367,20,488.6
1,1.3,R05,16,367,21,490.9
1,1.3,R05,16,367,22,492.8
1,1.3,R05,16,367,23,494.6
1,1.3,R05,16,367,24,496.5
1,1.3,R05,16,367,25,498.4
1,1.3,R05,16,367,26,499.8
1,1.3,R05,16,367,27,501.3
1,1.3,R05,16,367,28,502.4
1,1.3,R05,16,367,29,504
1,1.3,R05,16,367,30,504.9
1,1.3,R05,16,367,31,505.2
1,1.3,R05,16,367,32,506.1
1,1.3,R05,16,367,33,506.8
1,1.3,R05,16,367,34,507.5
1,1.3,R05,16,367,35,508.4
1,1.3,R05,16,367,36,508.7
1,1.3,R05,16,367,37,509.5
1,1.3,R05,16,367,38,509.9
1,1.3,R05,16,367,39,510.3
1,1.3,R05,16,367,40,510.8
1,1.3,R05,16,367,41,511.7
1,1.3,R05,16,367,42,512.6
1,1.3,R05,16,367,43,512.9
1,1.3,R05,16,367,44,513.1
1,1.3,R05,16,367,45,513.4
1,1.3,R05,16,367,46,513.6
1,1.3,R05,16,367,47,513.9
1,1.3,R05,16,367,48,514.1
1,1.3,R05,16,367,49,514.5
1,1.3,R05,16,367,50,514.8
1,1.3,R05,16,370,0,0
1,1.3,R05,16,370,1,40.38
1,1.3,R05,16,370,2,193.1
1,1.3,R05,16,370,3,302.2
1,1.3,R05,16,370,4,333.4
1,1.3,R05,16,370,5,342.2
1,1.3,R05,16,370,6,347.1
1,1.3,R05,16,370,7,349.7
1,1.3,R05,16,370,8,352
1,1.3,R05,16,370,9,353.5
1,1.3,R05,16,370,10,355
1,1.3,R05,16,370,11,356.8
1,1.3,R05,16,370,12,358.1
1,1.3,R05,16,370,13,359.9
1,1.3,R05,16,370,14,361.3
1,1.3,R05,16,370,15,362.6
1,1.3,R05,16,370,16,364.1
1,1.3,R05,16,370,17,365.6
1,1.3,R05,16,370,18,366.6
1,1.3,R05,16,370,19,368
1,1.3,R05,16,370,20,369
1,1.3,R05,16,370,21,370.1
1,1.3,R05,16,370,22,371
1,1.3,R05,16,370,23,372.1
1,1.3,R05,16,370,24,373.2
1,1.3,R05,16,370,25,374
1,1.3,R05,16,370,26,374.8
1,1.3,R05,16,370,27,375.6
1,1.3,R05,16,370,28,376.4
1,1.3,R05,16,370,29,377.1
1,1.3,R05,16,370,30,377.4
1,1.3,R05,16,370,31,378.6
1,1.3,R05,16,370,32,379.4
1,1.3,R05,16,370,33,380.3
1,1.3,R05,16,370,34,381.1
1,1.3,R05,16,370,35,382.1
1,1.3,R05,16,370,36,382.4
1,1.3,R05,16,370,37,382.8
1,1.3,R05,16,370,38,383.2
1,1.3,R05,16,370,39,383.6
1,1.3,R05,16,370,40,383.9
1,1.3,R05,16,370,41,384.3
1,1.3,R05,16,370,42,385
1,1.3,R05,16,370,43,386.1
1,1.3,R05,16,370,44,386.8
1,1.3,R05,16,370,45,386.9
1,1.3,R05,16,370,46,387
1,1.3,R05,16,370,47,387.1
1,1.3,R05,16,370,48,387.2
1,1.3,R05,16,370,49,387.4
1,1.3,R05,16,370,50,387.5
1,1.3,R05,16,371,0,0
1,1.3,R05,16,371,1,44.14
1,1.3,R05,16,371,2,192
1,1.3,R05,16,371,3,302.4
1,1.3,R05,16,371,4,336.5
1,1.3,R05,16,371,5,346.4
1,1.3,R05,16,371,6,350.8
1,1.3,R05,16,371,7,352.2
1,1.3,R05,16,371,8,353.3
1,1.3,R05,16,371,9,353.9
1,1.3,R05,16,371,10,354.2
1,1.3,R05,16,371,11,354.5
1,1.3,R05,16,371,12,354.7
1,1.3,R05,16,371,13,355.3
1,1.3,R05,16,371,14,355.2
1,1.3,R05,16,371,15,355.4
1,1.3,R05,16,371,16,355.8
1,1.3,R05,16,371,17,356.3
1,1.3,R05,16,371,18,356.4
1,1.3,R05,16,371,19,357
1,1.3,R05,16,371,20,356.8
1,1.3,R05,16,371,21,357.4
1,1.3,R05,16,371,22,358.1
1,1.3,R05,16,371,23,358.8
1,1.3,R05,16,371,24,359.7
1,1.3,R05,16,371,25,360.4
1,1.3,R05,16,371,26,360.5
1,1.3,R05,16,371,27,360.8
1,1.3,R05,16,371,28,361.1
1,1.3,R05,16,371,29,361.3
1,1.3,R05,16,371,30,361.3
1,1.3,R05,16,371,31,361.3
1,1.3,R05,16,371,32,361.9
1,1.3,R05,16,371,33,362.3
1,1.3,R05,16,371,34,362.5
1,1.3,R05,16,371,35,363.1
1,1.3,R05,16,371,36,363.3
1,1.3,R05,16,371,37,363.3
1,1.3,R05,16,371,38,363.3
1,1.3,R05,16,371,39,363.3
1,1.3,R05,16,371,40,363.4
1,1.3,R05,16,371,41,364.3
1,1.3,R05,16,371,42,365.5
1,1.3,R05,16,371,43,365.6
1,1.3,R05,16,371,44,365.8
1,1.3,R05,16,371,45,366
1,1.3,R05,16,371,46,366.1
1,1.3,R05,16,371,47,366.3
1,1.3,R05,16,371,48,366.4
1,1.3,R05,16,371,49,366.5
1,1.3,R05,16,371,50,366.6
1,1.3,R05,16,372,0,0
1,1.3,R05,16,372,1,42.55
1,1.3,R05,16,372,2,189.9
1,1.3,R05,16,372,3,298.5
1,1.3,R05,16,372,4,331.1
1,1.3,R05,16,372,5,341
1,1.3,R05,16,372,6,345.5
1,1.3,R05,16,372,7,346.9
1,1.3,R05,16,372,8,348.2
1,1.3,R05,16,372,9,348.8
1,1.3,R05,16,372,10,349.2
1,1.3,R05,16,372,11,349.9
1,1.3,R05,16,372,12,350.4
1,1.3,R05,16,372,13,351.4
1,1.3,R05,16,372,14,352.2
1,1.3,R05,16,372,15,352.2
1,1.3,R05,16,372,16,353.2
1,1.3,R05,16,372,17,353.7
1,1.3,R05,16,372,18,354.4
1,1.3,R05,16,372,19,355.6
1,1.3,R05,16,372,20,355.4
1,1.3,R05,16,372,21,356.3
1,1.3,R05,16,372,22,357.1
1,1.3,R05,16,372,23,358.1
1,1.3,R05,16,372,24,358.8
1,1.3,R05,16,372,25,359.6
1,1.3,R05,16,372,26,360
1,1.3,R05,16,372,27,360.6
1,1.3,R05,16,372,28,360.9
1,1.3,R05,16,372,29,362.2
1,1.3,R05,16,372,30,362.7
1,1.3,R05,16,372,31,362.6
1,1.3,R05,16,372,32,362.6
1,1.3,R05,16,372,33,363.4
1,1.3,R05,16,372,34,364.1
1,1.3,R05,16,372,35,364.9
1,1.3,R05,16,372,36,365.4
1,1.3,R05,16,372,37,365.7
1,1.3,R05,16,372,38,366
1,1.3,R05,16,372,39,366.3
1,1.3,R05,16,372,40,366.8
1,1.3,R05,16,372,41,367.3
1,1.3,R05,16,372,42,367.9
1,1.3,R05,16,372,43,368.6
1,1.3,R05,16,372,44,369.5
1,1.3,R05,16,372,45,369.9
1,1.3,R05,16,372,46,370.1
1,1.3,R05,16,372,47,370.2
1,1.3,R05,16,372,48,370.4
1,1.3,R05,16,372,49,370.6
1,1.3,R05,16,372,50,370.7
1,1.3,R05,16,373,0,0
1,1.3,R05,16,373,1,182
1,1.3,R05,16,373,2,229.9
1,1.3,R05,16,373,3,250.3
1,1.3,R05,16,373,4,264.7
1,1.3,R05,16,373,5,276.7
1,1.3,R05,16,373,6,287
1,1.3,R05,16,373,7,294.9
1,1.3,R05,16,373,8,302.1
1,1.3,R05,16,373,9,307.8
1,1.3,R05,16,373,10,313.2
1,1.3,R05,16,373,11,317.7
1,1.3,R05,16,373,12,321.6
1,1.3,R05,16,373,13,325
1,1.3,R05,16,373,14,327.3
1,1.3,R05,16,373,15,329.9
1,1.3,R05,16,373,16,331.2
1,1.3,R05,16,373,17,333.1
1,1.3,R05,16,373,18,334.6
1,1.3,R05,16,373,19,335.7
1,1.3,R05,16,373,20,336.7
1,1.3,R05,16,373,21,337.5
1,1.3,R05,16,373,22,338.3
1,1.3,R05,16,373,23,339.2
1,1.3,R05,16,373,24,340.6
1,1.3,R05,16,373,25,341.9
1,1.3,R05,16,373,26,343.1
1,1.3,R05,16,373,27,344.4
1,1.3,R05,16,373,28,345.4
1,1.3,R05,16,373,29,347.4
1,1.3,R05,16,373,30,347.9
1,1.3,R05,16,373,31,348.5
1,1.3,R05,16,373,32,349.7
1,1.3,R05,16,373,33,350.6
1,1.3,R05,16,373,34,351.3
1,1.3,R05,16,373,35,352.3
1,1.3,R05,16,373,36,353
1,1.3,R05,16,373,37,353.4
1,1.3,R05,16,373,38,353.8
1,1.3,R05,16,373,39,354.2
1,1.3,R05,16,373,40,354.6
1,1.3,R05,16,373,41,355
1,1.3,R05,16,373,42,355.6
1,1.3,R05,16,373,43,356.6
1,1.3,R05,16,373,44,357.4
1,1.3,R05,16,373,45,357.5
1,1.3,R05,16,373,46,357.6
1,1.3,R05,16,373,47,357.8
1,1.3,R05,16,373,48,357.9
1,1.3,R05,16,373,49,358
1,1.3,R05,16,373,50,358.1
1,1.3,R05,16,374,0,0
1,1.3,R05,16,374,1,181.6
1,1.3,R05,16,374,2,230.4
1,1.3,R05,16,374,3,250.9
1,1.3,R05,16,374,4,265.1
1,1.3,R05,16,374,5,277
1,1.3,R05,16,374,6,286.7
1,1.3,R05,16,374,7,294.6
1,1.3,R05,16,374,8,301.4
1,1.3,R05,16,374,9,307.2
1,1.3,R05,16,374,10,312.3
1,1.3,R05,16,374,11,316.3
1,1.3,R05,16,374,12,319.7
1,1.3,R05,16,374,13,322.4
1,1.3,R05,16,374,14,325.2
1,1.3,R05,16,374,15,326.5
1,1.3,R05,16,374,16,328.4
1,1.3,R05,16,374,17,329.8
1,1.3,R05,16,374,18,330.7
1,1.3,R05,16,374,19,331.8
1,1.3,R05,16,374,20,332.8
1,1.3,R05,16,374,21,333.4
1,1.3,R05,16,374,22,333.7
1,1.3,R05,16,374,23,334.6
1,1.3,R05,16,374,24,335.9
1,1.3,R05,16,374,25,337.4
1,1.3,R05,16,374,26,338.3
1,1.3,R05,16,374,27,339.6
1,1.3,R05,16,374,28,340.7
1,1.3,R05,16,374,29,341.4
1,1.3,R05,16,374,30,341.8
1,1.3,R05,16,374,31,343.5
1,1.3,R05,16,374,32,344.7
1,1.3,R05,16,374,33,345.3
1,1.3,R05,16,374,34,346.1
1,1.3,R05,16,374,35,347.1
1,1.3,R05,16,374,36,347.6
1,1.3,R05,16,374,37,348.6
1,1.3,R05,16,374,38,349.7
1,1.3,R05,16,374,39,350.5
1,1.3,R05,16,374,40,351.1
1,1.3,R05,16,374,41,351.8
1,1.3,R05,16,374,42,353.3
1,1.3,R05,16,374,43,354.1
1,1.3,R05,16,374,44,354.2
1,1.3,R05,16,374,45,354.3
1,1.3,R05,16,374,46,354.4
1,1.3,R05,16,374,47,354.6
1,1.3,R05,16,374,48,354.7
1,1.3,R05,16,374,49,354.8
1,1.3,R05,16,374,50,354.9
1,1.3,R05,16,375,0,0
1,1.3,R05,16,375,1,181.9
1,1.3,R05,16,375,2,232
1,1.3,R05,16,375,3,253
1,1.3,R05,16,375,4,267.7
1,1.3,R05,16,375,5,279.8
1,1.3,R05,16,375,6,290.3
1,1.3,R05,16,375,7,298.7
1,1.3,R05,16,375,8,306.5
1,1.3,R05,16,375,9,312.7
1,1.3,R05,16,375,10,318.2
1,1.3,R05,16,375,11,322.7
1,1.3,R05,16,375,12,326.7
1,1.3,R05,16,375,13,329.6
1,1.3,R05,16,375,14,332.4
1,1.3,R05,16,375,15,334.6
1,1.3,R05,16,375,16,336.4
1,1.3,R05,16,375,17,337.6
1,1.3,R05,16,375,18,337.3
1,1.3,R05,16,375,19,338.1
1,1.3,R05,16,375,20,339.2
1,1.3,R05,16,375,21,339.7
1,1.3,R05,16,375,22,340.7
1,1.3,R05,16,375,23,341.9
1,1.3,R05,16,375,24,343.6
1,1.3,R05,16,375,25,345.3
1,1.3,R05,16,375,26,346.8
1,1.3,R05,16,375,27,348.4
1,1.3,R05,16,375,28,349.7
1,1.3,R05,16,375,29,351.2
1,1.3,R05,16,375,30,351.6
1,1.3,R05,16,375,31,352.6
1,1.3,R05,16,375,32,353.4
1,1.3,R05,16,375,33,354.2
1,1.3,R05,16,375,34,354.9
1,1.3,R05,16,375,35,357
1,1.3,R05,16,375,36,358.1
1,1.3,R05,16,375,37,359.4
1,1.3,R05,16,375,38,360.6
1,1.3,R05,16,375,39,361.4
1,1.3,R05,16,375,40,362.2
1,1.3,R05,16,375,41,363.4
1,1.3,R05,16,375,42,364.9
1,1.3,R05,16,375,43,366.2
1,1.3,R05,16,375,44,367.3
1,1.3,R05,16,375,45,368
1,1.3,R05,16,375,46,368.6
1,1.3,R05,16,375,47,369.3
1,1.3,R05,16,375,48,370.1
1,1.3,R05,16,375,49,370.8
1,1.3,R05,16,375,50,371.6
1,1.3,R06,109,780,0,0
1,1.3,R06,109,780,1.9,171.2
1,1.3,R06,109,780,4.9,266.8
1,1.3,R06,109,780,7,293
1,1.3,R06,109,780,8.9,308.3
1,1.3,R06,109,780,11.9,323.6
1,1.3,R06,109,780,14.9,334.5
1,1.3,R06,109,780,19.1,345.2
1,1.3,R06,109,780,22.1,354
1,1.3,R06,109,780,28,366.5
1,1.3,R06,109,780,35.2,373.9
1,1.3,R06,109,780,42.2,381.2
1,1.3,R06,109,780,48.3,385.2
1,1.3,R06,109,780,56.2,377.7
1,1.3,R06,109,780,63.2,375.1
1,1.3,R06,109,781,0,0
1,1.3,R06,109,781,1.9,174.6
1,1.3,R06,109,781,4.9,270.6
1,1.3,R06,109,781,7,297.2
1,1.3,R06,109,781,8.9,313.5
1,1.3,R06,109,781,11.9,327.1
1,1.3,R06,109,781,14.9,338.3
1,1.3,R06,109,781,19.1,350.8
1,1.3,R06,109,781,22.1,359.4
1,1.3,R06,109,781,28,370.5
1,1.3,R06,109,781,35.2,375.5
1,1.3,R06,109,781,42.2,386.2
1,1.3,R06,109,781,48.3,387.8
1,1.3,R06,109,781,56.2,380.1
1,1.3,R06,109,781,63.2,377.5
1,1.3,R06,109,782,0,0
1,1.3,R06,109,782,1.9,166.7
1,1.3,R06,109,782,4.9,265.2
1,1.3,R06,109,782,7,291.7
1,1.3,R06,109,782,8.9,305.2
1,1.3,R06,109,782,11.9,318.8
1,1.3,R06,109,782,14.9,328.6
1,1.3,R06,109,782,19.1,339.9
1,1.3,R06,109,782,22.1,346.9
1,1.3,R06,109,782,28,360.8
1,1.3,R06,109,782,35.2,369.4
1,1.3,R06,109,782,42.2,375.2
1,1.3,R06,109,782,48.3,377.2
1,1.3,R06,109,782,56.2,368
1,1.3,R06,109,782,63.2,364.2
1,1.3,R06,109,784,0,0
1,1.3,R06,109,784,1.9,13.5
1,1.3,R06,109,784,4.9,134.8
1,1.3,R06,109,784,7,244.5
1,1.3,R06,109,784,8.9,317.2
1,1.3,R06,109,784,11.9,341.3
1,1.3,R06,109,784,14.9,348.3
1,1.3,R06,109,784,19.1,352.2
1,1.3,R06,109,784,22.1,352.5
1,1.3,R06,109,784,28,356.4
1,1.3,R06,109,784,35.2,368.5
1,1.3,R06,109,784,42.2,379.7
1,1.3,R06,109,784,48.3,378.8
1,1.3,R06,109,784,56.2,371.9
1,1.3,R06,109,784,63.2,366.8
1,1.3,R06,109,785,0,0
1,1.3,R06,109,785,1.9,17.7
1,1.3,R06,109,785,4.9,144.9
1,1.3,R06,109,785,7,258.7
1,1.3,R06,109,785,8.9,326.1
1,1.3,R06,109,785,11.9,355.8
1,1.3,R06,109,785,14.9,364.1
1,1.3,R06,109,785,19.1,368
1,1.3,R06,109,785,22.1,368
1,1.3,R06,109,785,28,377.8
1,1.3,R06,109,785,35.2,382.9
1,1.3,R06,109,785,42.2,389.8
1,1.3,R06,109,785,48.3,382.3
1,1.3,R06,109,785,56.2,376.5
1,1.3,R06,109,785,63.2,372.7
1,1.3,R06,109,786,0,0
1,1.3,R06,109,786,1.9,15.68
1,1.3,R06,109,786,4.9,140.7
1,1.3,R06,109,786,7,253.5
1,1.3,R06,109,786,8.9,326.9
1,1.3,R06,109,786,11.9,346.3
1,1.3,R06,109,786,14.9,352.5
1,1.3,R06,109,786,19.1,355.4
1,1.3,R06,109,786,22.1,355.7
1,1.3,R06,109,786,28,357.7
1,1.3,R06,109,786,35.2,364.9
1,1.3,R06,109,786,42.2,374.5
1,1.3,R06,109,786,48.3,370.3
1,1.3,R06,109,786,56.2,365.3
1,1.3,R06,109,786,63.2,361.9
1,1.3,R06,109,787,0,0
1,1.3,R06,109,787,1.9,81.11
1,1.3,R06,109,787,4.9,290.7
1,1.3,R06,109,787,7,378.9
1,1.3,R06,109,787,8.9,435.8
1,1.3,R06,109,787,11.9,478.4
1,1.3,R06,109,787,14.9,495.5
1,1.3,R06,109,787,19.1,508.5
1,1.3,R06,109,787,22.1,515
1,1.3,R06,109,787,28,524.2
1,1.3,R06,109,787,35.2,527
1,1.3,R06,109,787,42.2,526.9
1,1.3,R06,109,787,48.3,524.8
1,1.3,R06,109,787,56.2,525.1
1,1.3,R06,109,787,63.2,516.3
1,1.3,R06,109,788,0,0
1,1.3,R06,109,788,1.9,76.36
1,1.3,R06,109,788,4.9,306
1,1.3,R06,109,788,7,378.1
1,1.3,R06,109,788,8.9,408.8
1,1.3,R06,109,788,11.9,445.4
1,1.3,R06,109,788,14.9,460.9
1,1.3,R06,109,788,19.1,471.4
1,1.3,R06,109,788,22.1,485.4
1,1.3,R06,109,788,28,490
1,1.3,R06,109,788,35.2,495.9
1,1.3,R06,109,788,42.2,510.4
1,1.3,R06,109,788,48.3,514.8
1,1.3,R06,109,788,56.2,505.4
1,1.3,R06,109,788,63.2,495.2
1,1.3,R06,109,789,0,0
1,1.3,R06,109,789,1.9,75.25
1,1.3,R06,109,789,4.9,320.4
1,1.3,R06,109,789,7,386.4
1,1.3,R06,109,789,8.9,421.5
1,1.3,R06,109,789,11.9,457.9
1,1.3,R06,109,789,14.9,473.6
1,1.3,R06,109,789,19.1,484.4
1,1.3,R06,109,789,22.1,490.2
1,1.3,R06,109,789,28,497.1
1,1.3,R06,109,789,35.2,504.4
1,1.3,R06,109,789,42.2,507.7
1,1.3,R06,109,789,48.3,505.2
1,1.3,R06,109,789,56.2,494.8
1,1.3,R06,109,789,63.2,488.9
1,1.3,R06,109,790,0,0
1,1.3,R06,109,790,1.9,27.66
1,1.3,R06,109,790,4.9,88.32
1,1.3,R06,109,790,7,116.7
1,1.3,R06,109,790,8.9,143.3
1,1.3,R06,109,790,11.9,183.8
1,1.3,R06,109,790,14.9,216.7
1,1.3,R06,109,790,19.1,246.8
1,1.3,R06,109,790,22.1,262.4
1,1.3,R06,109,790,28,287.8
1,1.3,R06,109,790,35.2,303.3
1,1.3,R06,109,790,42.2,321.9
1,1.3,R06,109,790,48.3,324.7
1,1.3,R06,109,790,56.2,321.6
1,1.3,R06,109,790,63.2,320.6
1,1.3,R06,109,791,0,0
1,1.3,R06,109,791,1.9,23.95
1,1.3,R06,109,791,4.9,75.68
1,1.3,R06,109,791,7,104.4
1,1.3,R06,109,791,8.9,135.6
1,1.3,R06,109,791,11.9,171.2
1,1.3,R06,109,791,14.9,201.2
1,1.3,R06,109,791,19.1,228.5
1,1.3,R06,109,791,22.1,248.1
1,1.3,R06,109,791,28,265.6
1,1.3,R06,109,791,35.2,284.9
1,1.3,R06,109,791,42.2,303.9
1,1.3,R06,109,791,48.3,305.7
1,1.3,R06,109,791,56.2,304.5
1,1.3,R06,109,791,63.2,301.8
1,1.3,R06,109,792,0,0
1,1.3,R06,109,792,1.9,25.76
1,1.3,R06,109,792,4.9,83.16
1,1.3,R06,109,792,7,121.8
1,1.3,R06,109,792,8.9,158.5
1,1.3,R06,109,792,11.9,197.6
1,1.3,R06,109,792,14.9,229.7
1,1.3,R06,109,792,19.1,260.8
1,1.3,R06,109,792,22.1,276.9
1,1.3,R06,109,792,28,301.2
1,1.3,R06,109,792,35.2,315.4
1,1.3,R06,109,792,42.2,333.7
1,1.3,R06,109,792,48.3,336.4
1,1.3,R06,109,792,56.2,335.4
1,1.3,R06,109,792,63.2,334
2,2.1,E02,15,920,0,0
2,2.1,E02,15,920,1,1.048
2,2.1,E02,15,920,3,1.408
2,2.1,E02,15,920,5,165.2
2,2.1,E02,15,920,7,181.4
2,2.1,E02,15,920,9,203.3
2,2.1,E02,15,920,12,248.2
2,2.1,E02,15,920,14,291.1
2,2.1,E02,15,920,19,340.5
2,2.1,E02,15,920,21,342.9
2,2.1,E02,15,920,26,348.8
2,2.1,E02,15,920,28,360.9
2,2.1,E02,15,920,35,371.8
2,2.1,E02,15,920,41,376.3
2,2.1,E02,15,921,0,0
2,2.1,E02,15,921,1,0.2936
2,2.1,E02,15,921,3,-0.3317
2,2.1,E02,15,921,5,158.1
2,2.1,E02,15,921,7,173.3
2,2.1,E02,15,921,9,187.5
2,2.1,E02,15,921,12,231.4
2,2.1,E02,15,921,14,234.7
2,2.1,E02,15,921,19,288
2,2.1,E02,15,921,21,290.2
2,2.1,E02,15,921,26,291
2,2.1,E02,15,921,28,314.3
2,2.1,E02,15,921,35,326.4
2,2.1,E02,15,921,41,332.5
2,2.1,E02,15,922,0,0
2,2.1,E02,15,922,1,0.5242
2,2.1,E02,15,922,3,4.816
2,2.1,E02,15,922,5,166
2,2.1,E02,15,922,7,207.2
2,2.1,E02,15,922,9,239.2
2,2.1,E02,15,922,12,270
2,2.1,E02,15,922,14,281
2,2.1,E02,15,922,19,288.5
2,2.1,E02,15,922,21,322.2
2,2.1,E02,15,922,26,353.7
2,2.1,E02,15,922,28,370.9
2,2.1,E02,15,922,35,382.1
2,2.1,E02,15,922,41,389.9
2,2.1,E02,15,923,0,0
2,2.1,E02,15,923,1,122.9
2,2.1,E02,15,923,3,163.6
2,2.1,E02,15,923,5,288.8
2,2.1,E02,15,923,7,290.9
2,2.1,E02,15,923,9,336
2,2.1,E02,15,923,12,368
2,2.1,E02,15,923,14,374.5
2,2.1,E02,15,923,19,375.3
2,2.1,E02,15,923,21,378.1
2,2.1,E02,15,923,26,376.6
2,2.1,E02,15,923,28,383.7
2,2.1,E02,15,923,35,389.9
2,2.1,E02,15,923,41,392.3
2,2.1,E02,15,924,0,0
2,2.1,E02,15,924,1,122.8
2,2.1,E02,15,924,3,203
2,2.1,E02,15,924,5,283.2
2,2.1,E02,15,924,9,364.6
2,2.1,E02,15,924,12,367.6
2,2.1,E02,15,924,14,372.7
2,2.1,E02,15,924,19,386.3
2,2.1,E02,15,924,21,393.2
2,2.1,E02,15,924,26,395.7
2,2.1,E02,15,924,28,397.4
2,2.1,E02,15,924,35,402.1
2,2.1,E02,15,924,41,407.3
2,2.1,E02,15,925,0,0
2,2.1,E02,15,925,1,45.26
2,2.1,E02,15,925,3,48.27
2,2.1,E02,15,925,5,206.8
2,2.1,E02,15,925,7,229.8
2,2.1,E02,15,925,9,246.6
2,2.1,E02,15,925,12,272.4
2,2.1,E02,15,925,14,281.4
2,2.1,E02,15,925,19,289.3
2,2.1,E02,15,925,21,333.3
2,2.1,E02,15,925,26,344.4
2,2.1,E02,15,925,28,350.8
2,2.1,E02,15,925,35,357.2
2,2.1,E02,15,925,41,367.7
2,2.1,E02,15,926,0,0
2,2.1,E02,15,926,1,40.81
2,2.1,E02,15,926,3,45.99
2,2.1,E02,15,926,5,163.2
2,2.1,E02,15,926,7,224
2,2.1,E02,15,926,9,252.6
2,2.1,E02,15,926,12,273.4
2,2.1,E02,15,926,14,281.4
2,2.1,E02,15,926,19,292.3
2,2.1,E02,15,926,21,311.8
2,2.1,E02,15,926,26,355.1
2,2.1,E02,15,926,28,365.7
2,2.1,E02,15,926,35,372.5
2,2.1,E02,15,926,41,379.5
2,2.1,E02,15,927,0,0
2,2.1,E02,15,927,1,47.71
2,2.1,E02,15,927,3,52.14
2,2.1,E02,15,927,5,229.8
2,2.1,E02,15,927,7,262.6
2,2.1,E02,15,927,9,275.1
2,2.1,E02,15,927,12,298.6
2,2.1,E02,15,927,14,301
2,2.1,E02,15,927,19,305.8
2,2.1,E02,15,927,21,314.4
2,2.1,E02,15,927,26,326.8
2,2.1,E02,15,927,28,365.1
2,2.1,E02,15,927,35,378
2,2.1,E02,15,927,41,388.4
2,2.1,E02,39,908,0,0
2,2.1,E02,39,908,1,1.048
2,2.1,E02,39,908,3,1.408
2,2.1,E02,39,908,5,165.2
2,2.1,E02,39,908,7,181.4
2,2.1,E02,39,908,9,203.3
2,2.1,E02,39,908,12,248.2
2,2.1,E02,39,908,14,291.1
2,2.1,E02,39,908,19,340.5
2,2.1,E02,39,908,21,342.9
2,2.1,E02,39,908,26,348.8
2,2.1,E02,39,908,28,360.9
2,2.1,E02,39,908,35,371.8
2,2.1,E02,39,908,41,376.3
2,2.1,E02,39,909,0,0
2,2.1,E02,39,909,1,0.2936
2,2.1,E02,39,909,3,-0.3317
2,2.1,E02,39,909,5,158.1
2,2.1,E02,39,909,7,173.3
2,2.1,E02,39,909,9,187.5
2,2.1,E02,39,909,12,231.4
2,2.1,E02,39,909,14,234.7
2,2.1,E02,39,909,19,288
2,2.1,E02,39,909,21,290.2
2,2.1,E02,39,909,26,291
2,2.1,E02,39,909,28,314.3
2,2.1,E02,39,909,35,326.4
2,2.1,E02,39,909,41,332.5
2,2.1,E02,39,910,0,0
2,2.1,E02,39,910,1,0.5242
2,2.1,E02,39,910,3,4.816
2,2.1,E02,39,910,5,166
2,2.1,E02,39,910,7,207.2
2,2.1,E02,39,910,9,239.2
2,2.1,E02,39,910,12,270
2,2.1,E02,39,910,14,281
2,2.1,E02,39,910,19,288.5
2,2.1,E02,39,910,21,322.2
2,2.1,E02,39,910,26,353.7
2,2.1,E02,39,910,28,370.9
2,2.1,E02,39,910,35,382.1
2,2.1,E02,39,910,41,389.9
2,2.1,E02,39,911,0,0
2,2.1,E02,39,911,1,42.64
2,2.1,E02,39,911,3,109.2
2,2.1,E02,39,911,5,210.4
2,2.1,E02,39,911,7,246.3
2,2.1,E02,39,911,9,266.4
2,2.1,E02,39,911,12,287.6
2,2.1,E02,39,911,14,288.5
2,2.1,E02,39,911,19,292.8
2,2.1,E02,39,911,21,298.9
2,2.1,E02,39,911,26,295.7
2,2.1,E02,39,911,28,299.5
2,2.1,E02,39,911,35,302.1
2,2.1,E02,39,911,41,302.9
2,2.1,E02,39,912,0,0
2,2.1,E02,39,912,1,122.9
2,2.1,E02,39,912,3,163.6
2,2.1,E02,39,912,5,288.8
2,2.1,E02,39,912,7,290.9
2,2.1,E02,39,912,9,336
2,2.1,E02,39,912,12,368
2,2.1,E02,39,912,14,374.5
2,2.1,E02,39,912,19,375.3
2,2.1,E02,39,912,21,378.1
2,2.1,E02,39,912,26,376.6
2,2.1,E02,39,912,28,383.7
2,2.1,E02,39,912,35,389.9
2,2.1,E02,39,912,41,392.3
2,2.1,E02,39,913,0,0
2,2.1,E02,39,913,1,122.8
2,2.1,E02,39,913,3,203
2,2.1,E02,39,913,5,283.2
2,2.1,E02,39,913,9,364.6
2,2.1,E02,39,913,12,367.6
2,2.1,E02,39,913,14,372.7
2,2.1,E02,39,913,19,386.3
2,2.1,E02,39,913,21,393.2
2,2.1,E02,39,913,26,395.7
2,2.1,E02,39,913,28,397.4
2,2.1,E02,39,913,35,402.1
2,2.1,E02,39,913,41,407.3
2,2.1,E02,39,914,0,0
2,2.1,E02,39,914,1,45.26
2,2.1,E02,39,914,3,48.27
2,2.1,E02,39,914,5,206.8
2,2.1,E02,39,914,7,229.8
2,2.1,E02,39,914,9,246.6
2,2.1,E02,39,914,12,272.4
2,2.1,E02,39,914,14,281.4
2,2.1,E02,39,914,19,289.3
2,2.1,E02,39,914,21,333.3
2,2.1,E02,39,914,26,344.4
2,2.1,E02,39,914,28,350.8
2,2.1,E02,39,914,35,357.2
2,2.1,E02,39,914,41,367.7
2,2.1,E02,39,915,0,0
2,2.1,E02,39,915,1,40.81
2,2.1,E02,39,915,3,45.99
2,2.1,E02,39,915,5,163.2
2,2.1,E02,39,915,7,224
2,2.1,E02,39,915,9,252.6
2,2.1,E02,39,915,12,273.4
2,2.1,E02,39,915,14,281.4
2,2.1,E02,39,915,19,292.3
2,2.1,E02,39,915,21,311.8
2,2.1,E02,39,915,26,355.1
2,2.1,E02,39,915,28,365.7
2,2.1,E02,39,915,35,372.5
2,2.1,E02,39,915,41,379.5
2,2.1,E02,39,916,0,0
2,2.1,E02,39,916,1,47.71
2,2.1,E02,39,916,3,52.14
2,2.1,E02,39,916,5,229.8
2,2.1,E02,39,916,7,262.6
2,2.1,E02,39,916,9,275.1
2,2.1,E02,39,916,12,298.6
2,2.1,E02,39,916,14,301
2,2.1,E02,39,916,19,305.8
2,2.1,E02,39,916,21,314.4
2,2.1,E02,39,916,26,326.8
2,2.1,E02,39,916,28,365.1
2,2.1,E02,39,916,35,378
2,2.1,E02,39,916,41,388.4
2,2.1,E03,77,1372,0,0
2,2.1,E03,77,1372,1,17.71
2,2.1,E03,77,1372,2,30.25
2,2.1,E03,77,1372,3,11.3
2,2.1,E03,77,1372,4,-16.26
2,2.1,E03,77,1372,5,-38.34
2,2.1,E03,77,1372,6,-56.53
2,2.1,E03,77,1372,7,-67.56
2,2.1,E03,77,1372,8,-79.48
2,2.1,E03,77,1372,9,-88.52
2,2.1,E03,77,1372,10,-92.51
2,2.1,E03,77,1372,11,-88.32
2,2.1,E03,77,1372,12,-81.32
2,2.1,E03,77,1372,13,-74.69
2,2.1,E03,77,1372,14,-62.19
2,2.1,E03,77,1372,15,-34.38
2,2.1,E03,77,1372,16,-3.667
2,2.1,E03,77,1372,17,22.35
2,2.1,E03,77,1372,18,46.41
2,2.1,E03,77,1372,19,75.54
2,2.1,E03,77,1372,20,111.9
2,2.1,E03,77,1372,21,143.9
2,2.1,E03,77,1372,22,173.3
2,2.1,E03,77,1372,23,198.4
2,2.1,E03,77,1372,24,214.6
2,2.1,E03,77,1372,25,223.7
2,2.1,E03,77,1372,26,233.4
2,2.1,E03,77,1372,27,243
2,2.1,E03,77,1372,28,253.9
2,2.1,E03,77,1372,29,266.5
2,2.1,E03,77,1372,30,280.7
2,2.1,E03,77,1372,31,297.2
2,2.1,E03,77,1372,32,312.6
2,2.1,E03,77,1372,33,325.3
2,2.1,E03,77,1372,34,333.2
2,2.1,E03,77,1372,35,341
2,2.1,E03,77,1372,36,348.1
2,2.1,E03,77,1372,37,353.9
2,2.1,E03,77,1372,38,359.7
2,2.1,E03,77,1372,39,364.6
2,2.1,E03,77,1372,40,370.5
2,2.1,E03,77,1372,41,374.3
2,2.1,E03,77,1372,42,374.5
2,2.1,E03,77,1372,43,374.5
2,2.1,E03,77,1372,44,374.5
2,2.1,E03,77,1372,45,374.5
2,2.1,E03,77,1372,46,374.5
2,2.1,E03,77,1372,47,374.5
2,2.1,E03,77,1376,0,0
2,2.1,E03,77,1376,1,19.19
2,2.1,E03,77,1376,2,31.76
2,2.1,E03,77,1376,3,9.179
2,2.1,E03,77,1376,4,-18.9
2,2.1,E03,77,1376,5,-42.43
2,2.1,E03,77,1376,6,-63.84
2,2.1,E03,77,1376,7,-78.26
2,2.1,E03,77,1376,8,-97.18
2,2.1,E03,77,1376,9,-114.3
2,2.1,E03,77,1376,10,-129.4
2,2.1,E03,77,1376,11,-135.2
2,2.1,E03,77,1376,12,-134.7
2,2.1,E03,77,1376,13,-126.7
2,2.1,E03,77,1376,14,-111.9
2,2.1,E03,77,1376,15,-88.04
2,2.1,E03,77,1376,16,-59.79
2,2.1,E03,77,1376,17,-25.84
2,2.1,E03,77,1376,18,5.809
2,2.1,E03,77,1376,19,33.04
2,2.1,E03,77,1376,20,60.01
2,2.1,E03,77,1376,21,89.39
2,2.1,E03,77,1376,22,126.4
2,2.1,E03,77,1376,23,160.9
2,2.1,E03,77,1376,24,190.4
2,2.1,E03,77,1376,25,215.6
2,2.1,E03,77,1376,26,238.8
2,2.1,E03,77,1376,27,258.6
2,2.1,E03,77,1376,28,276.7
2,2.1,E03,77,1376,29,294.8
2,2.1,E03,77,1376,30,312.1
2,2.1,E03,77,1376,31,330.4
2,2.1,E03,77,1376,32,346
2,2.1,E03,77,1376,33,354.4
2,2.1,E03,77,1376,34,360.8
2,2.1,E03,77,1376,35,367.2
2,2.1,E03,77,1376,36,370.9
2,2.1,E03,77,1376,37,374.2
2,2.1,E03,77,1376,38,376.5
2,2.1,E03,77,1376,39,378.5
2,2.1,E03,77,1376,40,382.5
2,2.1,E03,77,1376,41,388.1
2,2.1,E03,77,1376,42,390.8
2,2.1,E03,77,1376,43,392.3
2,2.1,E03,77,1376,44,393.7
2,2.1,E03,77,1376,45,395.3
2,2.1,E03,77,1376,46,397
2,2.1,E03,77,1376,47,398.8
2,2.1,E03,77,1377,0,0
2,2.1,E03,77,1377,1,19.68
2,2.1,E03,77,1377,2,31.73
2,2.1,E03,77,1377,3,14.83
2,2.1,E03,77,1377,4,-11.59
2,2.1,E03,77,1377,5,-32.63
2,2.1,E03,77,1377,6,-47.92
2,2.1,E03,77,1377,7,-55.18
2,2.1,E03,77,1377,8,-61.87
2,2.1,E03,77,1377,9,-65.13
2,2.1,E03,77,1377,10,-65.95
2,2.1,E03,77,1377,11,-59.49
2,2.1,E03,77,1377,12,-51.26
2,2.1,E03,77,1377,13,-40.06
2,2.1,E03,77,1377,14,-18.71
2,2.1,E03,77,1377,15,8.462
2,2.1,E03,77,1377,16,34.13
2,2.1,E03,77,1377,17,57.08
2,2.1,E03,77,1377,18,85.62
2,2.1,E03,77,1377,19,120.4
2,2.1,E03,77,1377,20,147
2,2.1,E03,77,1377,21,174.9
2,2.1,E03,77,1377,22,198.6
2,2.1,E03,77,1377,23,218.6
2,2.1,E03,77,1377,24,232.8
2,2.1,E03,77,1377,25,244.9
2,2.1,E03,77,1377,26,259.8
2,2.1,E03,77,1377,27,275.8
2,2.1,E03,77,1377,28,293.1
2,2.1,E03,77,1377,29,311.9
2,2.1,E03,77,1377,30,330.4
2,2.1,E03,77,1377,31,347.6
2,2.1,E03,77,1377,32,356.5
2,2.1,E03,77,1377,33,363.3
2,2.1,E03,77,1377,34,370
2,2.1,E03,77,1377,35,376.5
2,2.1,E03,77,1377,36,380
2,2.1,E03,77,1377,37,380
2,2.1,E03,77,1377,38,380
2,2.1,E03,77,1377,39,380
2,2.1,E03,77,1377,40,380
2,2.1,E03,77,1377,41,380
2,2.1,E03,77,1377,42,380
2,2.1,E03,77,1377,43,380
2,2.1,E03,77,1377,44,380
2,2.1,E03,77,1377,45,380
2,2.1,E03,77,1377,46,380
2,2.1,E03,77,1377,47,380
2,2.1,E03,77,1378,0,0
2,2.1,E03,77,1378,1,79.41
2,2.1,E03,77,1378,2,62.48
2,2.1,E03,77,1378,3,37.07
2,2.1,E03,77,1378,4,8.856
2,2.1,E03,77,1378,5,-14.94
2,2.1,E03,77,1378,6,-36.55
2,2.1,E03,77,1378,7,-51.29
2,2.1,E03,77,1378,8,-70.79
2,2.1,E03,77,1378,9,-91.57
2,2.1,E03,77,1378,10,-111.4
2,2.1,E03,77,1378,11,-126.3
2,2.1,E03,77,1378,12,-141.1
2,2.1,E03,77,1378,13,-155.7
2,2.1,E03,77,1378,14,-166.4
2,2.1,E03,77,1378,15,-170.7
2,2.1,E03,77,1378,16,-148
2,2.1,E03,77,1378,17,-96.48
2,2.1,E03,77,1378,18,-78.02
2,2.1,E03,77,1378,19,-79.01
2,2.1,E03,77,1378,20,-79.56
2,2.1,E03,77,1378,21,-79.53
2,2.1,E03,77,1378,22,-74.99
2,2.1,E03,77,1378,23,-57.26
2,2.1,E03,77,1378,24,-26.41
2,2.1,E03,77,1378,25,14.98
2,2.1,E03,77,1378,26,48.32
2,2.1,E03,77,1378,27,61.76
2,2.1,E03,77,1378,28,72.48
2,2.1,E03,77,1378,29,86.48
2,2.1,E03,77,1378,30,108.6
2,2.1,E03,77,1378,31,133.7
2,2.1,E03,77,1378,32,157.8
2,2.1,E03,77,1378,33,184.3
2,2.1,E03,77,1378,34,213.5
2,2.1,E03,77,1378,35,241.9
2,2.1,E03,77,1378,36,263
2,2.1,E03,77,1378,37,274.3
2,2.1,E03,77,1378,38,279.9
2,2.1,E03,77,1378,39,284.1
2,2.1,E03,77,1378,40,288
2,2.1,E03,77,1378,41,292.5
2,2.1,E03,77,1378,42,293.8
2,2.1,E03,77,1378,43,294.8
2,2.1,E03,77,1378,44,296.1
2,2.1,E03,77,1378,45,298
2,2.1,E03,77,1378,46,300.3
2,2.1,E03,77,1378,47,300.4
2,2.1,E03,77,1379,0,0
2,2.1,E03,77,1379,1,91.72
2,2.1,E03,77,1379,2,74.79
2,2.1,E03,77,1379,3,49.37
2,2.1,E03,77,1379,4,21.16
2,2.1,E03,77,1379,5,-2.602
2,2.1,E03,77,1379,6,-24.21
2,2.1,E03,77,1379,7,-38.95
2,2.1,E03,77,1379,8,-58.48
2,2.1,E03,77,1379,9,-79.26
2,2.1,E03,77,1379,10,-99.1
2,2.1,E03,77,1379,11,-114
2,2.1,E03,77,1379,12,-128.7
2,2.1,E03,77,1379,13,-143.4
2,2.1,E03,77,1379,14,-154.1
2,2.1,E03,77,1379,15,-158.4
2,2.1,E03,77,1379,16,-123.5
2,2.1,E03,77,1379,17,-76.18
2,2.1,E03,77,1379,18,-70.25
2,2.1,E03,77,1379,19,-70.67
2,2.1,E03,77,1379,20,-70.56
2,2.1,E03,77,1379,21,-69.84
2,2.1,E03,77,1379,22,-61.54
2,2.1,E03,77,1379,23,-39.97
2,2.1,E03,77,1379,24,-5.334
2,2.1,E03,77,1379,25,40.17
2,2.1,E03,77,1379,26,70.06
2,2.1,E03,77,1379,27,82.18
2,2.1,E03,77,1379,28,93.43
2,2.1,E03,77,1379,29,110.3
2,2.1,E03,77,1379,30,135.2
2,2.1,E03,77,1379,31,160
2,2.1,E03,77,1379,32,185.4
2,2.1,E03,77,1379,33,212.6
2,2.1,E03,77,1379,34,241.9
2,2.1,E03,77,1379,35,268.8
2,2.1,E03,77,1379,36,286.1
2,2.1,E03,77,1379,37,291.3
2,2.1,E03,77,1379,38,294.5
2,2.1,E03,77,1379,39,297.1
2,2.1,E03,77,1379,40,299.6
2,2.1,E03,77,1379,41,302.8
2,2.1,E03,77,1379,42,304.7
2,2.1,E03,77,1379,43,305.6
2,2.1,E03,77,1379,44,306.5
2,2.1,E03,77,1379,45,307.7
2,2.1,E03,77,1379,46,309.6
2,2.1,E03,77,1379,47,312
2,2.1,E03,77,1380,0,0
2,2.1,E03,77,1380,1,68.4
2,2.1,E03,77,1380,2,52.22
2,2.1,E03,77,1380,3,26.8
2,2.1,E03,77,1380,4,-1.381
2,2.1,E03,77,1380,5,-25.15
2,2.1,E03,77,1380,6,-46.75
2,2.1,E03,77,1380,7,-61.49
2,2.1,E03,77,1380,8,-81
2,2.1,E03,77,1380,9,-101.8
2,2.1,E03,77,1380,10,-121.6
2,2.1,E03,77,1380,11,-136.5
2,2.1,E03,77,1380,12,-151.2
2,2.1,E03,77,1380,13,-165.9
2,2.1,E03,77,1380,14,-176.6
2,2.1,E03,77,1380,15,-180.9
2,2.1,E03,77,1380,16,-155.9
2,2.1,E03,77,1380,17,-110.5
2,2.1,E03,77,1380,18,-90.57
2,2.1,E03,77,1380,19,-91.62
2,2.1,E03,77,1380,20,-92.23
2,2.1,E03,77,1380,21,-92.29
2,2.1,E03,77,1380,22,-90.54
2,2.1,E03,77,1380,23,-80.83
2,2.1,E03,77,1380,24,-62.82
2,2.1,E03,77,1380,25,-36.63
2,2.1,E03,77,1380,26,0.1701
2,2.1,E03,77,1380,27,30.15
2,2.1,E03,77,1380,28,47.95
2,2.1,E03,77,1380,29,58.86
2,2.1,E03,77,1380,30,70.25
2,2.1,E03,77,1380,31,86.31
2,2.1,E03,77,1380,32,106.9
2,2.1,E03,77,1380,33,129.6
2,2.1,E03,77,1380,34,153.9
2,2.1,E03,77,1380,35,179.8
2,2.1,E03,77,1380,36,206.2
2,2.1,E03,77,1380,37,229.3
2,2.1,E03,77,1380,38,250
2,2.1,E03,77,1380,39,267.2
2,2.1,E03,77,1380,40,278.8
2,2.1,E03,77,1380,41,284.3
2,2.1,E03,77,1380,42,287.9
2,2.1,E03,77,1380,43,290.8
2,2.1,E03,77,1380,44,294.8
2,2.1,E03,77,1380,45,298.1
2,2.1,E03,77,1380,46,300.3
2,2.1,E03,77,1380,47,302.4
2,2.1,E03,77,1381,0,0
2,2.1,E03,77,1381,1,5.131
2,2.1,E03,77,1381,2,36.7
2,2.1,E03,77,1381,3,11.23
2,2.1,E03,77,1381,4,-17.08
2,2.1,E03,77,1381,5,-40.9
2,2.1,E03,77,1381,6,-62.57
2,2.1,E03,77,1381,7,-77.33
2,2.1,E03,77,1381,8,-96.9
2,2.1,E03,77,1381,9,-117.7
2,2.1,E03,77,1381,10,-137.6
2,2.1,E03,77,1381,11,-152.5
2,2.1,E03,77,1381,12,-167.3
2,2.1,E03,77,1381,13,-182
2,2.1,E03,77,1381,14,-192.7
2,2.1,E03,77,1381,15,-197
2,2.1,E03,77,1381,16,-181.6
2,2.1,E03,77,1381,17,-157.5
2,2.1,E03,77,1381,18,-124.2
2,2.1,E03,77,1381,19,-73.5
2,2.1,E03,77,1381,20,-48.84
2,2.1,E03,77,1381,21,-48.08
2,2.1,E03,77,1381,22,-43.01
2,2.1,E03,77,1381,23,-11.13
2,2.1,E03,77,1381,24,21.94
2,2.1,E03,77,1381,25,52.32
2,2.1,E03,77,1381,26,73.82
2,2.1,E03,77,1381,27,79.98
2,2.1,E03,77,1381,28,85.22
2,2.1,E03,77,1381,29,92.49
2,2.1,E03,77,1381,30,101.1
2,2.1,E03,77,1381,31,111.9
2,2.1,E03,77,1381,32,124.1
2,2.1,E03,77,1381,33,138.6
2,2.1,E03,77,1381,34,156
2,2.1,E03,77,1381,35,175.7
2,2.1,E03,77,1381,36,192.4
2,2.1,E03,77,1381,37,207.3
2,2.1,E03,77,1381,38,221.8
2,2.1,E03,77,1381,39,235.2
2,2.1,E03,77,1381,40,246.1
2,2.1,E03,77,1381,41,252.5
2,2.1,E03,77,1381,42,257.5
2,2.1,E03,77,1381,43,260.9
2,2.1,E03,77,1381,44,265.3
2,2.1,E03,77,1381,45,270
2,2.1,E03,77,1381,46,274.7
2,2.1,E03,77,1381,47,278
2,2.1,E03,77,1382,0,0
2,2.1,E03,77,1382,1,0.1606
2,2.1,E03,77,1382,2,29.8
2,2.1,E03,77,1382,3,8.334
2,2.1,E03,77,1382,4,-19.94
2,2.1,E03,77,1382,5,-43.76
2,2.1,E03,77,1382,6,-65.37
2,2.1,E03,77,1382,7,-80.13
2,2.1,E03,77,1382,8,-99.67
2,2.1,E03,77,1382,9,-120.5
2,2.1,E03,77,1382,10,-140.3
2,2.1,E03,77,1382,11,-155.2
2,2.1,E03,77,1382,12,-170
2,2.1,E03,77,1382,13,-184.6
2,2.1,E03,77,1382,14,-195.4
2,2.1,E03,77,1382,15,-186.8
2,2.1,E03,77,1382,16,-162.5
2,2.1,E03,77,1382,17,-129.7
2,2.1,E03,77,1382,18,-80.85
2,2.1,E03,77,1382,19,-50.45
2,2.1,E03,77,1382,20,-41.19
2,2.1,E03,77,1382,21,-5.583
2,2.1,E03,77,1382,22,23.16
2,2.1,E03,77,1382,23,41.68
2,2.1,E03,77,1382,24,47.96
2,2.1,E03,77,1382,25,51.12
2,2.1,E03,77,1382,26,59.18
2,2.1,E03,77,1382,27,64.74
2,2.1,E03,77,1382,28,68.12
2,2.1,E03,77,1382,29,72.58
2,2.1,E03,77,1382,30,77.62
2,2.1,E03,77,1382,31,85.55
2,2.1,E03,77,1382,32,94.68
2,2.1,E03,77,1382,33,106.7
2,2.1,E03,77,1382,34,121.1
2,2.1,E03,77,1382,35,137.1
2,2.1,E03,77,1382,36,151.1
2,2.1,E03,77,1382,37,164
2,2.1,E03,77,1382,38,178.3
2,2.1,E03,77,1382,39,192.4
2,2.1,E03,77,1382,40,206.6
2,2.1,E03,77,1382,41,219.9
2,2.1,E03,77,1382,42,228.7
2,2.1,E03,77,1382,43,232.9
2,2.1,E03,77,1382,44,236.2
2,2.1,E03,77,1382,45,241
2,2.1,E03,77,1382,46,245.9
2,2.1,E03,77,1382,47,248.4
2,2.1,E03,77,1383,0,0
2,2.1,E03,77,1383,1,8.384
2,2.1,E03,77,1383,2,36.55
2,2.1,E03,77,1383,3,11.38
2,2.1,E03,77,1383,4,-16.69
2,2.1,E03,77,1383,5,-40.29
2,2.1,E03,77,1383,6,-61.76
2,2.1,E03,77,1383,7,-76.31
2,2.1,E03,77,1383,8,-95.64
2,2.1,E03,77,1383,9,-116.3
2,2.1,E03,77,1383,10,-136
2,2.1,E03,77,1383,11,-150.8
2,2.1,E03,77,1383,12,-165.4
2,2.1,E03,77,1383,13,-179.9
2,2.1,E03,77,1383,14,-190.5
2,2.1,E03,77,1383,15,-194.6
2,2.1,E03,77,1383,16,-191
2,2.1,E03,77,1383,17,-173.7
2,2.1,E03,77,1383,18,-138.7
2,2.1,E03,77,1383,19,-82.68
2,2.1,E03,77,1383,20,-24.86
2,2.1,E03,77,1383,21,9.267
2,2.1,E03,77,1383,22,31.45
2,2.1,E03,77,1383,23,51.56
2,2.1,E03,77,1383,24,80.22
2,2.1,E03,77,1383,25,90.94
2,2.1,E03,77,1383,26,93.91
2,2.1,E03,77,1383,27,97.33
2,2.1,E03,77,1383,28,102.3
2,2.1,E03,77,1383,29,106.4
2,2.1,E03,77,1383,30,111.2
2,2.1,E03,77,1383,31,117.9
2,2.1,E03,77,1383,32,124.6
2,2.1,E03,77,1383,33,132.9
2,2.1,E03,77,1383,34,143.6
2,2.1,E03,77,1383,35,155.3
2,2.1,E03,77,1383,36,166.8
2,2.1,E03,77,1383,37,178.4
2,2.1,E03,77,1383,38,189.6
2,2.1,E03,77,1383,39,200.9
2,2.1,E03,77,1383,40,214.2
2,2.1,E03,77,1383,41,228.3
2,2.1,E03,77,1383,42,242.2
2,2.1,E03,77,1383,43,253.4
2,2.1,E03,77,1383,44,261.7
2,2.1,E03,77,1383,45,267.1
2,2.1,E03,77,1383,46,272.5
2,2.1,E03,77,1383,47,277.5
2,2.1,E04,96,586,0,0
2,2.1,E04,96,586,1,30.07
2,2.1,E04,96,586,2,36.07
2,2.1,E04,96,586,3,61.63
2,2.1,E04,96,586,6,138.3
2,2.1,E04,96,586,7,175.2
2,2.1,E04,96,586,8,228.4
2,2.1,E04,96,586,9,262
2,2.1,E04,96,586,10,287.1
2,2.1,E04,96,586,13,342.2
2,2.1,E04,96,586,14,355.8
2,2.1,E04,96,586,16,367.8
2,2.1,E04,96,586,20,376.1
2,2.1,E04,96,586,23,380.8
2,2.1,E04,96,586,27,384.4
2,2.1,E04,96,587,0,0
2,2.1,E04,96,587,1,4.088
2,2.1,E04,96,587,2,15.97
2,2.1,E04,96,587,3,39.58
2,2.1,E04,96,587,6,147.8
2,2.1,E04,96,587,7,195.8
2,2.1,E04,96,587,8,231.1
2,2.1,E04,96,587,9,270.8
2,2.1,E04,96,587,10,294
2,2.1,E04,96,587,13,324
2,2.1,E04,96,587,14,324.2
2,2.1,E04,96,587,16,326.5
2,2.1,E04,96,587,20,332
2,2.1,E04,96,587,23,341.1
2,2.1,E04,96,587,27,344.7
2,2.1,E04,96,588,0,0
2,2.1,E04,96,588,1,4.72
2,2.1,E04,96,588,2,9.232
2,2.1,E04,96,588,3,7.43
2,2.1,E04,96,588,6,128.8
2,2.1,E04,96,588,7,187
2,2.1,E04,96,588,8,236.6
2,2.1,E04,96,588,9,279.1
2,2.1,E04,96,588,10,303.6
2,2.1,E04,96,588,13,332.2
2,2.1,E04,96,588,14,336.3
2,2.1,E04,96,588,16,338.5
2,2.1,E04,96,588,20,348
2,2.1,E04,96,588,23,350
2,2.1,E04,96,588,27,353.5
2,2.1,E04,96,589,0,0
2,2.1,E04,96,589,1,16
2,2.1,E04,96,589,2,43.51
2,2.1,E04,96,589,3,73.44
2,2.1,E04,96,589,6,181.1
2,2.1,E04,96,589,7,197.7
2,2.1,E04,96,589,8,203.2
2,2.1,E04,96,589,9,209.6
2,2.1,E04,96,589,10,221.5
2,2.1,E04,96,589,13,267.1
2,2.1,E04,96,589,14,275.5
2,2.1,E04,96,589,16,286.6
2,2.1,E04,96,589,20,313.5
2,2.1,E04,96,589,23,328.8
2,2.1,E04,96,589,27,341.5
2,2.1,E04,96,589,30,346
2,2.1,E04,96,590,0,0
2,2.1,E04,96,590,1,13.92
2,2.1,E04,96,590,2,43.14
2,2.1,E04,96,590,3,65.32
2,2.1,E04,96,590,6,150
2,2.1,E04,96,590,7,184.6
2,2.1,E04,96,590,8,204.6
2,2.1,E04,96,590,9,217.1
2,2.1,E04,96,590,10,223.4
2,2.1,E04,96,590,13,264.6
2,2.1,E04,96,590,14,284
2,2.1,E04,96,590,16,290
2,2.1,E04,96,590,20,312.1
2,2.1,E04,96,590,23,333.1
2,2.1,E04,96,590,27,339
2,2.1,E04,96,590,30,341.9
2,2.1,E04,96,591,0,0
2,2.1,E04,96,591,1,25.32
2,2.1,E04,96,591,2,48.48
2,2.1,E04,96,591,3,67
2,2.1,E04,96,591,6,88.87
2,2.1,E04,96,591,7,97.96
2,2.1,E04,96,591,8,114.6
2,2.1,E04,96,591,9,146.1
2,2.1,E04,96,591,10,195.1
2,2.1,E04,96,591,13,272.3
2,2.1,E04,96,591,14,282.2
2,2.1,E04,96,591,16,291.4
2,2.1,E04,96,591,20,343.1
2,2.1,E04,96,591,23,354.5
2,2.1,E04,96,591,27,372.1
2,2.1,E04,96,591,30,376.5
2,2.1,E04,96,592,0,0
2,2.1,E04,96,592,1,31.23
2,2.1,E04,96,592,2,69.19
2,2.1,E04,96,592,3,77.45
2,2.1,E04,96,592,6,113.5
2,2.1,E04,96,592,7,138.8
2,2.1,E04,96,592,8,171.9
2,2.1,E04,96,592,9,203.1
2,2.1,E04,96,592,10,238.6
2,2.1,E04,96,592,13,296
2,2.1,E04,96,592,14,304.8
2,2.1,E04,96,592,16,348.1
2,2.1,E04,96,592,20,366.6
2,2.1,E04,96,592,23,365.9
2,2.1,E04,96,593,0,0
2,2.1,E04,96,593,1,27.11
2,2.1,E04,96,593,2,61.63
2,2.1,E04,96,593,3,71.69
2,2.1,E04,96,593,6,105.4
2,2.1,E04,96,593,7,138.1
2,2.1,E04,96,593,8,171.9
2,2.1,E04,96,593,9,199.6
2,2.1,E04,96,593,10,227.9
2,2.1,E04,96,593,13,290.9
2,2.1,E04,96,593,14,297.6
2,2.1,E04,96,593,16,337.3
2,2.1,E04,96,593,20,364.6
2,2.1,E04,96,593,23,367.7
2,2.1,E04,96,594,0,0
2,2.1,E04,96,594,1,26.93
2,2.1,E04,96,594,2,62.11
2,2.1,E04,96,594,3,72.09
2,2.1,E04,96,594,6,98.3
2,2.1,E04,96,594,7,129.1
2,2.1,E04,96,594,8,166.6
2,2.1,E04,96,594,9,211.2
2,2.1,E04,96,594,10,237.4
2,2.1,E04,96,594,13,302.3
2,2.1,E04,96,594,14,326.2
2,2.1,E04,96,594,16,367.9
2,2.1,E04,96,594,20,377.8
2,2.1,E04,96,594,23,378.7
2,2.1,E06,114,974,0,0
2,2.1,E06,114,974,1,28.7
2,2.1,E06,114,974,2,62.81
2,2.1,E06,114,974,3,81.26
2,2.1,E06,114,974,4,101.9
2,2.1,E06,114,974,5,119.9
2,2.1,E06,114,974,6,138.2
2,2.1,E06,114,974,7,156.7
2,2.1,E06,114,974,8,176.4
2,2.1,E06,114,974,9,196.8
2,2.1,E06,114,974,10,218.1
2,2.1,E06,114,974,11,240.2
2,2.1,E06,114,974,12,263.6
2,2.1,E06,114,974,13,287.8
2,2.1,E06,114,974,14,311.3
2,2.1,E06,114,974,15,333.6
2,2.1,E06,114,974,16,354.3
2,2.1,E06,114,974,17,372.7
2,2.1,E06,114,974,18,384
2,2.1,E06,114,974,19,399.6
2,2.1,E06,114,974,20,419
2,2.1,E06,114,974,21,427
2,2.1,E06,114,974,22,427
2,2.1,E06,114,974,23,427
2,2.1,E06,114,974,24,427
2,2.1,E06,114,974,25,427
2,2.1,E06,114,974,26,427
2,2.1,E06,114,975,0,0
2,2.1,E06,114,975,1,31.55
2,2.1,E06,114,975,2,66.91
2,2.1,E06,114,975,3,88.86
2,2.1,E06,114,975,4,113.3
2,2.1,E06,114,975,5,134.9
2,2.1,E06,114,975,6,157.2
2,2.1,E06,114,975,7,179.9
2,2.1,E06,114,975,8,203.8
2,2.1,E06,114,975,9,228
2,2.1,E06,114,975,10,252.7
2,2.1,E06,114,975,11,278.3
2,2.1,E06,114,975,12,304.5
2,2.1,E06,114,975,13,330.6
2,2.1,E06,114,975,14,354
2,2.1,E06,114,975,15,375.2
2,2.1,E06,114,975,16,386.8
2,2.1,E06,114,975,17,393
2,2.1,E06,114,975,18,404.5
2,2.1,E06,114,975,19,419.4
2,2.1,E06,114,975,20,431.2
2,2.1,E06,114,975,21,437.7
2,2.1,E06,114,975,22,437.7
2,2.1,E06,114,975,23,437.7
2,2.1,E06,114,975,24,437.7
2,2.1,E06,114,975,25,437.7
2,2.1,E06,114,975,26,437.7
2,2.1,E06,114,976,0,0
2,2.1,E06,114,976,1,32.99
2,2.1,E06,114,976,2,70.92
2,2.1,E06,114,976,3,95.86
2,2.1,E06,114,976,4,123.5
2,2.1,E06,114,976,5,148.9
2,2.1,E06,114,976,6,174.3
2,2.1,E06,114,976,7,199.9
2,2.1,E06,114,976,8,226.7
2,2.1,E06,114,976,9,252.4
2,2.1,E06,114,976,10,278.3
2,2.1,E06,114,976,11,304.8
2,2.1,E06,114,976,12,330.5
2,2.1,E06,114,976,13,353.4
2,2.1,E06,114,976,14,371.4
2,2.1,E06,114,976,15,378.1
2,2.1,E06,114,976,16,386.2
2,2.1,E06,114,976,17,400.5
2,2.1,E06,114,976,18,414.1
2,2.1,E06,114,976,19,422.9
2,2.1,E06,114,976,20,422.9
2,2.1,E06,114,976,21,422.9
2,2.1,E06,114,976,22,422.9
2,2.1,E06,114,976,23,422.9
2,2.1,E06,114,976,24,422.9
2,2.1,E06,114,976,25,422.9
2,2.1,E06,114,976,26,422.9
2,2.1,E06,114,979,0,0
2,2.1,E06,114,979,1,0.743
2,2.1,E06,114,979,2,29.77
2,2.1,E06,114,979,3,63.67
2,2.1,E06,114,979,4,94.91
2,2.1,E06,114,979,5,132
2,2.1,E06,114,979,6,176.9
2,2.1,E06,114,979,7,230.6
2,2.1,E06,114,979,8,287.5
2,2.1,E06,114,979,9,334.2
2,2.1,E06,114,979,10,343.2
2,2.1,E06,114,979,11,348.7
2,2.1,E06,114,979,12,350.3
2,2.1,E06,114,979,13,351.7
2,2.1,E06,114,979,14,352.9
2,2.1,E06,114,979,15,353.6
2,2.1,E06,114,979,16,354.2
2,2.1,E06,114,979,17,354.8
2,2.1,E06,114,979,18,354.9
2,2.1,E06,114,979,19,354.9
2,2.1,E06,114,979,20,354.9
2,2.1,E06,114,979,21,354.9
2,2.1,E06,114,979,22,354.7
2,2.1,E06,114,979,23,354.7
2,2.1,E06,114,979,24,354.7
2,2.1,E06,114,979,25,354.7
2,2.1,E06,114,979,26,354.7
2,2.1,E06,114,980,0,0
2,2.1,E06,114,980,1,4.492
2,2.1,E06,114,980,2,35.34
2,2.1,E06,114,980,3,66.89
2,2.1,E06,114,980,4,95.42
2,2.1,E06,114,980,5,129.1
2,2.1,E06,114,980,6,170.6
2,2.1,E06,114,980,7,220.4
2,2.1,E06,114,980,8,276.9
2,2.1,E06,114,980,9,324.9
2,2.1,E06,114,980,10,335.4
2,2.1,E06,114,980,11,341.4
2,2.1,E06,114,980,12,343.4
2,2.1,E06,114,980,13,345
2,2.1,E06,114,980,14,346.1
2,2.1,E06,114,980,15,346.7
2,2.1,E06,114,980,16,347.4
2,2.1,E06,114,980,17,347.6
2,2.1,E06,114,980,18,347.6
2,2.1,E06,114,980,19,347.6
2,2.1,E06,114,980,20,347.4
2,2.1,E06,114,980,21,347.4
2,2.1,E06,114,980,22,347.4
2,2.1,E06,114,980,23,347.4
2,2.1,E06,114,980,24,347.4
2,2.1,E06,114,980,25,347.4
2,2.1,E06,114,980,26,347.4
2,2.1,E06,114,981,0,0
2,2.1,E06,114,981,1,0.5612
2,2.1,E06,114,981,2,28.79
2,2.1,E06,114,981,3,60.17
2,2.1,E06,114,981,4,90.5
2,2.1,E06,114,981,5,125.6
2,2.1,E06,114,981,6,168.8
2,2.1,E06,114,981,7,221.1
2,2.1,E06,114,981,8,276.8
2,2.1,E06,114,981,9,323.7
2,2.1,E06,114,981,10,333.3
2,2.1,E06,114,981,11,338.6
2,2.1,E06,114,981,12,340.6
2,2.1,E06,114,981,13,342.3
2,2.1,E06,114,981,14,343.9
2,2.1,E06,114,981,15,344.9
2,2.1,E06,114,981,16,345.6
2,2.1,E06,114,981,17,346.3
2,2.1,E06,114,981,18,346.7
2,2.1,E06,114,981,19,347.2
2,2.1,E06,114,981,20,347.6
2,2.1,E06,114,981,21,348
2,2.1,E06,114,981,22,348.1
2,2.1,E06,114,981,23,348.1
2,2.1,E06,114,981,24,348.1
2,2.1,E06,114,981,25,348
2,2.1,E06,114,981,26,348
2,2.1,E06,114,982,0,0
2,2.1,E06,114,982,1,54.54
2,2.1,E06,114,982,2,85.08
2,2.1,E06,114,982,3,127.5
2,2.1,E06,114,982,4,172.9
2,2.1,E06,114,982,5,224.4
2,2.1,E06,114,982,6,281.9
2,2.1,E06,114,982,7,340.5
2,2.1,E06,114,982,8,357.5
2,2.1,E06,114,982,9,361.3
2,2.1,E06,114,982,10,365.9
2,2.1,E06,114,982,11,373.9
2,2.1,E06,114,982,12,376.9
2,2.1,E06,114,982,13,378.6
2,2.1,E06,114,982,14,379.9
2,2.1,E06,114,982,15,380.4
2,2.1,E06,114,982,16,381
2,2.1,E06,114,982,17,381.5
2,2.1,E06,114,982,18,382.2
2,2.1,E06,114,982,19,382.8
2,2.1,E06,114,982,20,383.4
2,2.1,E06,114,982,21,383.9
2,2.1,E06,114,982,22,384.3
2,2.1,E06,114,982,23,384.7
2,2.1,E06,114,982,24,385.1
2,2.1,E06,114,982,25,385.4
2,2.1,E06,114,982,26,385.4
2,2.1,E06,114,983,0,0
2,2.1,E06,114,983,1,53.91
2,2.1,E06,114,983,2,85.02
2,2.1,E06,114,983,3,129.3
2,2.1,E06,114,983,4,176.8
2,2.1,E06,114,983,5,231
2,2.1,E06,114,983,6,291.7
2,2.1,E06,114,983,7,348.3
2,2.1,E06,114,983,8,354.5
2,2.1,E06,114,983,9,358
2,2.1,E06,114,983,10,364.1
2,2.1,E06,114,983,11,369.3
2,2.1,E06,114,983,12,371
2,2.1,E06,114,983,13,372.5
2,2.1,E06,114,983,14,373.4
2,2.1,E06,114,983,15,373.5
2,2.1,E06,114,983,16,373.7
2,2.1,E06,114,983,17,373.9
2,2.1,E06,114,983,18,374.1
2,2.1,E06,114,983,19,374.3
2,2.1,E06,114,983,20,374.5
2,2.1,E06,114,983,21,374.6
2,2.1,E06,114,983,22,374.8
2,2.1,E06,114,983,23,375
2,2.1,E06,114,983,24,375.2
2,2.1,E06,114,983,25,375.2
2,2.1,E06,114,983,26,375.2
2,2.1,E06,114,984,0,0
2,2.1,E06,114,984,1,58.12
2,2.1,E06,114,984,2,92.99
2,2.1,E06,114,984,3,143.9
2,2.1,E06,114,984,4,151
2,2.1,E06,114,984,5,227
2,2.1,E06,114,984,6,286
2,2.1,E06,114,984,7,343.5
2,2.1,E06,114,984,8,355
2,2.1,E06,114,984,9,358.6
2,2.1,E06,114,984,10,364
2,2.1,E06,114,984,11,370.6
2,2.1,E06,114,984,12,372.9
2,2.1,E06,114,984,13,374.5
2,2.1,E06,114,984,14,375.5
2,2.1,E06,114,984,15,375.9
2,2.1,E06,114,984,16,376.3
2,2.1,E06,114,984,17,376.6
2,2.1,E06,114,984,18,377
2,2.1,E06,114,984,19,377.4
2,2.1,E06,114,984,20,377.9
2,2.1,E06,114,984,21,378.2
2,2.1,E06,114,984,22,378.5
2,2.1,E06,114,984,23,378.8
2,2.1,E06,114,984,24,379.1
2,2.1,E06,114,984,25,379.2
2,2.1,E06,114,984,26,379.2
2,2.1,E07,99,160,0,0
2,2.1,E07,99,160,1,71.31
2,2.1,E07,99,160,2,149.8
2,2.1,E07,99,160,3,231.7
2,2.1,E07,99,160,4,288.8
2,2.1,E07,99,160,5,319.2
2,2.1,E07,99,160,6,328.1
2,2.1,E07,99,160,7,338.5
2,2.1,E07,99,160,8,346
2,2.1,E07,99,160,9,350.8
2,2.1,E07,99,160,10,352.5
2,2.1,E07,99,160,13,358.6
2,2.1,E07,99,160,15,359.5
2,2.1,E07,99,160,17,360.5
2,2.1,E07,99,160,20,365
2,2.1,E07,99,160,22,366.9
2,2.1,E07,99,160,24,367.8
2,2.1,E07,99,160,30,373.2
2,2.1,E07,99,160,34,374.3
2,2.1,E07,99,161,0,0
2,2.1,E07,99,161,1,70.4
2,2.1,E07,99,161,2,147.4
2,2.1,E07,99,161,3,228.8
2,2.1,E07,99,161,4,285.2
2,2.1,E07,99,161,5,315.1
2,2.1,E07,99,161,6,324.8
2,2.1,E07,99,161,7,336
2,2.1,E07,99,161,8,344
2,2.1,E07,99,161,9,348.7
2,2.1,E07,99,161,10,351
2,2.1,E07,99,161,13,357.2
2,2.1,E07,99,161,15,358.1
2,2.1,E07,99,161,17,359.1
2,2.1,E07,99,161,20,363.7
2,2.1,E07,99,161,22,365.6
2,2.1,E07,99,161,24,366.2
2,2.1,E07,99,161,30,371.8
2,2.1,E07,99,161,34,372.9
2,2.1,E07,99,162,0,0
2,2.1,E07,99,162,1,75.92
2,2.1,E07,99,162,2,151.9
2,2.1,E07,99,162,3,233.3
2,2.1,E07,99,162,4,288.6
2,2.1,E07,99,162,5,319.5
2,2.1,E07,99,162,6,328.3
2,2.1,E07,99,162,7,338.7
2,2.1,E07,99,162,8,346.5
2,2.1,E07,99,162,9,351.2
2,2.1,E07,99,162,10,352.8
2,2.1,E07,99,162,13,359
2,2.1,E07,99,162,15,359.9
2,2.1,E07,99,162,17,360.8
2,2.1,E07,99,162,20,365.1
2,2.1,E07,99,162,22,367.2
2,2.1,E07,99,162,24,367.8
2,2.1,E07,99,162,30,373.1
2,2.1,E07,99,162,34,373.8
2,2.1,E07,99,163,0,0
2,2.1,E07,99,163,1,2.366
2,2.1,E07,99,163,2,18.34
2,2.1,E07,99,163,3,116.5
2,2.1,E07,99,163,4,213.1
2,2.1,E07,99,163,5,271.7
2,2.1,E07,99,163,6,296.9
2,2.1,E07,99,163,7,317.3
2,2.1,E07,99,163,8,328.7
2,2.1,E07,99,163,9,336.5
2,2.1,E07,99,163,10,340.3
2,2.1,E07,99,163,13,348
2,2.1,E07,99,163,15,348.5
2,2.1,E07,99,163,17,349.8
2,2.1,E07,99,163,20,354.9
2,2.1,E07,99,163,22,357.1
2,2.1,E07,99,163,24,357.1
2,2.1,E07,99,163,30,363.2
2,2.1,E07,99,163,34,363.8
2,2.1,E07,99,164,0,0
2,2.1,E07,99,164,1,1.83
2,2.1,E07,99,164,2,18.13
2,2.1,E07,99,164,3,116.9
2,2.1,E07,99,164,4,211.7
2,2.1,E07,99,164,5,269.7
2,2.1,E07,99,164,6,294.5
2,2.1,E07,99,164,7,315
2,2.1,E07,99,164,8,326.4
2,2.1,E07,99,164,9,336.3
2,2.1,E07,99,164,10,337.2
2,2.1,E07,99,164,13,343.2
2,2.1,E07,99,164,15,343.5
2,2.1,E07,99,164,17,344.2
2,2.1,E07,99,164,20,350.8
2,2.1,E07,99,164,22,350.8
2,2.1,E07,99,164,24,351.2
2,2.1,E07,99,164,30,355.5
2,2.1,E07,99,164,34,355.1
2,2.1,E07,99,165,0,0
2,2.1,E07,99,165,1,1.803
2,2.1,E07,99,165,2,19.6
2,2.1,E07,99,165,3,119.3
2,2.1,E07,99,165,4,212.1
2,2.1,E07,99,165,5,268.1
2,2.1,E07,99,165,6,292.9
2,2.1,E07,99,165,7,313
2,2.1,E07,99,165,8,324.8
2,2.1,E07,99,165,9,332.3
2,2.1,E07,99,165,10,336
2,2.1,E07,99,165,13,342.7
2,2.1,E07,99,165,15,343.5
2,2.1,E07,99,165,17,345.2
2,2.1,E07,99,165,20,350.7
2,2.1,E07,99,165,22,352.9
2,2.1,E07,99,165,24,353.2
2,2.1,E07,99,165,30,359
2,2.1,E07,99,165,34,359.9
2,2.1,E07,99,169,0,0
2,2.1,E07,99,169,1,90.72
2,2.1,E07,99,169,2,160.4
2,2.1,E07,99,169,3,238.9
2,2.1,E07,99,169,4,310.2
2,2.1,E07,99,169,5,365.6
2,2.1,E07,99,169,6,390.2
2,2.1,E07,99,169,7,399.7
2,2.1,E07,99,169,8,409.1
2,2.1,E07,99,169,9,419.4
2,2.1,E07,99,169,10,426.7
2,2.1,E07,99,169,13,441.4
2,2.1,E07,99,169,15,442.3
2,2.1,E07,99,169,17,443.7
2,2.1,E07,99,169,20,450.4
2,2.1,E07,99,169,22,453.4
2,2.1,E07,99,169,24,454.4
2,2.1,E07,99,169,30,461.8
2,2.1,E07,99,169,34,461.5
2,2.1,E07,99,170,0,0
2,2.1,E07,99,170,1,90.91
2,2.1,E07,99,170,2,161.1
2,2.1,E07,99,170,3,239.7
2,2.1,E07,99,170,4,311.2
2,2.1,E07,99,170,5,366.3
2,2.1,E07,99,170,6,391.4
2,2.1,E07,99,170,7,400.8
2,2.1,E07,99,170,8,410.3
2,2.1,E07,99,170,9,420.6
2,2.1,E07,99,170,10,428
2,2.1,E07,99,170,13,442.2
2,2.1,E07,99,170,15,443.5
2,2.1,E07,99,170,17,444.9
2,2.1,E07,99,170,20,451.7
2,2.1,E07,99,170,22,454.3
2,2.1,E07,99,170,24,455.7
2,2.1,E07,99,170,30,462.7
2,2.1,E07,99,170,34,462.3
2,2.1,E07,99,171,0,0
2,2.1,E07,99,171,1,86.02
2,2.1,E07,99,171,2,152.7
2,2.1,E07,99,171,3,232.2
2,2.1,E07,99,171,4,306
2,2.1,E07,99,171,5,363.1
2,2.1,E07,99,171,6,390.8
2,2.1,E07,99,171,7,402.2
2,2.1,E07,99,171,8,411.4
2,2.1,E07,99,171,9,422.4
2,2.1,E07,99,171,10,430
2,2.1,E07,99,171,13,445.4
2,2.1,E07,99,171,15,447.4
2,2.1,E07,99,171,17,449.2
2,2.1,E07,99,171,20,455.3
2,2.1,E07,99,171,22,457.9
2,2.1,E07,99,171,24,460.1
2,2.1,E07,99,171,30,466.8
2,2.1,E07,99,171,34,469.4
2,2.1,E08,54,1100,0,0
2,2.1,E08,54,1100,1,60.1
2,2.1,E08,54,1100,2,81.55
2,2.1,E08,54,1100,3,94.68
2,2.1,E08,54,1100,4,106.7
2,2.1,E08,54,1100,5,117.9
2,2.1,E08,54,1100,6,139.6
2,2.1,E08,54,1100,7,146
2,2.1,E08,54,1100,8,151.9
2,2.1,E08,54,1100,9,156
2,2.1,E08,54,1100,10,161.2
2,2.1,E08,54,1100,11,166.1
2,2.1,E08,54,1100,12,180
2,2.1,E08,54,1100,13,185.1
2,2.1,E08,54,1100,14,191.3
2,2.1,E08,54,1100,15,190.3
2,2.1,E08,54,1100,16,201
2,2.1,E08,54,1100,17,203.6
2,2.1,E08,54,1100,18,218.6
2,2.1,E08,54,1100,19,236.5
2,2.1,E08,54,1100,20,245
2,2.1,E08,54,1100,21,253.7
2,2.1,E08,54,1100,22,261.1
2,2.1,E08,54,1100,23,279.7
2,2.1,E08,54,1100,24,290.2
2,2.1,E08,54,1100,25,310.8
2,2.1,E08,54,1100,26,329.3
2,2.1,E08,54,1100,27,344.7
2,2.1,E08,54,1100,28,355.9
2,2.1,E08,54,1100,29,363.4
2,2.1,E08,54,1100,30,370.2
2,2.1,E08,54,1100,31,377.2
2,2.1,E08,54,1100,32,384.1
2,2.1,E08,54,1100,33,386.2
2,2.1,E08,54,1100,34,387.8
2,2.1,E08,54,1100,35,389
2,2.1,E08,54,1100,36,390.4
2,2.1,E08,54,1100,37,392.2
2,2.1,E08,54,1100,38,394.2
2,2.1,E08,54,1100,39,396.1
2,2.1,E08,54,1101,0,0
2,2.1,E08,54,1101,1,65.48
2,2.1,E08,54,1101,2,91.07
2,2.1,E08,54,1101,3,104.4
2,2.1,E08,54,1101,4,115.9
2,2.1,E08,54,1101,5,126.8
2,2.1,E08,54,1101,6,143.9
2,2.1,E08,54,1101,7,149.9
2,2.1,E08,54,1101,8,164.6
2,2.1,E08,54,1101,9,171.1
2,2.1,E08,54,1101,10,167.4
2,2.1,E08,54,1101,11,181.6
2,2.1,E08,54,1101,12,186.4
2,2.1,E08,54,1101,13,191.5
2,2.1,E08,54,1101,14,198.1
2,2.1,E08,54,1101,15,206
2,2.1,E08,54,1101,16,216.2
2,2.1,E08,54,1101,17,236.7
2,2.1,E08,54,1101,18,246.1
2,2.1,E08,54,1101,19,252.3
2,2.1,E08,54,1101,20,264.6
2,2.1,E08,54,1101,21,269.8
2,2.1,E08,54,1101,22,273.1
2,2.1,E08,54,1101,23,282.5
2,2.1,E08,54,1101,24,302.5
2,2.1,E08,54,1101,25,321.7
2,2.1,E08,54,1101,26,339.3
2,2.1,E08,54,1101,27,354
2,2.1,E08,54,1101,28,364.7
2,2.1,E08,54,1101,29,371.9
2,2.1,E08,54,1101,30,378.2
2,2.1,E08,54,1101,31,384.7
2,2.1,E08,54,1101,32,391.3
2,2.1,E08,54,1101,33,393.2
2,2.1,E08,54,1101,34,394.3
2,2.1,E08,54,1101,35,395.2
2,2.1,E08,54,1101,36,396.3
2,2.1,E08,54,1101,37,397.5
2,2.1,E08,54,1101,38,399.1
2,2.1,E08,54,1101,39,400.7
2,2.1,E08,54,1102,0,0
2,2.1,E08,54,1102,1,57.75
2,2.1,E08,54,1102,2,80.4
2,2.1,E08,54,1102,3,93.62
2,2.1,E08,54,1102,4,105.5
2,2.1,E08,54,1102,5,124.2
2,2.1,E08,54,1102,6,134.3
2,2.1,E08,54,1102,7,146.3
2,2.1,E08,54,1102,8,155.6
2,2.1,E08,54,1102,9,162.3
2,2.1,E08,54,1102,10,172.1
2,2.1,E08,54,1102,11,173.5
2,2.1,E08,54,1102,12,178.6
2,2.1,E08,54,1102,13,184.1
2,2.1,E08,54,1102,14,190.8
2,2.1,E08,54,1102,15,198.9
2,2.1,E08,54,1102,16,209.3
2,2.1,E08,54,1102,17,211.7
2,2.1,E08,54,1102,18,228.5
2,2.1,E08,54,1102,19,237.3
2,2.1,E08,54,1102,20,254
2,2.1,E08,54,1102,21,263
2,2.1,E08,54,1102,22,270.5
2,2.1,E08,54,1102,23,275.6
2,2.1,E08,54,1102,24,295.5
2,2.1,E08,54,1102,25,315.2
2,2.1,E08,54,1102,26,332.9
2,2.1,E08,54,1102,27,347.9
2,2.1,E08,54,1102,28,358.7
2,2.1,E08,54,1102,29,366
2,2.1,E08,54,1102,30,372.5
2,2.1,E08,54,1102,31,379.1
2,2.1,E08,54,1102,32,385
2,2.1,E08,54,1102,33,386.4
2,2.1,E08,54,1102,34,387.8
2,2.1,E08,54,1102,35,389
2,2.1,E08,54,1102,36,390.2
2,2.1,E08,54,1102,37,391.7
2,2.1,E08,54,1102,38,393.6
2,2.1,E08,54,1102,39,395.2
2,2.1,E08,54,1105,0,0
2,2.1,E08,54,1105,1,3.312
2,2.1,E08,54,1105,2,68.33
2,2.1,E08,54,1105,3,200.8
2,2.1,E08,54,1105,4,285.8
2,2.1,E08,54,1105,5,351.5
2,2.1,E08,54,1105,6,391.3
2,2.1,E08,54,1105,7,404.3
2,2.1,E08,54,1105,8,410.9
2,2.1,E08,54,1105,9,414.7
2,2.1,E08,54,1105,10,417.8
2,2.1,E08,54,1105,11,420.5
2,2.1,E08,54,1105,12,423.1
2,2.1,E08,54,1105,13,426.3
2,2.1,E08,54,1105,14,426.5
2,2.1,E08,54,1105,15,427.8
2,2.1,E08,54,1105,16,428.1
2,2.1,E08,54,1105,17,428.5
2,2.1,E08,54,1105,18,430.4
2,2.1,E08,54,1105,19,430.4
2,2.1,E08,54,1105,20,430.2
2,2.1,E08,54,1105,21,430.1
2,2.1,E08,54,1105,22,429.9
2,2.1,E08,54,1105,23,429.7
2,2.1,E08,54,1105,24,430.5
2,2.1,E08,54,1105,25,433
2,2.1,E08,54,1105,26,433.4
2,2.1,E08,54,1105,27,433.8
2,2.1,E08,54,1105,28,433.1
2,2.1,E08,54,1105,29,435.1
2,2.1,E08,54,1105,30,435
2,2.1,E08,54,1105,31,435.8
2,2.1,E08,54,1105,32,435.8
2,2.1,E08,54,1105,33,436
2,2.1,E08,54,1105,34,436.5
2,2.1,E08,54,1105,35,436.4
2,2.1,E08,54,1105,36,436.6
2,2.1,E08,54,1105,37,436.6
2,2.1,E08,54,1105,38,438.6
2,2.1,E08,54,1105,39,438.8
2,2.1,E08,54,1106,0,0
2,2.1,E08,54,1106,1,3.321
2,2.1,E08,54,1106,2,55.41
2,2.1,E08,54,1106,3,195.9
2,2.1,E08,54,1106,4,282.7
2,2.1,E08,54,1106,5,350.1
2,2.1,E08,54,1106,6,389
2,2.1,E08,54,1106,7,402.4
2,2.1,E08,54,1106,8,408.8
2,2.1,E08,54,1106,9,412.3
2,2.1,E08,54,1106,10,415.1
2,2.1,E08,54,1106,11,417.7
2,2.1,E08,54,1106,12,420.2
2,2.1,E08,54,1106,13,423.3
2,2.1,E08,54,1106,14,424.9
2,2.1,E08,54,1106,15,426.2
2,2.1,E08,54,1106,16,427.3
2,2.1,E08,54,1106,17,428.6
2,2.1,E08,54,1106,18,428.6
2,2.1,E08,54,1106,19,428.5
2,2.1,E08,54,1106,20,429.1
2,2.1,E08,54,1106,21,429.8
2,2.1,E08,54,1106,22,430.5
2,2.1,E08,54,1106,23,431.2
2,2.1,E08,54,1106,24,431.9
2,2.1,E08,54,1106,25,432.5
2,2.1,E08,54,1106,26,432.9
2,2.1,E08,54,1106,27,433.4
2,2.1,E08,54,1106,28,433.6
2,2.1,E08,54,1106,29,434
2,2.1,E08,54,1106,30,434.3
2,2.1,E08,54,1106,31,434.6
2,2.1,E08,54,1106,32,435
2,2.1,E08,54,1106,33,435.3
2,2.1,E08,54,1106,34,435.6
2,2.1,E08,54,1106,35,435.9
2,2.1,E08,54,1106,36,436.1
2,2.1,E08,54,1106,37,435.4
2,2.1,E08,54,1106,38,435.7
2,2.1,E08,54,1106,39,435.8
2,2.1,E08,54,1107,0,0
2,2.1,E08,54,1107,1,3.173
2,2.1,E08,54,1107,2,55.61
2,2.1,E08,54,1107,3,195.4
2,2.1,E08,54,1107,4,281.4
2,2.1,E08,54,1107,5,348
2,2.1,E08,54,1107,6,384.3
2,2.1,E08,54,1107,7,397.2
2,2.1,E08,54,1107,8,403.6
2,2.1,E08,54,1107,9,407.5
2,2.1,E08,54,1107,10,410.5
2,2.1,E08,54,1107,11,413.1
2,2.1,E08,54,1107,12,415.8
2,2.1,E08,54,1107,13,418.7
2,2.1,E08,54,1107,14,420.5
2,2.1,E08,54,1107,15,421.9
2,2.1,E08,54,1107,16,423
2,2.1,E08,54,1107,17,424.3
2,2.1,E08,54,1107,18,424.4
2,2.1,E08,54,1107,19,424.9
2,2.1,E08,54,1107,20,425.5
2,2.1,E08,54,1107,21,426.2
2,2.1,E08,54,1107,22,426.9
2,2.1,E08,54,1107,23,427.7
2,2.1,E08,54,1107,24,428.4
2,2.1,E08,54,1107,25,429
2,2.1,E08,54,1107,26,429.5
2,2.1,E08,54,1107,27,429.9
2,2.1,E08,54,1107,28,430.1
2,2.1,E08,54,1107,29,430.5
2,2.1,E08,54,1107,30,430.7
2,2.1,E08,54,1107,31,431
2,2.1,E08,54,1107,32,431.2
2,2.1,E08,54,1107,33,431.5
2,2.1,E08,54,1107,34,431.8
2,2.1,E08,54,1107,35,432
2,2.1,E08,54,1107,36,432
2,2.1,E08,54,1107,37,431.5
2,2.1,E08,54,1107,38,431.8
2,2.1,E08,54,1107,39,432.6
2,2.1,E08,54,1108,0,0
2,2.1,E08,54,1108,1,69.73
2,2.1,E08,54,1108,2,148.1
2,2.1,E08,54,1108,3,253
2,2.1,E08,54,1108,4,337.5
2,2.1,E08,54,1108,5,359.1
2,2.1,E08,54,1108,6,367.4
2,2.1,E08,54,1108,7,373.1
2,2.1,E08,54,1108,8,377
2,2.1,E08,54,1108,9,380.4
2,2.1,E08,54,1108,10,383.6
2,2.1,E08,54,1108,11,387.1
2,2.1,E08,54,1108,12,390.1
2,2.1,E08,54,1108,13,392.2
2,2.1,E08,54,1108,14,394.4
2,2.1,E08,54,1108,15,396.4
2,2.1,E08,54,1108,16,398.1
2,2.1,E08,54,1108,17,399.3
2,2.1,E08,54,1108,18,399.3
2,2.1,E08,54,1108,19,399.5
2,2.1,E08,54,1108,20,400.5
2,2.1,E08,54,1108,21,401.4
2,2.1,E08,54,1108,22,402.2
2,2.1,E08,54,1108,23,403
2,2.1,E08,54,1108,24,403.7
2,2.1,E08,54,1108,25,404.6
2,2.1,E08,54,1108,26,405.2
2,2.1,E08,54,1108,27,405.8
2,2.1,E08,54,1108,28,406.2
2,2.1,E08,54,1108,29,406.6
2,2.1,E08,54,1108,30,407.1
2,2.1,E08,54,1108,31,407.5
2,2.1,E08,54,1108,32,407.8
2,2.1,E08,54,1108,33,408
2,2.1,E08,54,1108,34,408.5
2,2.1,E08,54,1108,35,408.8
2,2.1,E08,54,1108,36,409
2,2.1,E08,54,1108,37,409.3
2,2.1,E08,54,1108,38,409.6
2,2.1,E08,54,1108,39,409.4
2,2.1,E08,54,1109,0,0
2,2.1,E08,54,1109,1,71.91
2,2.1,E08,54,1109,2,170.4
2,2.1,E08,54,1109,3,270.6
2,2.1,E08,54,1109,4,362.6
2,2.1,E08,54,1109,5,373.9
2,2.1,E08,54,1109,6,381.8
2,2.1,E08,54,1109,7,396.5
2,2.1,E08,54,1109,8,400.3
2,2.1,E08,54,1109,9,403.5
2,2.1,E08,54,1109,10,406.5
2,2.1,E08,54,1109,11,410.1
2,2.1,E08,54,1109,12,422.4
2,2.1,E08,54,1109,13,415.2
2,2.1,E08,54,1109,14,417.3
2,2.1,E08,54,1109,15,419.3
2,2.1,E08,54,1109,16,421.1
2,2.1,E08,54,1109,17,422.4
2,2.1,E08,54,1109,18,422.5
2,2.1,E08,54,1109,19,424.5
2,2.1,E08,54,1109,20,423.6
2,2.1,E08,54,1109,21,424.5
2,2.1,E08,54,1109,22,425.3
2,2.1,E08,54,1109,23,426.2
2,2.1,E08,54,1109,24,426.9
2,2.1,E08,54,1109,25,427.7
2,2.1,E08,54,1109,26,428.3
2,2.1,E08,54,1109,27,428.9
2,2.1,E08,54,1109,28,429.5
2,2.1,E08,54,1109,29,429.9
2,2.1,E08,54,1109,30,430.4
2,2.1,E08,54,1109,31,430.9
2,2.1,E08,54,1109,32,431.4
2,2.1,E08,54,1109,33,431.8
2,2.1,E08,54,1109,34,432.3
2,2.1,E08,54,1109,35,432.7
2,2.1,E08,54,1109,36,433.1
2,2.1,E08,54,1109,37,433.4
2,2.1,E08,54,1109,38,433.8
2,2.1,E08,54,1109,39,433.7
2,2.1,E08,54,1110,0,0
2,2.1,E08,54,1110,1,61.16
2,2.1,E08,54,1110,2,148.1
2,2.1,E08,54,1110,3,256.2
2,2.1,E08,54,1110,4,339.8
2,2.1,E08,54,1110,5,365.7
2,2.1,E08,54,1110,6,374.1
2,2.1,E08,54,1110,7,379.8
2,2.1,E08,54,1110,8,383.8
2,2.1,E08,54,1110,9,387.1
2,2.1,E08,54,1110,10,390.3
2,2.1,E08,54,1110,11,393.6
2,2.1,E08,54,1110,12,396.6
2,2.1,E08,54,1110,13,398.7
2,2.1,E08,54,1110,14,400.8
2,2.1,E08,54,1110,15,402.7
2,2.1,E08,54,1110,16,404.4
2,2.1,E08,54,1110,17,405.6
2,2.1,E08,54,1110,18,405.6
2,2.1,E08,54,1110,19,405.6
2,2.1,E08,54,1110,20,406.6
2,2.1,E08,54,1110,21,407.5
2,2.1,E08,54,1110,22,408.3
2,2.1,E08,54,1110,23,409.1
2,2.1,E08,54,1110,24,409.8
2,2.1,E08,54,1110,25,410.5
2,2.1,E08,54,1110,26,411.1
2,2.1,E08,54,1110,27,411.6
2,2.1,E08,54,1110,28,412
2,2.1,E08,54,1110,29,412.3
2,2.1,E08,54,1110,30,412.7
2,2.1,E08,54,1110,31,413
2,2.1,E08,54,1110,32,413.2
2,2.1,E08,54,1110,33,413.4
2,2.1,E08,54,1110,34,413.7
2,2.1,E08,54,1110,35,414
2,2.1,E08,54,1110,36,414.1
2,2.1,E08,54,1110,37,414.2
2,2.1,E08,54,1110,38,414.5
2,2.1,E08,54,1110,39,414.6
2,2.1,E09,23,47,0,0
2,2.1,E09,23,47,1,27.94
2,2.1,E09,23,47,2,220.3
2,2.1,E09,23,47,3,335.2
2,2.1,E09,23,47,4,399.4
2,2.1,E09,23,47,5,421.4
2,2.1,E09,23,47,6,434.4
2,2.1,E09,23,47,7,447.5
2,2.1,E09,23,47,8,460.6
2,2.1,E09,23,47,9,472.8
2,2.1,E09,23,47,10,484.9
2,2.1,E09,23,47,11,493.7
2,2.1,E09,23,47,12,508.4
2,2.1,E09,23,47,13,512.5
2,2.1,E09,23,47,14,512.3
2,2.1,E09,23,47,15,518.8
2,2.1,E09,23,47,16,521.8
2,2.1,E09,23,47,17,522.5
2,2.1,E09,23,47,18,523.7
2,2.1,E09,23,47,19,522.6
2,2.1,E09,23,47,20,523.7
2,2.1,E09,23,48,0,0
2,2.1,E09,23,48,1,25.12
2,2.1,E09,23,48,2,211.9
2,2.1,E09,23,48,3,324.1
2,2.1,E09,23,48,4,388.8
2,2.1,E09,23,48,5,414.1
2,2.1,E09,23,48,6,425.4
2,2.1,E09,23,48,7,437.4
2,2.1,E09,23,48,8,449.7
2,2.1,E09,23,48,9,461.8
2,2.1,E09,23,48,10,473
2,2.1,E09,23,48,11,478.4
2,2.1,E09,23,48,12,483.8
2,2.1,E09,23,48,13,489.1
2,2.1,E09,23,48,14,497.5
2,2.1,E09,23,48,15,509.9
2,2.1,E09,23,48,16,513.7
2,2.1,E09,23,48,17,515
2,2.1,E09,23,48,18,516.4
2,2.1,E09,23,48,19,515.6
2,2.1,E09,23,48,20,516.8
2,2.1,E09,23,49,0,0
2,2.1,E09,23,49,1,25.41
2,2.1,E09,23,49,2,225.3
2,2.1,E09,23,49,3,345
2,2.1,E09,23,49,4,414.5
2,2.1,E09,23,49,5,436.6
2,2.1,E09,23,49,6,449.7
2,2.1,E09,23,49,7,463.3
2,2.1,E09,23,49,8,477
2,2.1,E09,23,49,9,489.2
2,2.1,E09,23,49,10,500.5
2,2.1,E09,23,49,11,506.4
2,2.1,E09,23,49,12,512.9
2,2.1,E09,23,49,13,519.6
2,2.1,E09,23,49,14,528
2,2.1,E09,23,49,15,537.3
2,2.1,E09,23,49,16,541
2,2.1,E09,23,49,17,542
2,2.1,E09,23,49,18,543.4
2,2.1,E09,23,49,19,542.2
2,2.1,E09,23,49,20,543.5
2,2.1,E09,23,52,0,0
2,2.1,E09,23,52,1,2.514
2,2.1,E09,23,52,2,5.896
2,2.1,E09,23,52,3,52.34
2,2.1,E09,23,52,4,131.7
2,2.1,E09,23,52,5,194.1
2,2.1,E09,23,52,6,242.2
2,2.1,E09,23,52,7,282.1
2,2.1,E09,23,52,8,312.1
2,2.1,E09,23,52,9,333.9
2,2.1,E09,23,52,10,349.2
2,2.1,E09,23,52,11,356.8
2,2.1,E09,23,52,12,362.2
2,2.1,E09,23,52,13,364.3
2,2.1,E09,23,52,14,365.1
2,2.1,E09,23,52,15,370.3
2,2.1,E09,23,52,16,372.7
2,2.1,E09,23,52,17,373.5
2,2.1,E09,23,52,18,374.4
2,2.1,E09,23,52,19,373.5
2,2.1,E09,23,52,20,374.4
2,2.1,E09,23,53,0,0
2,2.1,E09,23,53,1,2.373
2,2.1,E09,23,53,2,6.982
2,2.1,E09,23,53,3,56.48
2,2.1,E09,23,53,4,143.9
2,2.1,E09,23,53,5,214.7
2,2.1,E09,23,53,6,261.4
2,2.1,E09,23,53,7,295.7
2,2.1,E09,23,53,8,315.2
2,2.1,E09,23,53,9,328.2
2,2.1,E09,23,53,10,338.1
2,2.1,E09,23,53,11,343.5
2,2.1,E09,23,53,12,348.3
2,2.1,E09,23,53,13,350.8
2,2.1,E09,23,53,14,352.7
2,2.1,E09,23,53,15,358.3
2,2.1,E09,23,53,16,361.1
2,2.1,E09,23,53,17,362.1
2,2.1,E09,23,53,18,363
2,2.1,E09,23,53,19,362.2
2,2.1,E09,23,53,20,363.2
2,2.1,E09,23,54,0,0
2,2.1,E09,23,54,1,2.285
2,2.1,E09,23,54,2,3.907
2,2.1,E09,23,54,3,64.29
2,2.1,E09,23,54,4,165.5
2,2.1,E09,23,54,5,240.9
2,2.1,E09,23,54,6,251.5
2,2.1,E09,23,54,7,294.3
2,2.1,E09,23,54,8,324.8
2,2.1,E09,23,54,9,347.9
2,2.1,E09,23,54,10,365
2,2.1,E09,23,54,11,374.6
2,2.1,E09,23,54,12,381.9
2,2.1,E09,23,54,13,385.9
2,2.1,E09,23,54,14,388.4
2,2.1,E09,23,54,15,394.8
2,2.1,E09,23,54,16,398.5
2,2.1,E09,23,54,17,400.1
2,2.1,E09,23,54,18,401.8
2,2.1,E09,23,54,19,401.3
2,2.1,E09,23,54,20,402.9
2,2.1,E09,23,55,0,0
2,2.1,E09,23,55,1,9.979
2,2.1,E09,23,55,2,123.1
2,2.1,E09,23,55,3,260.1
2,2.1,E09,23,55,4,311.2
2,2.1,E09,23,55,5,336.4
2,2.1,E09,23,55,6,349.5
2,2.1,E09,23,55,7,358.1
2,2.1,E09,23,55,8,363.3
2,2.1,E09,23,55,9,369.7
2,2.1,E09,23,55,10,376.4
2,2.1,E09,23,55,11,378.3
2,2.1,E09,23,55,12,379.5
2,2.1,E09,23,55,13,378.7
2,2.1,E09,23,55,14,377.9
2,2.1,E09,23,55,15,381.9
2,2.1,E09,23,56,0,0
2,2.1,E09,23,56,1,7.821
2,2.1,E09,23,56,2,125.6
2,2.1,E09,23,56,3,258.7
2,2.1,E09,23,56,4,307.5
2,2.1,E09,23,56,5,333.4
2,2.1,E09,23,56,6,346.3
2,2.1,E09,23,56,7,355.2
2,2.1,E09,23,56,8,360.9
2,2.1,E09,23,56,9,367.8
2,2.1,E09,23,56,10,374.9
2,2.1,E09,23,56,11,377.3
2,2.1,E09,23,56,12,379
2,2.1,E09,23,56,13,378.5
2,2.1,E09,23,56,14,377.9
2,2.1,E09,23,56,15,382.3
2,2.1,E09,23,57,0,0
2,2.1,E09,23,57,1,10.03
2,2.1,E09,23,57,2,120.9
2,2.1,E09,23,57,3,260.7
2,2.1,E09,23,57,4,311.9
2,2.1,E09,23,57,5,339.6
2,2.1,E09,23,57,6,353.6
2,2.1,E09,23,57,7,362.4
2,2.1,E09,23,57,8,367.6
2,2.1,E09,23,57,9,373.9
2,2.1,E09,23,57,10,380.9
2,2.1,E09,23,57,11,383.4
2,2.1,E09,23,57,12,385.2
2,2.1,E09,23,57,13,384.9
2,2.1,E09,23,57,14,384.4
2,2.1,E09,23,57,15,389.1
2,2.1,E10,44,1213,0,-0.05697
2,2.1,E10,44,1213,1,0.8645
2,2.1,E10,44,1213,2,35.86
2,2.1,E10,44,1213,3,55.32
2,2.1,E10,44,1213,4,74.13
2,2.1,E10,44,1213,7,144.7
2,2.1,E10,44,1213,8,177.3
2,2.1,E10,44,1213,9,209.5
2,2.1,E10,44,1213,10,235.9
2,2.1,E10,44,1213,11,254.8
2,2.1,E10,44,1213,14,297.5
2,2.1,E10,44,1213,15,303.4
2,2.1,E10,44,1213,17,308.9
2,2.1,E10,44,1213,21,313.1
2,2.1,E10,44,1213,23,318.1
2,2.1,E10,44,1213,25,323.4
2,2.1,E10,44,1213,28,329.8
2,2.1,E10,44,1213,31,331
2,2.1,E10,44,1213,36,329.8
2,2.1,E10,44,1213,38,331.5
2,2.1,E10,44,1214,0,-0.05835
2,2.1,E10,44,1214,1,12.03
2,2.1,E10,44,1214,2,38.23
2,2.1,E10,44,1214,3,56.35
2,2.1,E10,44,1214,4,76.92
2,2.1,E10,44,1214,7,152.7
2,2.1,E10,44,1214,8,181.4
2,2.1,E10,44,1214,9,208.1
2,2.1,E10,44,1214,10,236.9
2,2.1,E10,44,1214,11,262
2,2.1,E10,44,1214,14,304.6
2,2.1,E10,44,1214,15,311.2
2,2.1,E10,44,1214,17,317.2
2,2.1,E10,44,1214,21,318
2,2.1,E10,44,1214,23,319.6
2,2.1,E10,44,1214,25,323
2,2.1,E10,44,1214,28,329.4
2,2.1,E10,44,1214,31,333.4
2,2.1,E10,44,1214,36,334.5
2,2.1,E10,44,1214,38,335.6
2,2.1,E10,44,1215,0,-0.0605
2,2.1,E10,44,1215,1,11.28
2,2.1,E10,44,1215,2,38.1
2,2.1,E10,44,1215,3,58.64
2,2.1,E10,44,1215,4,77.7
2,2.1,E10,44,1215,7,152.3
2,2.1,E10,44,1215,8,179.6
2,2.1,E10,44,1215,9,211.5
2,2.1,E10,44,1215,10,239.6
2,2.1,E10,44,1215,11,264.6
2,2.1,E10,44,1215,14,306.6
2,2.1,E10,44,1215,15,309.8
2,2.1,E10,44,1215,17,316.6
2,2.1,E10,44,1215,21,317.9
2,2.1,E10,44,1215,23,318.7
2,2.1,E10,44,1215,25,321.2
2,2.1,E10,44,1215,28,327.7
2,2.1,E10,44,1215,31,331.8
2,2.1,E10,44,1215,36,331.9
2,2.1,E10,44,1215,38,333.4
2,2.1,E10,44,1219,0,-0.0538
2,2.1,E10,44,1219,1,-0.7452
2,2.1,E10,44,1219,2,6.394
2,2.1,E10,44,1219,3,26.93
2,2.1,E10,44,1219,4,49.98
2,2.1,E10,44,1219,7,106
2,2.1,E10,44,1219,8,126.6
2,2.1,E10,44,1219,9,152.1
2,2.1,E10,44,1219,10,176.9
2,2.1,E10,44,1219,11,203.4
2,2.1,E10,44,1219,14,268
2,2.1,E10,44,1219,15,277.8
2,2.1,E10,44,1219,17,291.3
2,2.1,E10,44,1219,21,301.5
2,2.1,E10,44,1219,23,302.9
2,2.1,E10,44,1219,25,302.7
2,2.1,E10,44,1219,28,303
2,2.1,E10,44,1219,31,303.3
2,2.1,E10,44,1219,36,304.9
2,2.1,E10,44,1219,38,304.4
2,2.1,E10,44,1220,0,-0.06139
2,2.1,E10,44,1220,1,-0.7627
2,2.1,E10,44,1220,2,4.781
2,2.1,E10,44,1220,3,20.81
2,2.1,E10,44,1220,4,41.72
2,2.1,E10,44,1220,7,101
2,2.1,E10,44,1220,8,118.6
2,2.1,E10,44,1220,9,145.2
2,2.1,E10,44,1220,10,172.5
2,2.1,E10,44,1220,11,200.6
2,2.1,E10,44,1220,14,281.8
2,2.1,E10,44,1220,15,290.1
2,2.1,E10,44,1220,17,302.7
2,2.1,E10,44,1220,21,312.1
2,2.1,E10,44,1220,23,313.7
2,2.1,E10,44,1220,25,316.5
2,2.1,E10,44,1220,28,318.8
2,2.1,E10,44,1220,31,318.9
2,2.1,E10,44,1220,36,319.3
2,2.1,E10,44,1220,38,317.3
2,2.1,E10,44,1221,0,-0.04508
2,2.1,E10,44,1221,1,-0.171
2,2.1,E10,44,1221,2,6.654
2,2.1,E10,44,1221,3,25.38
2,2.1,E10,44,1221,4,46.94
2,2.1,E10,44,1221,7,101.1
2,2.1,E10,44,1221,8,120
2,2.1,E10,44,1221,9,143.9
2,2.1,E10,44,1221,10,172.1
2,2.1,E10,44,1221,11,200.1
2,2.1,E10,44,1221,14,269.8
2,2.1,E10,44,1221,15,278.8
2,2.1,E10,44,1221,17,291.4
2,2.1,E10,44,1221,21,296.9
2,2.1,E10,44,1221,23,298.4
2,2.1,E10,44,1221,25,299.7
2,2.1,E10,44,1221,28,302.2
2,2.1,E10,44,1221,31,303.5
2,2.1,E10,44,1221,36,301.6
2,2.1,E10,44,1221,38,302.1
2,2.1,E10,44,1222,0,-0.0643
2,2.1,E10,44,1222,1,16.38
2,2.1,E10,44,1222,2,39.6
2,2.1,E10,44,1222,3,47.82
2,2.1,E10,44,1222,4,58.06
2,2.1,E10,44,1222,7,107.3
2,2.1,E10,44,1222,8,128.6
2,2.1,E10,44,1222,9,154.1
2,2.1,E10,44,1222,10,184.6
2,2.1,E10,44,1222,11,216.8
2,2.1,E10,44,1222,14,321.3
2,2.1,E10,44,1222,15,353.8
2,2.1,E10,44,1222,17,405.2
2,2.1,E10,44,1222,21,436.5
2,2.1,E10,44,1222,23,442.1
2,2.1,E10,44,1222,25,444
2,2.1,E10,44,1222,28,446.5
2,2.1,E10,44,1222,31,447.1
2,2.1,E10,44,1222,36,451.6
2,2.1,E10,44,1222,38,452.8
2,2.1,E10,44,1223,0,-0.06673
2,2.1,E10,44,1223,1,15.88
2,2.1,E10,44,1223,2,38.78
2,2.1,E10,44,1223,3,47.68
2,2.1,E10,44,1223,4,58.02
2,2.1,E10,44,1223,7,107.1
2,2.1,E10,44,1223,8,126.3
2,2.1,E10,44,1223,9,152.4
2,2.1,E10,44,1223,10,180.3
2,2.1,E10,44,1223,11,210.7
2,2.1,E10,44,1223,14,311.7
2,2.1,E10,44,1223,15,344.6
2,2.1,E10,44,1223,17,397.1
2,2.1,E10,44,1223,21,430.3
2,2.1,E10,44,1223,23,433.9
2,2.1,E10,44,1223,25,436.1
2,2.1,E10,44,1223,28,433.3
2,2.1,E10,44,1223,31,433.8
2,2.1,E10,44,1223,36,437.7
2,2.1,E10,44,1223,38,440.7
2,2.1,E10,44,1224,0,-0.06594
2,2.1,E10,44,1224,1,15.61
2,2.1,E10,44,1224,2,40.26
2,2.1,E10,44,1224,3,49.25
2,2.1,E10,44,1224,4,59.38
2,2.1,E10,44,1224,7,115
2,2.1,E10,44,1224,8,136.8
2,2.1,E10,44,1224,9,166.6
2,2.1,E10,44,1224,10,197.3
2,2.1,E10,44,1224,11,230.9
2,2.1,E10,44,1224,14,334.1
2,2.1,E10,44,1224,15,364.8
2,2.1,E10,44,1224,17,414.1
2,2.1,E10,44,1224,21,430.2
2,2.1,E10,44,1224,23,431
2,2.1,E10,44,1224,25,428.8
2,2.1,E10,44,1224,28,432.3
2,2.1,E10,44,1224,31,429.3
2,2.1,E10,44,1224,36,434.3
2,2.1,E10,44,1224,38,435.4
2,2.1,E12,106,1315,0,0
2,2.1,E12,106,1315,1,17.98
2,2.1,E12,106,1315,2,104.2
2,2.1,E12,106,1315,3,190.7
2,2.1,E12,106,1315,4,257.3
2,2.1,E12,106,1315,5,281.4
2,2.1,E12,106,1315,6,296.2
2,2.1,E12,106,1315,7,306.4
2,2.1,E12,106,1315,8,313
2,2.1,E12,106,1315,9,317.6
2,2.1,E12,106,1315,10,321.2
2,2.1,E12,106,1315,11,324.2
2,2.1,E12,106,1315,12,326.8
2,2.1,E12,106,1315,13,329.3
2,2.1,E12,106,1315,14,331.4
2,2.1,E12,106,1315,15,333.4
2,2.1,E12,106,1315,16,334.3
2,2.1,E12,106,1315,17,334.8
2,2.1,E12,106,1315,18,335.3
2,2.1,E12,106,1315,19,336.2
2,2.1,E12,106,1315,20,336.4
2,2.1,E12,106,1319,0,0
2,2.1,E12,106,1319,1,18.88
2,2.1,E12,106,1319,2,106.9
2,2.1,E12,106,1319,3,194.5
2,2.1,E12,106,1319,4,257.3
2,2.1,E12,106,1319,5,281.1
2,2.1,E12,106,1319,6,296.3
2,2.1,E12,106,1319,7,306
2,2.1,E12,106,1319,8,312.5
2,2.1,E12,106,1319,9,317
2,2.1,E12,106,1319,10,320.8
2,2.1,E12,106,1319,11,323.8
2,2.1,E12,106,1319,12,326.6
2,2.1,E12,106,1319,13,329.4
2,2.1,E12,106,1319,14,331.4
2,2.1,E12,106,1319,15,333.1
2,2.1,E12,106,1319,16,334.3
2,2.1,E12,106,1319,17,334.6
2,2.1,E12,106,1319,18,334.9
2,2.1,E12,106,1319,19,335.3
2,2.1,E12,106,1319,20,336.2
2,2.1,E12,106,1320,0,0
2,2.1,E12,106,1320,1,18.62
2,2.1,E12,106,1320,2,103.5
2,2.1,E12,106,1320,3,188
2,2.1,E12,106,1320,4,253.7
2,2.1,E12,106,1320,5,277.5
2,2.1,E12,106,1320,6,292
2,2.1,E12,106,1320,7,301.7
2,2.1,E12,106,1320,8,308.1
2,2.1,E12,106,1320,9,312.4
2,2.1,E12,106,1320,10,315.8
2,2.1,E12,106,1320,11,318.9
2,2.1,E12,106,1320,12,321.5
2,2.1,E12,106,1320,13,323.9
2,2.1,E12,106,1320,14,326
2,2.1,E12,106,1320,15,327.8
2,2.1,E12,106,1320,16,328.6
2,2.1,E12,106,1320,17,328.9
2,2.1,E12,106,1320,18,329.3
2,2.1,E12,106,1320,19,330.4
2,2.1,E12,106,1320,20,331.3
2,2.1,E12,106,1321,0,0
2,2.1,E12,106,1321,1,109.1
2,2.1,E12,106,1321,2,245.5
2,2.1,E12,106,1321,3,299.2
2,2.1,E12,106,1321,4,318.3
2,2.1,E12,106,1321,5,329.4
2,2.1,E12,106,1321,6,336.9
2,2.1,E12,106,1321,7,342.5
2,2.1,E12,106,1321,8,346.5
2,2.1,E12,106,1321,9,349.4
2,2.1,E12,106,1321,10,351.8
2,2.1,E12,106,1321,11,353.9
2,2.1,E12,106,1321,12,355.4
2,2.1,E12,106,1321,13,356.8
2,2.1,E12,106,1321,14,357.8
2,2.1,E12,106,1321,15,358.8
2,2.1,E12,106,1321,16,359.4
2,2.1,E12,106,1321,17,359.7
2,2.1,E12,106,1321,18,360
2,2.1,E12,106,1321,19,360.9
2,2.1,E12,106,1321,20,362
2,2.1,E12,106,1322,0,0
2,2.1,E12,106,1322,1,108.3
2,2.1,E12,106,1322,2,244.5
2,2.1,E12,106,1322,3,297.7
2,2.1,E12,106,1322,4,316.9
2,2.1,E12,106,1322,5,327.3
2,2.1,E12,106,1322,6,334.3
2,2.1,E12,106,1322,7,339.1
2,2.1,E12,106,1322,8,342.5
2,2.1,E12,106,1322,9,344.9
2,2.1,E12,106,1322,10,346.9
2,2.1,E12,106,1322,11,348.6
2,2.1,E12,106,1322,12,349.9
2,2.1,E12,106,1322,13,350.9
2,2.1,E12,106,1322,14,351.5
2,2.1,E12,106,1322,15,352.3
2,2.1,E12,106,1322,16,352.4
2,2.1,E12,106,1322,17,352.6
2,2.1,E12,106,1322,18,352.8
2,2.1,E12,106,1322,19,353.4
2,2.1,E12,106,1322,20,354.5
2,2.1,E12,106,1323,0,0
2,2.1,E12,106,1323,1,107.4
2,2.1,E12,106,1323,2,241.6
2,2.1,E12,106,1323,3,297
2,2.1,E12,106,1323,4,317.9
2,2.1,E12,106,1323,5,329.1
2,2.1,E12,106,1323,6,336.9
2,2.1,E12,106,1323,7,342.8
2,2.1,E12,106,1323,8,346.9
2,2.1,E12,106,1323,9,349.8
2,2.1,E12,106,1323,10,352.3
2,2.1,E12,106,1323,11,354.3
2,2.1,E12,106,1323,12,355.9
2,2.1,E12,106,1323,13,357.1
2,2.1,E12,106,1323,14,357.9
2,2.1,E12,106,1323,15,358.8
2,2.1,E12,106,1323,16,359.5
2,2.1,E12,106,1323,17,360.1
2,2.1,E12,106,1323,18,360.5
2,2.1,E12,106,1323,19,361
2,2.1,E12,106,1323,20,362.2
2,2.1,E12,106,1324,0,0
2,2.1,E12,106,1324,1,109.5
2,2.1,E12,106,1324,2,208.9
2,2.1,E12,106,1324,3,254.4
2,2.1,E12,106,1324,4,297.4
2,2.1,E12,106,1324,5,321.1
2,2.1,E12,106,1324,6,339.7
2,2.1,E12,106,1324,7,355.2
2,2.1,E12,106,1324,8,387.9
2,2.1,E12,106,1324,9,401.9
2,2.1,E12,106,1324,10,406.8
2,2.1,E12,106,1324,11,415.3
2,2.1,E12,106,1324,12,420.4
2,2.1,E12,106,1324,13,421.4
2,2.1,E12,106,1324,14,421.8
2,2.1,E12,106,1324,15,422.7
2,2.1,E12,106,1324,16,422.8
2,2.1,E12,106,1324,17,423.1
2,2.1,E12,106,1324,18,423.3
2,2.1,E12,106,1324,19,424.2
2,2.1,E12,106,1324,20,425.6
2,2.1,E12,106,1324,21,427.5
2,2.1,E12,106,1324,22,429.6
2,2.1,E12,106,1324,23,430.9
2,2.1,E12,106,1325,0,0
2,2.1,E12,106,1325,1,109.3
2,2.1,E12,106,1325,2,206.9
2,2.1,E12,106,1325,3,254.1
2,2.1,E12,106,1325,4,295.7
2,2.1,E12,106,1325,5,319.9
2,2.1,E12,106,1325,6,342
2,2.1,E12,106,1325,7,360.4
2,2.1,E12,106,1325,8,394.3
2,2.1,E12,106,1325,9,404.5
2,2.1,E12,106,1325,10,409.3
2,2.1,E12,106,1325,11,417.1
2,2.1,E12,106,1325,12,421.8
2,2.1,E12,106,1325,13,423
2,2.1,E12,106,1325,14,423.9
2,2.1,E12,106,1325,15,424.4
2,2.1,E12,106,1325,16,425.3
2,2.1,E12,106,1325,17,425.5
2,2.1,E12,106,1325,18,425.7
2,2.1,E12,106,1325,19,425.9
2,2.1,E12,106,1325,20,426.5
2,2.1,E12,106,1325,21,428.2
2,2.1,E12,106,1325,22,430
2,2.1,E12,106,1325,23,431.9
2,2.1,E12,106,1326,0,0
2,2.1,E12,106,1326,1,108.6
2,2.1,E12,106,1326,2,208.3
2,2.1,E12,106,1326,3,253.2
2,2.1,E12,106,1326,4,296.6
2,2.1,E12,106,1326,5,321.7
2,2.1,E12,106,1326,6,339.2
2,2.1,E12,106,1326,7,355.7
2,2.1,E12,106,1326,8,389.6
2,2.1,E12,106,1326,9,401.7
2,2.1,E12,106,1326,10,406.8
2,2.1,E12,106,1326,11,414.9
2,2.1,E12,106,1326,12,419.6
2,2.1,E12,106,1326,13,420.3
2,2.1,E12,106,1326,14,420.8
2,2.1,E12,106,1326,15,420.9
2,2.1,E12,106,1326,16,420.9
2,2.1,E12,106,1326,17,421.1
2,2.1,E12,106,1326,18,421.3
2,2.1,E12,106,1326,19,422.1
2,2.1,E12,106,1326,20,423.3
2,2.1,E12,106,1326,21,424.9
2,2.1,E12,106,1326,22,426.4
2,2.1,E12,106,1326,23,426.8
2,2.1,E13,80,1159,0,0
2,2.1,E13,80,1159,1,0.9238
2,2.1,E13,80,1159,2,11.69
2,2.1,E13,80,1159,3,65.75
2,2.1,E13,80,1159,4,184.6
2,2.1,E13,80,1159,5,277.3
2,2.1,E13,80,1159,6,317.1
2,2.1,E13,80,1159,7,339.4
2,2.1,E13,80,1159,8,349.1
2,2.1,E13,80,1159,9,354.1
2,2.1,E13,80,1159,10,357.6
2,2.1,E13,80,1159,11,360.4
2,2.1,E13,80,1159,12,362.9
2,2.1,E13,80,1159,13,365.3
2,2.1,E13,80,1159,14,367.6
2,2.1,E13,80,1160,0,0
2,2.1,E13,80,1160,1,0.6352
2,2.1,E13,80,1160,2,14.68
2,2.1,E13,80,1160,3,70.68
2,2.1,E13,80,1160,4,178.3
2,2.1,E13,80,1160,5,266.9
2,2.1,E13,80,1160,6,321.6
2,2.1,E13,80,1160,7,341.1
2,2.1,E13,80,1160,8,348.9
2,2.1,E13,80,1160,9,353.9
2,2.1,E13,80,1160,10,357.1
2,2.1,E13,80,1160,11,359.7
2,2.1,E13,80,1160,12,361.6
2,2.1,E13,80,1160,13,363.8
2,2.1,E13,80,1160,14,365.5
2,2.1,E13,80,1161,0,0
2,2.1,E13,80,1161,1,0.9415
2,2.1,E13,80,1161,2,13.69
2,2.1,E13,80,1161,3,78.82
2,2.1,E13,80,1161,4,214.6
2,2.1,E13,80,1161,5,293.6
2,2.1,E13,80,1161,6,326.6
2,2.1,E13,80,1161,7,343.8
2,2.1,E13,80,1161,8,350.5
2,2.1,E13,80,1161,9,355.2
2,2.1,E13,80,1161,10,359.4
2,2.1,E13,80,1161,11,362.1
2,2.1,E13,80,1161,12,365
2,2.1,E13,80,1161,13,367.2
2,2.1,E13,80,1161,14,369.4
2,2.1,E13,80,1162,0,0
2,2.1,E13,80,1162,1,100.5
2,2.1,E13,80,1162,2,212.5
2,2.1,E13,80,1162,3,260.4
2,2.1,E13,80,1162,4,302.7
2,2.1,E13,80,1162,5,325.5
2,2.1,E13,80,1162,6,339.8
2,2.1,E13,80,1162,7,351.1
2,2.1,E13,80,1162,8,356.7
2,2.1,E13,80,1162,9,360.5
2,2.1,E13,80,1162,10,363.6
2,2.1,E13,80,1162,11,366
2,2.1,E13,80,1162,12,368.5
2,2.1,E13,80,1162,13,370.3
2,2.1,E13,80,1162,14,372
2,2.1,E13,80,1163,0,0
2,2.1,E13,80,1163,1,103.3
2,2.1,E13,80,1163,2,215.1
2,2.1,E13,80,1163,3,245.2
2,2.1,E13,80,1163,4,279.8
2,2.1,E13,80,1163,5,298.8
2,2.1,E13,80,1163,6,311.1
2,2.1,E13,80,1163,7,321.1
2,2.1,E13,80,1163,8,325.7
2,2.1,E13,80,1163,9,328.6
2,2.1,E13,80,1163,10,331.3
2,2.1,E13,80,1163,11,333.4
2,2.1,E13,80,1163,12,335.6
2,2.1,E13,80,1163,13,337.7
2,2.1,E13,80,1163,14,339.2
2,2.1,E13,80,1164,0,0
2,2.1,E13,80,1164,1,102.8
2,2.1,E13,80,1164,2,215
2,2.1,E13,80,1164,3,248.9
2,2.1,E13,80,1164,4,284.5
2,2.1,E13,80,1164,5,303.5
2,2.1,E13,80,1164,6,316.2
2,2.1,E13,80,1164,7,326.1
2,2.1,E13,80,1164,8,330.9
2,2.1,E13,80,1164,9,334
2,2.1,E13,80,1164,10,336.9
2,2.1,E13,80,1164,11,339.1
2,2.1,E13,80,1164,12,341.4
2,2.1,E13,80,1164,13,343.6
2,2.1,E13,80,1164,14,344.7
2,2.1,E13,80,1165,0,0
2,2.1,E13,80,1165,1,130.9
2,2.1,E13,80,1165,2,202.5
2,2.1,E13,80,1165,3,245.3
2,2.1,E13,80,1165,4,281.5
2,2.1,E13,80,1165,5,304.6
2,2.1,E13,80,1165,6,318
2,2.1,E13,80,1165,7,330.6
2,2.1,E13,80,1165,8,336.7
2,2.1,E13,80,1165,9,340.3
2,2.1,E13,80,1165,10,342.1
2,2.1,E13,80,1165,11,343.1
2,2.1,E13,80,1165,12,343.3
2,2.1,E13,80,1165,13,342
2,2.1,E13,80,1165,14,340.8
2,2.1,E13,80,1166,0,0
2,2.1,E13,80,1166,1,129.9
2,2.1,E13,80,1166,2,200.6
2,2.1,E13,80,1166,3,243.3
2,2.1,E13,80,1166,4,278.5
2,2.1,E13,80,1166,5,301.6
2,2.1,E13,80,1166,6,315.4
2,2.1,E13,80,1166,7,327.2
2,2.1,E13,80,1166,8,333.6
2,2.1,E13,80,1166,9,337.4
2,2.1,E13,80,1166,10,339.3
2,2.1,E13,80,1166,11,339.9
2,2.1,E13,80,1166,12,340.1
2,2.1,E13,80,1166,13,340
2,2.1,E13,80,1166,14,339.9
2,2.1,E13,80,1167,0,0
2,2.1,E13,80,1167,1,132.5
2,2.1,E13,80,1167,2,202.3
2,2.1,E13,80,1167,3,243.8
2,2.1,E13,80,1167,4,278.5
2,2.1,E13,80,1167,5,300.6
2,2.1,E13,80,1167,6,313.5
2,2.1,E13,80,1167,7,323.9
2,2.1,E13,80,1167,8,328.4
2,2.1,E13,80,1167,9,331.5
2,2.1,E13,80,1167,10,333.2
2,2.1,E13,80,1167,11,333.8
2,2.1,E13,80,1167,12,333.3
2,2.1,E13,80,1167,13,332.6
2,2.1,E13,80,1167,14,331.4
2,2.1,E14,71,685,0,0
2,2.1,E14,71,685,1,4.16
2,2.1,E14,71,685,3,55.61
2,2.1,E14,71,685,5,155
2,2.1,E14,71,685,7,228.3
2,2.1,E14,71,685,17,335.9
2,2.1,E14,71,685,23,353.8
2,2.1,E14,71,685,28,357
2,2.1,E14,71,686,0,0
2,2.1,E14,71,686,1,2.073
2,2.1,E14,71,686,3,50.47
2,2.1,E14,71,686,5,147.5
2,2.1,E14,71,686,7,217.9
2,2.1,E14,71,686,17,330.5
2,2.1,E14,71,686,23,348.4
2,2.1,E14,71,686,28,351.5
2,2.1,E14,71,687,0,0
2,2.1,E14,71,687,1,4.16
2,2.1,E14,71,687,3,52.56
2,2.1,E14,71,687,5,149.6
2,2.1,E14,71,687,7,227.4
2,2.1,E14,71,687,17,335
2,2.1,E14,71,687,23,352.9
2,2.1,E14,71,687,28,356.1
2,2.1,E14,71,688,0,0
2,2.1,E14,71,688,1,35.47
2,2.1,E14,71,688,3,211.4
2,2.1,E14,71,688,5,296
2,2.1,E14,71,688,7,328.7
2,2.1,E14,71,688,17,373.9
2,2.1,E14,71,688,23,391.5
2,2.1,E14,71,688,28,392.6
2,2.1,E14,71,689,0,0
2,2.1,E14,71,689,1,38.93
2,2.1,E14,71,689,3,234.6
2,2.1,E14,71,689,5,327.7
2,2.1,E14,71,689,7,360.4
2,2.1,E14,71,689,17,405.6
2,2.1,E14,71,689,23,423.2
2,2.1,E14,71,689,28,424.2
2,2.1,E14,71,690,0,0
2,2.1,E14,71,690,1,39.8
2,2.1,E14,71,690,3,234.3
2,2.1,E14,71,690,5,324.6
2,2.1,E14,71,690,7,357.4
2,2.1,E14,71,690,17,404.6
2,2.1,E14,71,690,23,422.2
2,2.1,E14,71,690,28,423.2
2,2.1,E14,71,694,0,0
2,2.1,E14,71,694,1,57.67
2,2.1,E14,71,694,3,179
2,2.1,E14,71,694,5,279
2,2.1,E14,71,694,7,328
2,2.1,E14,71,694,17,383.4
2,2.1,E14,71,694,23,392.7
2,2.1,E14,71,694,28,397.9
2,2.1,E14,71,695,0,0
2,2.1,E14,71,695,1,56.02
2,2.1,E14,71,695,3,186
2,2.1,E14,71,695,5,293.3
2,2.1,E14,71,695,7,340.3
2,2.1,E14,71,695,17,387.5
2,2.1,E14,71,695,23,393
2,2.1,E14,71,695,28,398.4
2,2.1,E14,71,696,0,0
2,2.1,E14,71,696,1,58.14
2,2.1,E14,71,696,3,188.1
2,2.1,E14,71,696,5,293.8
2,2.1,E14,71,696,7,340.8
2,2.1,E14,71,696,17,388
2,2.1,E14,71,696,23,395.6
2,2.1,E14,71,696,28,401
2,2.1,E17,32,525,0,0
2,2.1,E17,32,525,1,-19.43
2,2.1,E17,32,525,2,-38.66
2,2.1,E17,32,525,3,2.407
2,2.1,E17,32,525,4,38.75
2,2.1,E17,32,525,5,75.07
2,2.1,E17,32,525,6,109.1
2,2.1,E17,32,525,7,129.2
2,2.1,E17,32,525,8,136.6
2,2.1,E17,32,525,9,143.3
2,2.1,E17,32,525,10,152.9
2,2.1,E17,32,525,11,157.9
2,2.1,E17,32,525,12,160.8
2,2.1,E17,32,525,13,162.4
2,2.1,E17,32,525,14,162.1
2,2.1,E17,32,525,15,165.9
2,2.1,E17,32,525,16,168.7
2,2.1,E17,32,525,17,170.9
2,2.1,E17,32,525,18,173.1
2,2.1,E17,32,525,19,174.7
2,2.1,E17,32,525,20,176.1
2,2.1,E17,32,525,21,176.4
2,2.1,E17,32,525,22,177.7
2,2.1,E17,32,525,23,179.8
2,2.1,E17,32,525,24,179.9
2,2.1,E17,32,525,25,179.5
2,2.1,E17,32,525,26,178.9
2,2.1,E17,32,525,27,177.7
2,2.1,E17,32,525,28,176.1
2,2.1,E17,32,525,29,173.5
2,2.1,E17,32,525,30,172.6
2,2.1,E17,32,525,31,170.8
2,2.1,E17,32,525,32,168.1
2,2.1,E17,32,525,33,166.6
2,2.1,E17,32,525,34,164.7
2,2.1,E17,32,525,35,162
2,2.1,E17,32,525,36,160.4
2,2.1,E17,32,525,37,162.4
2,2.1,E17,32,525,38,160.9
2,2.1,E17,32,525,39,161.4
2,2.1,E17,32,525,40,162.4
2,2.1,E17,32,525,41,160.3
2,2.1,E17,32,525,42,157.4
2,2.1,E17,32,525,43,156.8
2,2.1,E17,32,525,44,156.1
2,2.1,E17,32,525,45,154.2
2,2.1,E17,32,525,46,153
2,2.1,E17,32,526,0,0
2,2.1,E17,32,526,1,-5.585
2,2.1,E17,32,526,2,18.19
2,2.1,E17,32,526,3,69.54
2,2.1,E17,32,526,4,103.8
2,2.1,E17,32,526,5,131.5
2,2.1,E17,32,526,6,151.5
2,2.1,E17,32,526,7,164
2,2.1,E17,32,526,8,169.5
2,2.1,E17,32,526,9,173.3
2,2.1,E17,32,526,10,181.4
2,2.1,E17,32,526,11,183.6
2,2.1,E17,32,526,12,186
2,2.1,E17,32,526,13,189.1
2,2.1,E17,32,526,14,189.5
2,2.1,E17,32,526,15,197.2
2,2.1,E17,32,526,16,201.4
2,2.1,E17,32,526,17,204.1
2,2.1,E17,32,526,18,208.5
2,2.1,E17,32,526,19,213
2,2.1,E17,32,526,20,216.3
2,2.1,E17,32,526,21,219.6
2,2.1,E17,32,526,22,223
2,2.1,E17,32,526,23,225
2,2.1,E17,32,526,24,225.9
2,2.1,E17,32,526,25,227.5
2,2.1,E17,32,526,26,226.5
2,2.1,E17,32,526,27,227.7
2,2.1,E17,32,526,28,226.8
2,2.1,E17,32,526,29,225.1
2,2.1,E17,32,526,30,224.5
2,2.1,E17,32,526,31,222.9
2,2.1,E17,32,526,32,221.7
2,2.1,E17,32,526,33,220.1
2,2.1,E17,32,526,34,218.5
2,2.1,E17,32,526,35,215.5
2,2.1,E17,32,526,36,214.6
2,2.1,E17,32,526,37,214.8
2,2.1,E17,32,526,38,214.5
2,2.1,E17,32,526,39,215.4
2,2.1,E17,32,526,40,216.4
2,2.1,E17,32,526,41,214
2,2.1,E17,32,526,42,210.8
2,2.1,E17,32,526,43,209.4
2,2.1,E17,32,526,44,208
2,2.1,E17,32,526,45,205.8
2,2.1,E17,32,526,46,203.8
2,2.1,E17,32,527,0,0
2,2.1,E17,32,527,1,-18
2,2.1,E17,32,527,2,-35.27
2,2.1,E17,32,527,3,-0.9347
2,2.1,E17,32,527,4,35.95
2,2.1,E17,32,527,5,70.36
2,2.1,E17,32,527,6,94.99
2,2.1,E17,32,527,7,121.8
2,2.1,E17,32,527,8,133.9
2,2.1,E17,32,527,9,139.6
2,2.1,E17,32,527,10,147.8
2,2.1,E17,32,527,11,151
2,2.1,E17,32,527,12,152.5
2,2.1,E17,32,527,13,153.3
2,2.1,E17,32,527,14,152.6
2,2.1,E17,32,527,15,156.5
2,2.1,E17,32,527,16,159
2,2.1,E17,32,527,17,159.2
2,2.1,E17,32,527,18,157
2,2.1,E17,32,527,19,162.9
2,2.1,E17,32,527,20,164.3
2,2.1,E17,32,527,21,164.9
2,2.1,E17,32,527,22,165.5
2,2.1,E17,32,527,23,167.8
2,2.1,E17,32,527,24,167.2
2,2.1,E17,32,527,25,167.2
2,2.1,E17,32,527,26,166.3
2,2.1,E17,32,527,27,165.8
2,2.1,E17,32,527,28,164.4
2,2.1,E17,32,527,29,162.3
2,2.1,E17,32,527,30,161.9
2,2.1,E17,32,527,31,159.5
2,2.1,E17,32,527,32,157.7
2,2.1,E17,32,527,33,156.2
2,2.1,E17,32,527,34,155.1
2,2.1,E17,32,527,35,153.9
2,2.1,E17,32,527,36,151.8
2,2.1,E17,32,527,37,153.8
2,2.1,E17,32,527,38,152.3
2,2.1,E17,32,527,39,152.3
2,2.1,E17,32,527,40,153.2
2,2.1,E17,32,527,41,150.5
2,2.1,E17,32,527,42,147.6
2,2.1,E17,32,527,43,146.9
2,2.1,E17,32,527,44,145.2
2,2.1,E17,32,527,45,143.5
2,2.1,E17,32,527,46,142.2
2,2.1,E17,32,528,0,0
2,2.1,E17,32,528,1,-7.289
2,2.1,E17,32,528,2,18.69
2,2.1,E17,32,528,3,72.91
2,2.1,E17,32,528,4,115.6
2,2.1,E17,32,528,5,142.4
2,2.1,E17,32,528,6,172.7
2,2.1,E17,32,528,7,183.9
2,2.1,E17,32,528,8,189.1
2,2.1,E17,32,528,9,194.4
2,2.1,E17,32,528,10,201.4
2,2.1,E17,32,528,11,205.7
2,2.1,E17,32,528,12,211.5
2,2.1,E17,32,528,13,219.4
2,2.1,E17,32,528,14,222.8
2,2.1,E17,32,528,15,231.8
2,2.1,E17,32,528,16,238
2,2.1,E17,32,528,17,242.8
2,2.1,E17,32,528,18,246.2
2,2.1,E17,32,528,19,249.5
2,2.1,E17,32,528,20,252
2,2.1,E17,32,528,21,253.1
2,2.1,E17,32,528,22,256.4
2,2.1,E17,32,528,23,258.8
2,2.1,E17,32,528,24,260.1
2,2.1,E17,32,528,25,261
2,2.1,E17,32,528,26,262.1
2,2.1,E17,32,528,27,262.6
2,2.1,E17,32,528,28,261.5
2,2.1,E17,32,528,29,260.7
2,2.1,E17,32,528,30,259.8
2,2.1,E17,32,528,31,258
2,2.1,E17,32,528,32,256.4
2,2.1,E17,32,528,33,254.5
2,2.1,E17,32,528,34,253
2,2.1,E17,32,528,35,250.3
2,2.1,E17,32,528,36,249.1
2,2.1,E17,32,528,37,249.6
2,2.1,E17,32,528,38,248.9
2,2.1,E17,32,528,39,249
2,2.1,E17,32,528,40,249.2
2,2.1,E17,32,528,41,247.2
2,2.1,E17,32,528,42,243.7
2,2.1,E17,32,528,43,243.2
2,2.1,E17,32,528,44,241.6
2,2.1,E17,32,528,45,239.7
2,2.1,E17,32,528,46,240.3
2,2.1,E17,32,529,0,0
2,2.1,E17,32,529,1,-33.48
2,2.1,E17,32,529,2,-75.18
2,2.1,E17,32,529,3,-78.84
2,2.1,E17,32,529,4,-89.29
2,2.1,E17,32,529,5,-47.7
2,2.1,E17,32,529,6,-14.5
2,2.1,E17,32,529,7,25.96
2,2.1,E17,32,529,8,57.99
2,2.1,E17,32,529,9,92.51
2,2.1,E17,32,529,10,118.7
2,2.1,E17,32,529,11,128.9
2,2.1,E17,32,529,12,135.1
2,2.1,E17,32,529,13,138.3
2,2.1,E17,32,529,14,141.4
2,2.1,E17,32,529,15,135.4
2,2.1,E17,32,529,16,147.3
2,2.1,E17,32,529,17,150.1
2,2.1,E17,32,529,18,148.9
2,2.1,E17,32,529,19,147.3
2,2.1,E17,32,529,20,151.1
2,2.1,E17,32,529,21,151.8
2,2.1,E17,32,529,22,152.9
2,2.1,E17,32,529,23,154.5
2,2.1,E17,32,529,24,164.2
2,2.1,E17,32,529,25,163.2
2,2.1,E17,32,529,26,162.2
2,2.1,E17,32,529,27,160.8
2,2.1,E17,32,529,28,158.9
2,2.1,E17,32,529,29,157
2,2.1,E17,32,529,30,157.4
2,2.1,E17,32,529,31,156
2,2.1,E17,32,529,32,154.9
2,2.1,E17,32,529,33,154.4
2,2.1,E17,32,529,34,153.8
2,2.1,E17,32,529,35,152.7
2,2.1,E17,32,529,36,152.3
2,2.1,E17,32,529,37,153.9
2,2.1,E17,32,529,38,153.2
2,2.1,E17,32,529,39,153.8
2,2.1,E17,32,529,40,155
2,2.1,E17,32,529,41,153
2,2.1,E17,32,529,42,150.8
2,2.1,E17,32,529,43,155.2
2,2.1,E17,32,529,44,149.5
2,2.1,E17,32,529,45,148.1
2,2.1,E17,32,529,46,147.6
2,2.1,E17,32,530,0,0
2,2.1,E17,32,530,1,-4.015
2,2.1,E17,32,530,2,15.12
2,2.1,E17,32,530,3,72.61
2,2.1,E17,32,530,4,113.5
2,2.1,E17,32,530,5,142.6
2,2.1,E17,32,530,6,164.8
2,2.1,E17,32,530,7,178.7
2,2.1,E17,32,530,8,184.4
2,2.1,E17,32,530,9,188.8
2,2.1,E17,32,530,10,198.2
2,2.1,E17,32,530,11,202.9
2,2.1,E17,32,530,12,208.7
2,2.1,E17,32,530,13,214.3
2,2.1,E17,32,530,14,216.4
2,2.1,E17,32,530,15,225.7
2,2.1,E17,32,530,16,232.3
2,2.1,E17,32,530,17,236.9
2,2.1,E17,32,530,18,240.7
2,2.1,E17,32,530,19,243.3
2,2.1,E17,32,530,20,245.6
2,2.1,E17,32,530,21,246.6
2,2.1,E17,32,530,22,270.3
2,2.1,E17,32,530,23,258.4
2,2.1,E17,32,530,24,248
2,2.1,E17,32,530,25,237
2,2.1,E17,32,530,26,224.6
2,2.1,E17,32,530,27,211.8
2,2.1,E17,32,530,28,199.4
2,2.1,E17,32,530,29,195.5
2,2.1,E17,32,530,30,193.7
2,2.1,E17,32,530,31,192
2,2.1,E17,32,530,32,198
2,2.1,E17,32,530,33,189.6
2,2.1,E17,32,530,34,181.4
2,2.1,E17,32,530,35,171.9
2,2.1,E17,32,530,36,166.8
2,2.1,E17,32,530,37,161
2,2.1,E17,32,530,38,156.1
2,2.1,E17,32,530,39,161.5
2,2.1,E17,32,530,40,174.7
2,2.1,E17,32,530,41,167.7
2,2.1,E17,32,530,42,161.8
2,2.1,E17,32,530,43,157.8
2,2.1,E17,32,530,44,150.1
2,2.1,E17,32,530,45,142.7
2,2.1,E17,32,530,46,135.7
2,2.1,E17,32,531,0,0
2,2.1,E17,32,531,1,-34.51
2,2.1,E17,32,531,2,-77.73
2,2.1,E17,32,531,3,-83.17
2,2.1,E17,32,531,4,-92.92
2,2.1,E17,32,531,5,-52.04
2,2.1,E17,32,531,6,-20.83
2,2.1,E17,32,531,7,19.56
2,2.1,E17,32,531,8,52.64
2,2.1,E17,32,531,9,87.5
2,2.1,E17,32,531,10,112.1
2,2.1,E17,32,531,11,94.06
2,2.1,E17,32,531,12,103.5
2,2.1,E17,32,531,13,110.4
2,2.1,E17,32,531,14,111
2,2.1,E17,32,531,15,113.6
2,2.1,E17,32,531,16,115.6
2,2.1,E17,32,531,17,119.9
2,2.1,E17,32,531,18,120.8
2,2.1,E17,32,531,19,121.7
2,2.1,E17,32,531,20,124.9
2,2.1,E17,32,531,21,126
2,2.1,E17,32,531,22,126.9
2,2.1,E17,32,531,23,129.2
2,2.1,E17,32,531,24,131.4
2,2.1,E17,32,531,25,130.8
2,2.1,E17,32,531,26,128.8
2,2.1,E17,32,531,27,129.2
2,2.1,E17,32,531,28,127.7
2,2.1,E17,32,531,29,125
2,2.1,E17,32,531,30,125.1
2,2.1,E17,32,531,31,123.7
2,2.1,E17,32,531,32,122.3
2,2.1,E17,32,531,33,120.4
2,2.1,E17,32,531,34,119.4
2,2.1,E17,32,531,35,117.2
2,2.1,E17,32,531,36,116
2,2.1,E17,32,531,37,117.1
2,2.1,E17,32,531,38,116.4
2,2.1,E17,32,531,39,116.6
2,2.1,E17,32,531,40,117.3
2,2.1,E17,32,531,41,114.9
2,2.1,E17,32,531,42,112.3
2,2.1,E17,32,531,43,111.4
2,2.1,E17,32,531,44,110.6
2,2.1,E17,32,531,45,109.2
2,2.1,E17,32,531,46,108.8
2,2.1,E17,32,532,0,0
2,2.1,E17,32,532,1,-20.86
2,2.1,E17,32,532,2,-42.04
2,2.1,E17,32,532,3,-0.04263
2,2.1,E17,32,532,4,34.62
2,2.1,E17,32,532,5,71.86
2,2.1,E17,32,532,6,98.32
2,2.1,E17,32,532,7,122.9
2,2.1,E17,32,532,8,128.7
2,2.1,E17,32,532,9,134.3
2,2.1,E17,32,532,10,142.5
2,2.1,E17,32,532,11,146.5
2,2.1,E17,32,532,12,151.7
2,2.1,E17,32,532,13,156.1
2,2.1,E17,32,532,14,159.1
2,2.1,E17,32,532,15,162.8
2,2.1,E17,32,532,16,163.8
2,2.1,E17,32,532,17,164.4
2,2.1,E17,32,532,18,166.1
2,2.1,E17,32,532,19,168.2
2,2.1,E17,32,532,20,169.3
2,2.1,E17,32,532,21,169.7
2,2.1,E17,32,532,22,171.2
2,2.1,E17,32,532,23,172.6
2,2.1,E17,32,532,24,171.9
2,2.1,E17,32,532,25,171.2
2,2.1,E17,32,532,26,169.3
2,2.1,E17,32,532,27,168.7
2,2.1,E17,32,532,28,166.3
2,2.1,E17,32,532,29,163
2,2.1,E17,32,532,30,162.3
2,2.1,E17,32,532,31,159.7
2,2.1,E17,32,532,32,157.9
2,2.1,E17,32,532,33,155.2
2,2.1,E17,32,532,34,154
2,2.1,E17,32,532,35,150.7
2,2.1,E17,32,532,36,149.8
2,2.1,E17,32,532,37,151.6
2,2.1,E17,32,532,38,150.8
2,2.1,E17,32,532,39,150.4
2,2.1,E17,32,532,40,151.1
2,2.1,E17,32,532,41,148.2
2,2.1,E17,32,532,42,145.5
2,2.1,E17,32,532,43,144.5
2,2.1,E17,32,532,44,143
2,2.1,E17,32,532,45,141.3
2,2.1,E17,32,532,46,139.8
2,2.1,E17,32,534,0,0
2,2.1,E17,32,534,1,-35.61
2,2.1,E17,32,534,2,-79.6
2,2.1,E17,32,534,3,-74
2,2.1,E17,32,534,4,-58.06
2,2.1,E17,32,534,5,-24.02
2,2.1,E17,32,534,6,9.408
2,2.1,E17,32,534,7,52.01
2,2.1,E17,32,534,8,83.63
2,2.1,E17,32,534,9,112.2
2,2.1,E17,32,534,10,137.6
2,2.1,E17,32,534,11,147.1
2,2.1,E17,32,534,12,151.5
2,2.1,E17,32,534,13,154.5
2,2.1,E17,32,534,14,157.5
2,2.1,E17,32,534,15,160.7
2,2.1,E17,32,534,16,164.2
2,2.1,E17,32,534,17,168.6
2,2.1,E17,32,534,18,168.9
2,2.1,E17,32,534,19,169.3
2,2.1,E17,32,534,20,171.2
2,2.1,E17,32,534,21,169.9
2,2.1,E17,32,534,22,168.7
2,2.1,E17,32,534,23,168.2
2,2.1,E17,32,534,24,171.9
2,2.1,E17,32,534,25,172.5
2,2.1,E17,32,534,26,172.4
2,2.1,E17,32,534,27,173.2
2,2.1,E17,32,534,28,172.8
2,2.1,E17,32,534,29,171.3
2,2.1,E17,32,534,30,171.6
2,2.1,E17,32,534,31,171
2,2.1,E17,32,534,32,169.9
2,2.1,E17,32,534,33,169.2
2,2.1,E17,32,534,34,169
2,2.1,E17,32,534,35,167.7
2,2.1,E17,32,534,36,167.6
2,2.1,E17,32,534,37,168.9
2,2.1,E17,32,534,38,168.4
2,2.1,E17,32,534,39,168.8
2,2.1,E17,32,534,40,169.6
2,2.1,E17,32,534,41,167.4
2,2.1,E17,32,534,42,164.4
2,2.1,E17,32,534,43,164.1
2,2.1,E17,32,534,44,163.3
2,2.1,E17,32,534,45,161.6
2,2.1,E17,32,534,46,161.6
2,2.1,E18,26,1030,0,0
2,2.1,E18,26,1030,1,1.951
2,2.1,E18,26,1030,3,59.28
2,2.1,E18,26,1030,6,260
2,2.1,E18,26,1030,7,308.8
2,2.1,E18,26,1030,8,330
2,2.1,E18,26,1030,8.9,337.6
2,2.1,E18,26,1030,10,341.8
2,2.1,E18,26,1030,12.9,347.2
2,2.1,E18,26,1030,15.1,348.7
2,2.1,E18,26,1030,16,348.2
2,2.1,E18,26,1030,17,350.3
2,2.1,E18,26,1030,20,360
2,2.1,E18,26,1030,20.9,364
2,2.1,E18,26,1030,21.9,368.1
2,2.1,E18,26,1030,27,375.5
2,2.1,E18,26,1030,28,375.8
2,2.1,E18,26,1030,29,375.7
2,2.1,E18,26,1030,29.9,375.6
2,2.1,E18,26,1030,34,376.3
2,2.1,E18,26,1030,42,381.9
2,2.1,E18,26,1031,0,0
2,2.1,E18,26,1031,1,4.306
2,2.1,E18,26,1031,3,66.2
2,2.1,E18,26,1031,6,277
2,2.1,E18,26,1031,7,320.4
2,2.1,E18,26,1031,8,336.3
2,2.1,E18,26,1031,8.9,343.7
2,2.1,E18,26,1031,10,349.8
2,2.1,E18,26,1031,12.9,348.6
2,2.1,E18,26,1031,15.1,351.9
2,2.1,E18,26,1031,16,351.9
2,2.1,E18,26,1031,17,354
2,2.1,E18,26,1031,20,364.7
2,2.1,E18,26,1031,20.9,368.1
2,2.1,E18,26,1031,21.9,371.5
2,2.1,E18,26,1031,27,378.4
2,2.1,E18,26,1031,28,379.3
2,2.1,E18,26,1031,29,380.3
2,2.1,E18,26,1031,29.9,379.6
2,2.1,E18,26,1031,34,379.2
2,2.1,E18,26,1031,42,386.9
2,2.1,E18,26,1032,0,0
2,2.1,E18,26,1032,1,2.297
2,2.1,E18,26,1032,3,53.11
2,2.1,E18,26,1032,6,238.3
2,2.1,E18,26,1032,7,283.7
2,2.1,E18,26,1032,8,314.9
2,2.1,E18,26,1032,8.9,324.9
2,2.1,E18,26,1032,10,331.9
2,2.1,E18,26,1032,12.9,334.2
2,2.1,E18,26,1032,15.1,337.1
2,2.1,E18,26,1032,16,336.5
2,2.1,E18,26,1032,17,338
2,2.1,E18,26,1032,20,347.6
2,2.1,E18,26,1032,20.9,350.8
2,2.1,E18,26,1032,21.9,354.7
2,2.1,E18,26,1032,27,362.4
2,2.1,E18,26,1032,28,363.8
2,2.1,E18,26,1032,29,364.8
2,2.1,E18,26,1032,29.9,364.1
2,2.1,E18,26,1032,34,364.7
2,2.1,E18,26,1032,42,368.2
2,2.1,E18,26,1036,0,0
2,2.1,E18,26,1036,1,95.45
2,2.1,E18,26,1036,3,224.3
2,2.1,E18,26,1036,6,300.6
2,2.1,E18,26,1036,7,310.3
2,2.1,E18,26,1036,8,317.8
2,2.1,E18,26,1036,8.9,320.5
2,2.1,E18,26,1036,10,324.9
2,2.1,E18,26,1036,12.9,325.6
2,2.1,E18,26,1036,15.1,327.1
2,2.1,E18,26,1036,16,327.2
2,2.1,E18,26,1036,17,329.1
2,2.1,E18,26,1036,20,336.2
2,2.1,E18,26,1036,20.9,337.4
2,2.1,E18,26,1036,21.9,338.6
2,2.1,E18,26,1036,27,338.3
2,2.1,E18,26,1036,28,338.5
2,2.1,E18,26,1036,29,338.5
2,2.1,E18,26,1036,29.9,336.4
2,2.1,E18,26,1036,34,336.1
2,2.1,E18,26,1036,42,334.3
2,2.1,E18,26,1037,0,0
2,2.1,E18,26,1037,1,95.49
2,2.1,E18,26,1037,3,223.2
2,2.1,E18,26,1037,6,297.5
2,2.1,E18,26,1037,7,308.4
2,2.1,E18,26,1037,8,316.3
2,2.1,E18,26,1037,8.9,320.4
2,2.1,E18,26,1037,10,324.1
2,2.1,E18,26,1037,12.9,327.2
2,2.1,E18,26,1037,15.1,330.9
2,2.1,E18,26,1037,16,331.9
2,2.1,E18,26,1037,17,335.3
2,2.1,E18,26,1037,20,344
2,2.1,E18,26,1037,20.9,345.2
2,2.1,E18,26,1037,21.9,346.8
2,2.1,E18,26,1037,27,348.4
2,2.1,E18,26,1037,28,350.1
2,2.1,E18,26,1037,29,350
2,2.1,E18,26,1037,29.9,348
2,2.1,E18,26,1037,34,347.7
2,2.1,E18,26,1037,42,347.5
2,2.1,E18,26,1038,0,0
2,2.1,E18,26,1038,1,99.39
2,2.1,E18,26,1038,3,239.5
2,2.1,E18,26,1038,6,316.5
2,2.1,E18,26,1038,7,325.9
2,2.1,E18,26,1038,8,332.9
2,2.1,E18,26,1038,8.9,335.8
2,2.1,E18,26,1038,10,339.7
2,2.1,E18,26,1038,12.9,339.8
2,2.1,E18,26,1038,15.1,342.2
2,2.1,E18,26,1038,16,342.3
2,2.1,E18,26,1038,17,343.7
2,2.1,E18,26,1038,20,352.6
2,2.1,E18,26,1038,20.9,353.8
2,2.1,E18,26,1038,21.9,355.4
2,2.1,E18,26,1038,27,356
2,2.1,E18,26,1038,28,355.7
2,2.1,E18,26,1038,29,355.7
2,2.1,E18,26,1038,29.9,353.6
2,2.1,E18,26,1038,34,353.4
2,2.1,E18,26,1038,42,351.7
2,2.1,E18,26,1039,0,0
2,2.1,E18,26,1039,1,113.6
2,2.1,E18,26,1039,3,309.8
2,2.1,E18,26,1039,6,390.3
2,2.1,E18,26,1039,7,401.5
2,2.1,E18,26,1039,8,409.8
2,2.1,E18,26,1039,8.9,413.7
2,2.1,E18,26,1039,10,416.2
2,2.1,E18,26,1039,12.9,423.6
2,2.1,E18,26,1039,15.1,429.4
2,2.1,E18,26,1039,16,429.3
2,2.1,E18,26,1039,17,429.8
2,2.1,E18,26,1039,20,433.2
2,2.1,E18,26,1039,20.9,433.1
2,2.1,E18,26,1039,21.9,432.8
2,2.1,E18,26,1039,27,430.2
2,2.1,E18,26,1039,28,429.5
2,2.1,E18,26,1039,29,428.9
2,2.1,E18,26,1039,29.9,426.9
2,2.1,E18,26,1039,34,421.6
2,2.1,E18,26,1039,42,414.5
2,2.1,E18,26,1040,0,0
2,2.1,E18,26,1040,1,110.2
2,2.1,E18,26,1040,3,301.8
2,2.1,E18,26,1040,6,374.9
2,2.1,E18,26,1040,7,384.5
2,2.1,E18,26,1040,8,391.1
2,2.1,E18,26,1040,8.9,393.8
2,2.1,E18,26,1040,10,397.4
2,2.1,E18,26,1040,12.9,403.9
2,2.1,E18,26,1040,15.1,409.1
2,2.1,E18,26,1040,16,408.4
2,2.1,E18,26,1040,17,409.4
2,2.1,E18,26,1040,20,412
2,2.1,E18,26,1040,20.9,411.4
2,2.1,E18,26,1040,21.9,410.7
2,2.1,E18,26,1040,27,406.1
2,2.1,E18,26,1040,28,405.4
2,2.1,E18,26,1040,29,404.8
2,2.1,E18,26,1040,29.9,402.7
2,2.1,E18,26,1040,34,397.5
2,2.1,E18,26,1040,42,390.5
2,2.1,E18,26,1041,0,0
2,2.1,E18,26,1041,1,125
2,2.1,E18,26,1041,3,323.4
2,2.1,E18,26,1041,6,406.2
2,2.1,E18,26,1041,7,417.5
2,2.1,E18,26,1041,8,423.8
2,2.1,E18,26,1041,8.9,428.7
2,2.1,E18,26,1041,10,433.1
2,2.1,E18,26,1041,12.9,439.6
2,2.1,E18,26,1041,15.1,446.3
2,2.1,E18,26,1041,16,446.1
2,2.1,E18,26,1041,17,447.7
2,2.1,E18,26,1041,20,450.2
2,2.1,E18,26,1041,20.9,450
2,2.1,E18,26,1041,21.9,449.8
2,2.1,E18,26,1041,27,445.2
2,2.1,E18,26,1041,28,444.4
2,2.1,E18,26,1041,29,443.9
2,2.1,E18,26,1041,29.9,441.8
2,2.1,E18,26,1041,34,436.5
2,2.1,E18,26,1041,42,429.1
2,2.1,E18,123,1042,0,0
2,2.1,E18,123,1042,1,-1.098
2,2.1,E18,123,1042,3,57.63
2,2.1,E18,123,1042,6,267.5
2,2.1,E18,123,1042,7,310
2,2.1,E18,123,1042,8,345.4
2,2.1,E18,123,1042,9,362.3
2,2.1,E18,123,1042,10,372.3
2,2.1,E18,123,1042,13,382.4
2,2.1,E18,123,1042,15,385.8
2,2.1,E18,123,1042,16,388.2
2,2.1,E18,123,1042,17,390.3
2,2.1,E18,123,1042,20,396
2,2.1,E18,123,1042,21,397.7
2,2.1,E18,123,1042,22,398.9
2,2.1,E18,123,1042,27,401.1
2,2.1,E18,123,1042,28,400.2
2,2.1,E18,123,1042,29,399.4
2,2.1,E18,123,1042,30,399
2,2.1,E18,123,1042,34,402.2
2,2.1,E18,123,1042,42,412.4
2,2.1,E18,123,1043,0,0
2,2.1,E18,123,1043,1,-1.303
2,2.1,E18,123,1043,3,79.73
2,2.1,E18,123,1043,6,290.4
2,2.1,E18,123,1043,7,331.1
2,2.1,E18,123,1043,8,362.8
2,2.1,E18,123,1043,9,380.1
2,2.1,E18,123,1043,10,389.3
2,2.1,E18,123,1043,13,397.2
2,2.1,E18,123,1043,15,400
2,2.1,E18,123,1043,16,400.9
2,2.1,E18,123,1043,17,403.5
2,2.1,E18,123,1043,20,408.2
2,2.1,E18,123,1043,21,409.9
2,2.1,E18,123,1043,22,411.1
2,2.1,E18,123,1043,27,411.8
2,2.1,E18,123,1043,28,411.1
2,2.1,E18,123,1043,29,411.5
2,2.1,E18,123,1043,30,410.8
2,2.1,E18,123,1043,34,414.7
2,2.1,E18,123,1043,42,421.1
2,2.1,E18,123,1044,0,0
2,2.1,E18,123,1044,1,-3.83
2,2.1,E18,123,1044,3,63.5
2,2.1,E18,123,1044,6,266.1
2,2.1,E18,123,1044,7,300.8
2,2.1,E18,123,1044,8,329.9
2,2.1,E18,123,1044,9,348.2
2,2.1,E18,123,1044,10,359.2
2,2.1,E18,123,1044,13,368.7
2,2.1,E18,123,1044,15,373.7
2,2.1,E18,123,1044,16,376.3
2,2.1,E18,123,1044,17,381.3
2,2.1,E18,123,1044,20,386
2,2.1,E18,123,1044,21,387.8
2,2.1,E18,123,1044,22,389.5
2,2.1,E18,123,1044,27,393.1
2,2.1,E18,123,1044,28,392.4
2,2.1,E18,123,1044,29,392.8
2,2.1,E18,123,1044,30,392.5
2,2.1,E18,123,1044,34,396.3
2,2.1,E18,123,1044,42,403.7
2,2.1,E18,123,1048,0,0
2,2.1,E18,123,1048,1,21.39
2,2.1,E18,123,1048,3,143.5
2,2.1,E18,123,1048,6,249.6
2,2.1,E18,123,1048,7,272.3
2,2.1,E18,123,1048,8,286.3
2,2.1,E18,123,1048,9,293.2
2,2.1,E18,123,1048,10,299.5
2,2.1,E18,123,1048,13,310.8
2,2.1,E18,123,1048,15,314.2
2,2.1,E18,123,1048,16,315.3
2,2.1,E18,123,1048,17,317.8
2,2.1,E18,123,1048,20,325.3
2,2.1,E18,123,1048,21,328
2,2.1,E18,123,1048,22,329.9
2,2.1,E18,123,1048,27,340.7
2,2.1,E18,123,1048,28,341
2,2.1,E18,123,1048,29,341.5
2,2.1,E18,123,1048,30,342.6
2,2.1,E18,123,1048,34,347.9
2,2.1,E18,123,1048,42,355.9
2,2.1,E18,123,1049,0,0
2,2.1,E18,123,1049,1,21.01
2,2.1,E18,123,1049,3,142.1
2,2.1,E18,123,1049,6,247.2
2,2.1,E18,123,1049,7,270.2
2,2.1,E18,123,1049,8,285.3
2,2.1,E18,123,1049,9,290.7
2,2.1,E18,123,1049,10,296.6
2,2.1,E18,123,1049,13,305
2,2.1,E18,123,1049,15,308.8
2,2.1,E18,123,1049,16,309.6
2,2.1,E18,123,1049,17,311.6
2,2.1,E18,123,1049,20,316.5
2,2.1,E18,123,1049,21,319.8
2,2.1,E18,123,1049,22,322.4
2,2.1,E18,123,1049,27,334.9
2,2.1,E18,123,1049,28,334.7
2,2.1,E18,123,1049,29,336.4
2,2.1,E18,123,1049,30,337.4
2,2.1,E18,123,1049,34,339.5
2,2.1,E18,123,1049,42,347.3
2,2.1,E18,123,1050,0,0
2,2.1,E18,123,1050,1,23.43
2,2.1,E18,123,1050,3,145.7
2,2.1,E18,123,1050,6,253.5
2,2.1,E18,123,1050,7,276.3
2,2.1,E18,123,1050,8,290.5
2,2.1,E18,123,1050,9,294.7
2,2.1,E18,123,1050,10,301.2
2,2.1,E18,123,1050,13,310.5
2,2.1,E18,123,1050,15,314
2,2.1,E18,123,1050,16,314.7
2,2.1,E18,123,1050,17,317.1
2,2.1,E18,123,1050,20,325.3
2,2.1,E18,123,1050,21,327.7
2,2.1,E18,123,1050,22,329.9
2,2.1,E18,123,1050,27,342.3
2,2.1,E18,123,1050,28,342.5
2,2.1,E18,123,1050,29,343.9
2,2.1,E18,123,1050,30,344.8
2,2.1,E18,123,1050,34,350.5
2,2.1,E18,123,1050,42,359.6
2,2.1,E18,123,1051,0,0
2,2.1,E18,123,1051,1,26.57
2,2.1,E18,123,1051,3,126.3
2,2.1,E18,123,1051,6,241.3
2,2.1,E18,123,1051,7,271.1
2,2.1,E18,123,1051,8,299.7
2,2.1,E18,123,1051,9,323.5
2,2.1,E18,123,1051,10,348
2,2.1,E18,123,1051,13,366.8
2,2.1,E18,123,1051,15,370
2,2.1,E18,123,1051,16,369.9
2,2.1,E18,123,1051,17,373.6
2,2.1,E18,123,1051,20,379.8
2,2.1,E18,123,1051,21,381.3
2,2.1,E18,123,1051,22,382.5
2,2.1,E18,123,1051,27,393.3
2,2.1,E18,123,1051,28,392.7
2,2.1,E18,123,1051,29,393.9
2,2.1,E18,123,1051,30,395.3
2,2.1,E18,123,1051,34,398.2
2,2.1,E18,123,1051,42,403.8
2,2.1,E18,123,1052,0,0
2,2.1,E18,123,1052,1,26.31
2,2.1,E18,123,1052,3,128.2
2,2.1,E18,123,1052,6,244.4
2,2.1,E18,123,1052,7,274.3
2,2.1,E18,123,1052,8,308.2
2,2.1,E18,123,1052,9,332.6
2,2.1,E18,123,1052,10,357.6
2,2.1,E18,123,1052,13,377.8
2,2.1,E18,123,1052,15,380.9
2,2.1,E18,123,1052,16,382.3
2,2.1,E18,123,1052,17,385.5
2,2.1,E18,123,1052,20,391.1
2,2.1,E18,123,1052,21,392.1
2,2.1,E18,123,1052,22,393.8
2,2.1,E18,123,1052,27,402.6
2,2.1,E18,123,1052,28,401
2,2.1,E18,123,1052,29,402.7
2,2.1,E18,123,1052,30,403.6
2,2.1,E18,123,1052,34,407.2
2,2.1,E18,123,1052,42,412
2,2.1,E18,123,1053,0,0
2,2.1,E18,123,1053,1,14.81
2,2.1,E18,123,1053,3,120.2
2,2.1,E18,123,1053,6,235.5
2,2.1,E18,123,1053,7,266.2
2,2.1,E18,123,1053,8,298.6
2,2.1,E18,123,1053,9,323.1
2,2.1,E18,123,1053,10,346.1
2,2.1,E18,123,1053,13,362.6
2,2.1,E18,123,1053,15,365
2,2.1,E18,123,1053,16,364.9
2,2.1,E18,123,1053,17,365.6
2,2.1,E18,123,1053,20,369.1
2,2.1,E18,123,1053,21,370.2
2,2.1,E18,123,1053,22,371.5
2,2.1,E18,123,1053,27,381.8
2,2.1,E18,123,1053,28,382.2
2,2.1,E18,123,1053,29,385.1
2,2.1,E18,123,1053,30,385.9
2,2.1,E18,123,1053,34,389.1
2,2.1,E18,123,1053,42,395
2,2.1,E20,108,274,0,0
2,2.1,E20,108,274,1,0.4495
2,2.1,E20,108,274,2,1.053
2,2.1,E20,108,274,3,2.429
2,2.1,E20,108,274,4,4.127
2,2.1,E20,108,274,5,17.01
2,2.1,E20,108,274,6,71.54
2,2.1,E20,108,274,7,99.08
2,2.1,E20,108,274,8,128.1
2,2.1,E20,108,274,9,146.1
2,2.1,E20,108,274,10,166.1
2,2.1,E20,108,274,11,185.1
2,2.1,E20,108,274,12,211.7
2,2.1,E20,108,274,13,235.8
2,2.1,E20,108,274,14,259.9
2,2.1,E20,108,274,15,276.7
2,2.1,E20,108,274,16,286.6
2,2.1,E20,108,274,17,296.7
2,2.1,E20,108,274,18,312
2,2.1,E20,108,274,19,321.8
2,2.1,E20,108,274,20,328.3
2,2.1,E20,108,274,21,335
2,2.1,E20,108,274,22,338.3
2,2.1,E20,108,274,23,341.4
2,2.1,E20,108,274,24,344.5
2,2.1,E20,108,274,25,346.5
2,2.1,E20,108,274,26,347.9
2,2.1,E20,108,274,27,349
2,2.1,E20,108,274,28,350.1
2,2.1,E20,108,274,29,351.2
2,2.1,E20,108,274,30,352.3
2,2.1,E20,108,275,0,0
2,2.1,E20,108,275,1,0.3164
2,2.1,E20,108,275,2,0.8857
2,2.1,E20,108,275,3,1.972
2,2.1,E20,108,275,4,4.275
2,2.1,E20,108,275,5,17.58
2,2.1,E20,108,275,6,65.81
2,2.1,E20,108,275,7,96.85
2,2.1,E20,108,275,8,114.9
2,2.1,E20,108,275,9,129.2
2,2.1,E20,108,275,10,135.5
2,2.1,E20,108,275,11,141.8
2,2.1,E20,108,275,12,154.4
2,2.1,E20,108,275,13,167.9
2,2.1,E20,108,275,14,181.4
2,2.1,E20,108,275,15,205.6
2,2.1,E20,108,275,16,218.5
2,2.1,E20,108,275,17,231.5
2,2.1,E20,108,275,18,255.5
2,2.1,E20,108,275,19,278.8
2,2.1,E20,108,275,20,291.7
2,2.1,E20,108,275,21,304.8
2,2.1,E20,108,275,22,312.7
2,2.1,E20,108,275,23,320.6
2,2.1,E20,108,275,24,328.6
2,2.1,E20,108,275,25,333.4
2,2.1,E20,108,275,26,338.4
2,2.1,E20,108,275,27,341.4
2,2.1,E20,108,275,28,344.4
2,2.1,E20,108,275,29,347.4
2,2.1,E20,108,275,30,350.4
2,2.1,E20,108,276,0,0
2,2.1,E20,108,276,1,0.4328
2,2.1,E20,108,276,2,1.409
2,2.1,E20,108,276,3,2.559
2,2.1,E20,108,276,4,4.101
2,2.1,E20,108,276,5,13.83
2,2.1,E20,108,276,6,63.14
2,2.1,E20,108,276,7,92.22
2,2.1,E20,108,276,8,123.6
2,2.1,E20,108,276,9,142.4
2,2.1,E20,108,276,10,161.1
2,2.1,E20,108,276,11,182
2,2.1,E20,108,276,12,209.1
2,2.1,E20,108,276,13,232.5
2,2.1,E20,108,276,14,259.4
2,2.1,E20,108,276,15,277.6
2,2.1,E20,108,276,16,289.2
2,2.1,E20,108,276,17,300.9
2,2.1,E20,108,276,18,313.8
2,2.1,E20,108,276,19,323.5
2,2.1,E20,108,276,20,329.3
2,2.1,E20,108,276,21,335.2
2,2.1,E20,108,276,22,338.8
2,2.1,E20,108,276,23,342.1
2,2.1,E20,108,276,24,345.4
2,2.1,E20,108,276,25,347.4
2,2.1,E20,108,276,26,349.2
2,2.1,E20,108,276,27,350.4
2,2.1,E20,108,276,28,351.6
2,2.1,E20,108,276,29,352.8
2,2.1,E20,108,276,30,354
2,2.1,E20,108,277,0,0
2,2.1,E20,108,277,1,13.32
2,2.1,E20,108,277,2,43.67
2,2.1,E20,108,277,3,65.58
2,2.1,E20,108,277,4,83.86
2,2.1,E20,108,277,5,101.5
2,2.1,E20,108,277,6,117.9
2,2.1,E20,108,277,7,135.9
2,2.1,E20,108,277,8,170.5
2,2.1,E20,108,277,9,198.1
2,2.1,E20,108,277,10,232.4
2,2.1,E20,108,277,11,248.2
2,2.1,E20,108,277,12,262.4
2,2.1,E20,108,277,13,275.3
2,2.1,E20,108,277,14,299.8
2,2.1,E20,108,277,15,314.7
2,2.1,E20,108,277,16,328
2,2.1,E20,108,277,17,341.2
2,2.1,E20,108,277,18,357.9
2,2.1,E20,108,277,19,364.1
2,2.1,E20,108,277,20,366.1
2,2.1,E20,108,277,21,368.2
2,2.1,E20,108,277,22,369.8
2,2.1,E20,108,277,23,372
2,2.1,E20,108,277,24,374.2
2,2.1,E20,108,277,25,377
2,2.1,E20,108,277,26,378.4
2,2.1,E20,108,277,27,379.9
2,2.1,E20,108,277,28,381.4
2,2.1,E20,108,278,0,0
2,2.1,E20,108,278,1,13.15
2,2.1,E20,108,278,2,42.22
2,2.1,E20,108,278,3,62.89
2,2.1,E20,108,278,4,79.4
2,2.1,E20,108,278,5,96.9
2,2.1,E20,108,278,6,110.8
2,2.1,E20,108,278,7,130.1
2,2.1,E20,108,278,8,165.5
2,2.1,E20,108,278,9,193.7
2,2.1,E20,108,278,10,230.1
2,2.1,E20,108,278,11,248.8
2,2.1,E20,108,278,12,262.4
2,2.1,E20,108,278,13,275.3
2,2.1,E20,108,278,14,298.6
2,2.1,E20,108,278,15,313.5
2,2.1,E20,108,278,16,322.6
2,2.1,E20,108,278,17,331.6
2,2.1,E20,108,278,18,349.8
2,2.1,E20,108,278,19,357.4
2,2.1,E20,108,278,20,359.5
2,2.1,E20,108,278,21,361.6
2,2.1,E20,108,278,22,363.2
2,2.1,E20,108,278,23,365.4
2,2.1,E20,108,278,24,367.7
2,2.1,E20,108,278,25,370.4
2,2.1,E20,108,278,26,371.7
2,2.1,E20,108,278,27,373.2
2,2.1,E20,108,278,28,374.8
2,2.1,E20,108,279,0,0
2,2.1,E20,108,279,1,13.49
2,2.1,E20,108,279,2,42.47
2,2.1,E20,108,279,3,64.67
2,2.1,E20,108,279,4,83.15
2,2.1,E20,108,279,5,101.4
2,2.1,E20,108,279,6,117.8
2,2.1,E20,108,279,7,137.4
2,2.1,E20,108,279,8,172.5
2,2.1,E20,108,279,9,201.6
2,2.1,E20,108,279,10,234.7
2,2.1,E20,108,279,11,250.5
2,2.1,E20,108,279,12,265.9
2,2.1,E20,108,279,13,280.2
2,2.1,E20,108,279,14,306.1
2,2.1,E20,108,279,15,322
2,2.1,E20,108,279,16,335.2
2,2.1,E20,108,279,17,348.3
2,2.1,E20,108,279,18,359.4
2,2.1,E20,108,279,19,363.4
2,2.1,E20,108,279,20,364.7
2,2.1,E20,108,279,21,366.1
2,2.1,E20,108,279,22,367.1
2,2.1,E20,108,279,23,368.9
2,2.1,E20,108,279,24,370.6
2,2.1,E20,108,279,25,373.4
2,2.1,E20,108,279,26,374.9
2,2.1,E20,108,279,27,376.4
2,2.1,E20,108,279,28,378
2,2.1,E20,108,283,0,0
2,2.1,E20,108,283,1,19.82
2,2.1,E20,108,283,2,43.37
2,2.1,E20,108,283,3,55.75
2,2.1,E20,108,283,4,65.75
2,2.1,E20,108,283,5,74.85
2,2.1,E20,108,283,6,82.12
2,2.1,E20,108,283,7,90.51
2,2.1,E20,108,283,8,104.1
2,2.1,E20,108,283,9,112.2
2,2.1,E20,108,283,10,120.3
2,2.1,E20,108,283,11,127.3
2,2.1,E20,108,283,12,133.6
2,2.1,E20,108,283,13,137.8
2,2.1,E20,108,283,14,146.4
2,2.1,E20,108,283,15,154.8
2,2.1,E20,108,283,16,158.8
2,2.1,E20,108,283,17,162.8
2,2.1,E20,108,283,18,170.8
2,2.1,E20,108,283,19,176.1
2,2.1,E20,108,283,20,180.1
2,2.1,E20,108,283,21,184.2
2,2.1,E20,108,283,22,189.9
2,2.1,E20,108,283,23,194.9
2,2.1,E20,108,283,24,199.9
2,2.1,E20,108,283,25,200.8
2,2.1,E20,108,283,26,209.7
2,2.1,E20,108,283,27,215.5
2,2.1,E20,108,283,28,221.3
2,2.1,E20,108,283,29,227.1
2,2.1,E20,108,283,30,232.9
2,2.1,E20,108,283,31,238.7
2,2.1,E20,108,283,32,244.4
2,2.1,E20,108,283,33,250.2
2,2.1,E20,108,283,34,256
2,2.1,E20,108,283,35,261.8
2,2.1,E20,108,283,36,268.1
2,2.1,E20,108,283,37,274.8
2,2.1,E20,108,283,38,281.6
2,2.1,E20,108,283,39,288.3
2,2.1,E20,108,283,40,295.1
2,2.1,E20,108,283,41,296.8
2,2.1,E20,108,283,42,298.6
2,2.1,E20,108,283,43,300.4
2,2.1,E20,108,283,44,302.1
2,2.1,E20,108,283,45,303.9
2,2.1,E20,108,283,46,305.7
2,2.1,E20,108,283,47,307.4
2,2.1,E20,108,283,48,309.2
2,2.1,E20,108,283,49,310.9
2,2.1,E20,108,283,50,312.7
2,2.1,E20,108,283,51,314.5
2,2.1,E20,108,283,52,316.2
2,2.1,E20,108,283,53,318
2,2.1,E20,108,283,54,319.8
2,2.1,E20,108,283,55,321.5
2,2.1,E20,108,283,56,323.3
2,2.1,E20,108,283,57,325
2,2.1,E20,108,283,58,326.8
2,2.1,E20,108,283,59,328.6
2,2.1,E20,108,283,60,331.9
2,2.1,E20,108,283,61,335.3
2,2.1,E20,108,283,62,338.7
2,2.1,E20,108,283,63,342.1
2,2.1,E20,108,283,64,345.5
2,2.1,E20,108,283,65,348.8
2,2.1,E20,108,283,66,352.2
2,2.1,E20,108,283,67,355.6
2,2.1,E20,108,283,68,359
2,2.1,E20,108,283,69,362.3
2,2.1,E20,108,283,70,365.7
2,2.1,E20,108,283,71,369.1
2,2.1,E20,108,283,72,372.5
2,2.1,E20,108,283,73,375.8
2,2.1,E20,108,283,74,379.2
2,2.1,E20,108,283,75,382.6
2,2.1,E20,108,284,0,0
2,2.1,E20,108,284,1,20.39
2,2.1,E20,108,284,2,42.84
2,2.1,E20,108,284,3,56.07
2,2.1,E20,108,284,4,66.97
2,2.1,E20,108,284,5,76.07
2,2.1,E20,108,284,6,83.53
2,2.1,E20,108,284,7,92
2,2.1,E20,108,284,8,104.3
2,2.1,E20,108,284,9,112.3
2,2.1,E20,108,284,10,120.2
2,2.1,E20,108,284,11,125.9
2,2.1,E20,108,284,12,131.1
2,2.1,E20,108,284,13,134.6
2,2.1,E20,108,284,14,143
2,2.1,E20,108,284,15,150.9
2,2.1,E20,108,284,16,154.3
2,2.1,E20,108,284,17,157.6
2,2.1,E20,108,284,18,165
2,2.1,E20,108,284,19,170.2
2,2.1,E20,108,284,20,174.1
2,2.1,E20,108,284,21,178.1
2,2.1,E20,108,284,22,183.4
2,2.1,E20,108,284,23,188.3
2,2.1,E20,108,284,24,193.1
2,2.1,E20,108,284,25,197.9
2,2.1,E20,108,284,26,207.2
2,2.1,E20,108,284,27,212.1
2,2.1,E20,108,284,28,217.1
2,2.1,E20,108,284,29,222
2,2.1,E20,108,284,30,226.9
2,2.1,E20,108,284,31,231.9
2,2.1,E20,108,284,32,236.8
2,2.1,E20,108,284,33,241.8
2,2.1,E20,108,284,34,246.7
2,2.1,E20,108,284,35,251.6
2,2.1,E20,108,284,36,258.7
2,2.1,E20,108,284,37,266.1
2,2.1,E20,108,284,38,273.6
2,2.1,E20,108,284,39,281
2,2.1,E20,108,284,40,288.4
2,2.1,E20,108,284,41,292.1
2,2.1,E20,108,284,42,295.8
2,2.1,E20,108,284,43,299.6
2,2.1,E20,108,284,44,303.3
2,2.1,E20,108,284,45,307
2,2.1,E20,108,284,46,310.7
2,2.1,E20,108,284,47,314.4
2,2.1,E20,108,284,48,318.1
2,2.1,E20,108,284,49,321.8
2,2.1,E20,108,284,50,325.5
2,2.1,E20,108,284,51,329.2
2,2.1,E20,108,284,52,333
2,2.1,E20,108,284,53,336.7
2,2.1,E20,108,284,54,340.4
2,2.1,E20,108,284,55,344.1
2,2.1,E20,108,284,56,347.8
2,2.1,E20,108,284,57,351.5
2,2.1,E20,108,284,58,355.2
2,2.1,E20,108,284,59,358.9
2,2.1,E20,108,284,60,362.7
2,2.1,E20,108,284,61,366.4
2,2.1,E20,108,284,62,370.1
2,2.1,E20,108,284,63,373.8
2,2.1,E20,108,284,64,377.5
2,2.1,E20,108,284,65,381.2
2,2.1,E20,108,284,66,384.9
2,2.1,E20,108,284,67,388.6
2,2.1,E20,108,284,68,392.4
2,2.1,E20,108,284,69,396.1
2,2.1,E20,108,284,70,399.8
2,2.1,E20,108,284,71,403.5
2,2.1,E20,108,284,72,407.2
2,2.1,E20,108,284,73,410.9
2,2.1,E20,108,284,74,414.6
2,2.1,E20,108,284,75,418.3
2,2.1,E20,108,285,0,0
2,2.1,E20,108,285,1,21.5
2,2.1,E20,108,285,2,45.66
2,2.1,E20,108,285,3,59.03
2,2.1,E20,108,285,4,69.41
2,2.1,E20,108,285,5,78.54
2,2.1,E20,108,285,6,85.96
2,2.1,E20,108,285,7,94.42
2,2.1,E20,108,285,8,106.8
2,2.1,E20,108,285,9,113.7
2,2.1,E20,108,285,10,121.7
2,2.1,E20,108,285,11,128.7
2,2.1,E20,108,285,12,134.3
2,2.1,E20,108,285,13,138.1
2,2.1,E20,108,285,14,146.6
2,2.1,E20,108,285,15,154.7
2,2.1,E20,108,285,16,158.6
2,2.1,E20,108,285,17,162.5
2,2.1,E20,108,285,18,170.4
2,2.1,E20,108,285,19,175.6
2,2.1,E20,108,285,20,179.5
2,2.1,E20,108,285,21,183.5
2,2.1,E20,108,285,22,188.4
2,2.1,E20,108,285,23,192.8
2,2.1,E20,108,285,24,197.3
2,2.1,E20,108,285,25,202
2,2.1,E20,108,285,26,210.5
2,2.1,E20,108,285,27,215.2
2,2.1,E20,108,285,28,219.9
2,2.1,E20,108,285,29,224.6
2,2.1,E20,108,285,30,229.4
2,2.1,E20,108,285,31,234.1
2,2.1,E20,108,285,32,238.8
2,2.1,E20,108,285,33,243.5
2,2.1,E20,108,285,34,248.3
2,2.1,E20,108,285,35,253
2,2.1,E20,108,285,36,259.1
2,2.1,E20,108,285,37,265.6
2,2.1,E20,108,285,38,272
2,2.1,E20,108,285,39,278.5
2,2.1,E20,108,285,40,284.9
2,2.1,E20,108,285,41,289.9
2,2.1,E20,108,285,42,294.9
2,2.1,E20,108,285,43,299.9
2,2.1,E20,108,285,44,304.9
2,2.1,E20,108,285,45,309.9
2,2.1,E20,108,285,46,314.8
2,2.1,E20,108,285,47,319.8
2,2.1,E20,108,285,48,324.8
2,2.1,E20,108,285,49,329.8
2,2.1,E20,108,285,50,334.8
2,2.1,E20,108,285,51,339.8
2,2.1,E20,108,285,52,344.7
2,2.1,E20,108,285,53,349.7
2,2.1,E20,108,285,54,354.7
2,2.1,E20,108,285,55,359.7
2,2.1,E20,108,285,56,364.7
2,2.1,E20,108,285,57,369.7
2,2.1,E20,108,285,58,374.6
2,2.1,E20,108,285,59,379.6
2,2.1,E20,108,285,60,383.1
2,2.1,E20,108,285,61,386.7
2,2.1,E20,108,285,62,390.2
2,2.1,E20,108,285,63,393.7
2,2.1,E20,108,285,64,397.2
2,2.1,E20,108,285,65,400.7
2,2.1,E20,108,285,66,404.3
2,2.1,E20,108,285,67,407.8
2,2.1,E20,108,285,68,411.3
2,2.1,E20,108,285,69,414.8
2,2.1,E20,108,285,70,418.3
2,2.1,E20,108,285,71,421.8
2,2.1,E20,108,285,72,425.4
2,2.1,E20,108,285,73,428.9
2,2.1,E20,108,285,74,432.4
2,2.1,E20,108,285,75,435.9
2,2.1,E22,113,742,0,0
2,2.1,E22,113,742,1,-1.135
2,2.1,E22,113,742,2,17.36
2,2.1,E22,113,742,3,57.92
2,2.1,E22,113,742,4,119.8
2,2.1,E22,113,742,5,172.2
2,2.1,E22,113,742,6,262.4
2,2.1,E22,113,742,7,298.4
2,2.1,E22,113,742,8,324.5
2,2.1,E22,113,742,9,348.3
2,2.1,E22,113,742,10,362.1
2,2.1,E22,113,742,11,373.9
2,2.1,E22,113,742,12,386.1
2,2.1,E22,113,742,13,395.4
2,2.1,E22,113,742,14,391.6
2,2.1,E22,113,742,15,400.7
2,2.1,E22,113,742,16,391.7
2,2.1,E22,113,742,17,397.6
2,2.1,E22,113,742,18,398
2,2.1,E22,113,742,19,401.7
2,2.1,E22,113,742,20,396.2
2,2.1,E22,113,742,21,399.4
2,2.1,E22,113,742,22,402.8
2,2.1,E22,113,742,23,399.1
2,2.1,E22,113,742,24,397
2,2.1,E22,113,742,25,396.1
2,2.1,E22,113,742,26,383.3
2,2.1,E22,113,742,27,386.7
2,2.1,E22,113,742,28,388.2
2,2.1,E22,113,743,0,0
2,2.1,E22,113,743,1,-1.099
2,2.1,E22,113,743,2,16.9
2,2.1,E22,113,743,3,56.34
2,2.1,E22,113,743,4,114.3
2,2.1,E22,113,743,5,166.8
2,2.1,E22,113,743,6,255.3
2,2.1,E22,113,743,7,291.9
2,2.1,E22,113,743,8,316.4
2,2.1,E22,113,743,9,338
2,2.1,E22,113,743,10,348.8
2,2.1,E22,113,743,11,359.4
2,2.1,E22,113,743,12,369.4
2,2.1,E22,113,743,13,377.7
2,2.1,E22,113,743,14,372.2
2,2.1,E22,113,743,15,379.9
2,2.1,E22,113,743,16,371.1
2,2.1,E22,113,743,17,375.3
2,2.1,E22,113,743,18,376.6
2,2.1,E22,113,743,19,379.1
2,2.1,E22,113,743,20,372.7
2,2.1,E22,113,743,21,374.5
2,2.1,E22,113,743,22,377.4
2,2.1,E22,113,743,23,372.5
2,2.1,E22,113,743,24,369.4
2,2.1,E22,113,743,25,368.5
2,2.1,E22,113,743,26,355.5
2,2.1,E22,113,743,27,357.3
2,2.1,E22,113,743,28,356.9
2,2.1,E22,113,744,0,0
2,2.1,E22,113,744,1,0.2075
2,2.1,E22,113,744,2,22.2
2,2.1,E22,113,744,3,67.55
2,2.1,E22,113,744,4,132.5
2,2.1,E22,113,744,5,189.5
2,2.1,E22,113,744,6,282.2
2,2.1,E22,113,744,7,320.1
2,2.1,E22,113,744,8,346.4
2,2.1,E22,113,744,9,370.5
2,2.1,E22,113,744,10,386.5
2,2.1,E22,113,744,11,393.2
2,2.1,E22,113,744,12,399.5
2,2.1,E22,113,744,13,406
2,2.1,E22,113,744,14,398
2,2.1,E22,113,744,15,406.5
2,2.1,E22,113,744,16,396.7
2,2.1,E22,113,744,17,401.5
2,2.1,E22,113,744,18,402.9
2,2.1,E22,113,744,19,407.5
2,2.1,E22,113,744,20,401.4
2,2.1,E22,113,744,21,406.3
2,2.1,E22,113,744,22,409.9
2,2.1,E22,113,744,23,405.5
2,2.1,E22,113,744,24,403.8
2,2.1,E22,113,744,25,404
2,2.1,E22,113,744,26,390.8
2,2.1,E22,113,744,27,392
2,2.1,E22,113,744,28,392.9
2,2.1,E22,113,745,0,0
2,2.1,E22,113,745,1,67.42
2,2.1,E22,113,745,2,243.8
2,2.1,E22,113,745,3,309.4
2,2.1,E22,113,745,4,365.6
2,2.1,E22,113,745,5,380.2
2,2.1,E22,113,745,6,404.8
2,2.1,E22,113,745,7,407.2
2,2.1,E22,113,745,8,417.5
2,2.1,E22,113,745,9,417.5
2,2.1,E22,113,745,10,419.6
2,2.1,E22,113,745,11,426
2,2.1,E22,113,745,12,430.3
2,2.1,E22,113,745,13,433.7
2,2.1,E22,113,745,14,425.8
2,2.1,E22,113,745,15,434.8
2,2.1,E22,113,745,16,422.7
2,2.1,E22,113,745,17,429.5
2,2.1,E22,113,745,18,430
2,2.1,E22,113,745,19,431.3
2,2.1,E22,113,745,20,426.3
2,2.1,E22,113,745,21,425.8
2,2.1,E22,113,745,22,427.5
2,2.1,E22,113,745,23,424.3
2,2.1,E22,113,745,24,420.8
2,2.1,E22,113,745,25,419
2,2.1,E22,113,745,26,405.3
2,2.1,E22,113,745,27,405.2
2,2.1,E22,113,745,28,405.2
2,2.1,E22,113,746,0,0
2,2.1,E22,113,746,1,27.24
2,2.1,E22,113,746,2,136.6
2,2.1,E22,113,746,3,166.3
2,2.1,E22,113,746,4,216.5
2,2.1,E22,113,746,5,265.5
2,2.1,E22,113,746,6,330.8
2,2.1,E22,113,746,7,373.5
2,2.1,E22,113,746,8,414.6
2,2.1,E22,113,746,9,432.3
2,2.1,E22,113,746,10,437.6
2,2.1,E22,113,746,11,445.2
2,2.1,E22,113,746,12,452.6
2,2.1,E22,113,746,13,461.4
2,2.1,E22,113,746,14,456.2
2,2.1,E22,113,746,15,466.3
2,2.1,E22,113,746,16,457.1
2,2.1,E22,113,746,17,464.9
2,2.1,E22,113,746,18,467.2
2,2.1,E22,113,746,19,473.1
2,2.1,E22,113,746,20,466.2
2,2.1,E22,113,746,21,472.5
2,2.1,E22,113,746,22,479.2
2,2.1,E22,113,746,23,476.7
2,2.1,E22,113,746,24,476.9
2,2.1,E22,113,746,25,475.7
2,2.1,E22,113,746,26,461
2,2.1,E22,113,746,27,465.7
2,2.1,E22,113,746,28,468.4
2,2.1,E22,113,747,0,0
2,2.1,E22,113,747,1,86.22
2,2.1,E22,113,747,2,252.9
2,2.1,E22,113,747,3,316.3
2,2.1,E22,113,747,4,365.9
2,2.1,E22,113,747,5,378.1
2,2.1,E22,113,747,6,402.1
2,2.1,E22,113,747,7,403.3
2,2.1,E22,113,747,8,413
2,2.1,E22,113,747,9,413
2,2.1,E22,113,747,10,417.6
2,2.1,E22,113,747,11,420.9
2,2.1,E22,113,747,12,423.4
2,2.1,E22,113,747,13,426.7
2,2.1,E22,113,747,14,418.6
2,2.1,E22,113,747,15,428.3
2,2.1,E22,113,747,16,419.4
2,2.1,E22,113,747,17,428.4
2,2.1,E22,113,747,18,432.1
2,2.1,E22,113,747,19,435.9
2,2.1,E22,113,747,20,432.6
2,2.1,E22,113,747,21,434.7
2,2.1,E22,113,747,22,437.2
2,2.1,E22,113,747,23,432.9
2,2.1,E22,113,747,24,430.1
2,2.1,E22,113,747,25,429.7
2,2.1,E22,113,747,26,415.4
2,2.1,E22,113,747,27,417.6
2,2.1,E22,113,747,28,417.6
2,2.1,E22,113,748,0,0
2,2.1,E22,113,748,1,121.1
2,2.1,E22,113,748,2,209
2,2.1,E22,113,748,3,246.1
2,2.1,E22,113,748,4,278.5
2,2.1,E22,113,748,5,307.4
2,2.1,E22,113,748,6,352.8
2,2.1,E22,113,748,7,352.4
2,2.1,E22,113,748,8,369.9
2,2.1,E22,113,748,9,382.8
2,2.1,E22,113,748,10,393.6
2,2.1,E22,113,748,11,406.9
2,2.1,E22,113,748,12,425.7
2,2.1,E22,113,748,13,443.8
2,2.1,E22,113,748,14,450.1
2,2.1,E22,113,748,15,465.8
2,2.1,E22,113,748,16,457.3
2,2.1,E22,113,748,17,466
2,2.1,E22,113,748,18,469.3
2,2.1,E22,113,748,19,474.9
2,2.1,E22,113,748,20,468.4
2,2.1,E22,113,748,21,472.4
2,2.1,E22,113,748,22,476
2,2.1,E22,113,748,23,470.5
2,2.1,E22,113,748,24,468.5
2,2.1,E22,113,748,25,464.2
2,2.1,E22,113,748,26,448
2,2.1,E22,113,748,27,452.4
2,2.1,E22,113,748,28,452.4
2,2.1,E22,113,749,0,0
2,2.1,E22,113,749,1,127.2
2,2.1,E22,113,749,2,217.5
2,2.1,E22,113,749,3,253.4
2,2.1,E22,113,749,4,284.4
2,2.1,E22,113,749,5,312.8
2,2.1,E22,113,749,6,354.2
2,2.1,E22,113,749,7,367.9
2,2.1,E22,113,749,8,383.2
2,2.1,E22,113,749,9,395.4
2,2.1,E22,113,749,10,405.4
2,2.1,E22,113,749,11,421.8
2,2.1,E22,113,749,12,442
2,2.1,E22,113,749,13,460.7
2,2.1,E22,113,749,14,468.7
2,2.1,E22,113,749,15,483.8
2,2.1,E22,113,749,16,474.6
2,2.1,E22,113,749,17,483.3
2,2.1,E22,113,749,18,485.3
2,2.1,E22,113,749,19,489.9
2,2.1,E22,113,749,20,483.3
2,2.1,E22,113,749,21,486
2,2.1,E22,113,749,22,489.3
2,2.1,E22,113,749,23,483.4
2,2.1,E22,113,749,24,480.7
2,2.1,E22,113,749,25,480.6
2,2.1,E22,113,749,26,464.4
2,2.1,E22,113,749,27,465.3
2,2.1,E22,113,749,28,465.4
2,2.1,E22,113,750,0,0
2,2.1,E22,113,750,1,115.6
2,2.1,E22,113,750,2,201.9
2,2.1,E22,113,750,3,236.8
2,2.1,E22,113,750,4,267.7
2,2.1,E22,113,750,5,295.6
2,2.1,E22,113,750,6,337
2,2.1,E22,113,750,7,354.6
2,2.1,E22,113,750,8,371.9
2,2.1,E22,113,750,9,383.1
2,2.1,E22,113,750,10,391.8
2,2.1,E22,113,750,11,402.7
2,2.1,E22,113,750,12,417.2
2,2.1,E22,113,750,13,431.5
2,2.1,E22,113,750,14,434
2,2.1,E22,113,750,15,446.4
2,2.1,E22,113,750,16,437.6
2,2.1,E22,113,750,17,445
2,2.1,E22,113,750,18,447.2
2,2.1,E22,113,750,19,450.6
2,2.1,E22,113,750,20,443.1
2,2.1,E22,113,750,21,445.7
2,2.1,E22,113,750,22,448.6
2,2.1,E22,113,750,23,443
2,2.1,E22,113,750,24,439.6
2,2.1,E22,113,750,25,435.3
2,2.1,E22,113,750,26,420.4
2,2.1,E22,113,750,27,422
2,2.1,E22,113,750,28,421.5
2,2.1,E24,107,478,0,0
2,2.1,E24,107,478,1,15.89
2,2.1,E24,107,478,2,17.36
2,2.1,E24,107,478,3,14.74
2,2.1,E24,107,478,4,11.9
2,2.1,E24,107,478,5,8.561
2,2.1,E24,107,478,6,4.782
2,2.1,E24,107,478,7,1.213
2,2.1,E24,107,478,8,-0.8631
2,2.1,E24,107,478,9,-2.543
2,2.1,E24,107,478,10,-2.589
2,2.1,E24,107,478,11,-1.773
2,2.1,E24,107,478,12,-0.8165
2,2.1,E24,107,478,13,0.02333
2,2.1,E24,107,478,14,1.003
2,2.1,E24,107,478,15,2.006
2,2.1,E24,107,478,16,3.802
2,2.1,E24,107,478,17,6.532
2,2.1,E24,107,478,18,13.06
2,2.1,E24,107,478,19,25.38
2,2.1,E24,107,478,20,46.24
2,2.1,E24,107,478,21,76.31
2,2.1,E24,107,478,22,110.3
2,2.1,E24,107,478,23,145.2
2,2.1,E24,107,478,24,173.3
2,2.1,E24,107,478,25,187.9
2,2.1,E24,107,478,26,195.9
2,2.1,E24,107,478,27,199.3
2,2.1,E24,107,478,28,200.1
2,2.1,E24,107,478,29,206.4
2,2.1,E24,107,478,30,220
2,2.1,E24,107,478,31,238.9
2,2.1,E24,107,478,32,260.8
2,2.1,E24,107,478,33,286.7
2,2.1,E24,107,478,34,302.4
2,2.1,E24,107,478,35,303.3
2,2.1,E24,107,478,36,307
2,2.1,E24,107,478,37,309.8
2,2.1,E24,107,478,38,312.8
2,2.1,E24,107,478,39,315.6
2,2.1,E24,107,478,40,318.6
2,2.1,E24,107,478,41,322.3
2,2.1,E24,107,478,42,323.2
2,2.1,E24,107,478,43,323.2
2,2.1,E24,107,478,44,323
2,2.1,E24,107,478,45,323
2,2.1,E24,107,478,46,323.5
2,2.1,E24,107,478,47,324.7
2,2.1,E24,107,478,48,326
2,2.1,E24,107,478,49,329.4
2,2.1,E24,107,478,50,332.7
2,2.1,E24,107,478,51,334.7
2,2.1,E24,107,478,52,337.6
2,2.1,E24,107,478,53,339.3
2,2.1,E24,107,478,54,340.7
2,2.1,E24,107,478,55,341.9
2,2.1,E24,107,478,56,342.5
2,2.1,E24,107,479,0,0
2,2.1,E24,107,479,1,24.75
2,2.1,E24,107,479,2,25.01
2,2.1,E24,107,479,3,23.05
2,2.1,E24,107,479,4,19.97
2,2.1,E24,107,479,5,15.93
2,2.1,E24,107,479,6,12.36
2,2.1,E24,107,479,7,9.728
2,2.1,E24,107,479,8,8.421
2,2.1,E24,107,479,9,7.512
2,2.1,E24,107,479,10,8.118
2,2.1,E24,107,479,11,8.888
2,2.1,E24,107,479,12,10.19
2,2.1,E24,107,479,13,10.68
2,2.1,E24,107,479,14,11.92
2,2.1,E24,107,479,15,13.93
2,2.1,E24,107,479,16,17.03
2,2.1,E24,107,479,17,21.95
2,2.1,E24,107,479,18,31.17
2,2.1,E24,107,479,19,45.72
2,2.1,E24,107,479,20,67.86
2,2.1,E24,107,479,21,97
2,2.1,E24,107,479,22,130.1
2,2.1,E24,107,479,23,165.3
2,2.1,E24,107,479,24,195
2,2.1,E24,107,479,25,209.6
2,2.1,E24,107,479,26,215.6
2,2.1,E24,107,479,27,216.1
2,2.1,E24,107,479,28,213.7
2,2.1,E24,107,479,29,215.8
2,2.1,E24,107,479,30,224.5
2,2.1,E24,107,479,31,238.7
2,2.1,E24,107,479,32,254.4
2,2.1,E24,107,479,33,272.6
2,2.1,E24,107,479,34,296.4
2,2.1,E24,107,479,35,314.7
2,2.1,E24,107,479,36,331.5
2,2.1,E24,107,479,37,337.2
2,2.1,E24,107,479,38,338.8
2,2.1,E24,107,479,39,341.1
2,2.1,E24,107,479,40,342.5
2,2.1,E24,107,479,41,342
2,2.1,E24,107,479,42,343.3
2,2.1,E24,107,479,43,341
2,2.1,E24,107,479,44,338.7
2,2.1,E24,107,479,45,338.2
2,2.1,E24,107,479,46,337.7
2,2.1,E24,107,479,47,338.4
2,2.1,E24,107,479,48,338.8
2,2.1,E24,107,479,49,343
2,2.1,E24,107,479,50,344
2,2.1,E24,107,479,51,346.3
2,2.1,E24,107,479,52,349.5
2,2.1,E24,107,479,53,351.8
2,2.1,E24,107,479,54,353.9
2,2.1,E24,107,479,55,356.4
2,2.1,E24,107,479,56,356.7
2,2.1,E24,107,480,0,0
2,2.1,E24,107,480,1,20.74
2,2.1,E24,107,480,2,22.26
2,2.1,E24,107,480,3,20.76
2,2.1,E24,107,480,4,18.08
2,2.1,E24,107,480,5,14.91
2,2.1,E24,107,480,6,11.48
2,2.1,E24,107,480,7,8.305
2,2.1,E24,107,480,8,6.322
2,2.1,E24,107,480,9,4.479
2,2.1,E24,107,480,10,4.712
2,2.1,E24,107,480,11,5.179
2,2.1,E24,107,480,12,6.369
2,2.1,E24,107,480,13,6.998
2,2.1,E24,107,480,14,7.628
2,2.1,E24,107,480,15,8.118
2,2.1,E24,107,480,16,8.165
2,2.1,E24,107,480,17,8.282
2,2.1,E24,107,480,18,10.01
2,2.1,E24,107,480,19,14.35
2,2.1,E24,107,480,20,24.52
2,2.1,E24,107,480,21,43.95
2,2.1,E24,107,480,22,76.49
2,2.1,E24,107,480,23,120.5
2,2.1,E24,107,480,24,165.5
2,2.1,E24,107,480,25,189.1
2,2.1,E24,107,480,26,198.8
2,2.1,E24,107,480,27,205.1
2,2.1,E24,107,480,28,207.9
2,2.1,E24,107,480,29,214.3
2,2.1,E24,107,480,30,226.4
2,2.1,E24,107,480,31,243.7
2,2.1,E24,107,480,32,263.7
2,2.1,E24,107,480,33,283.7
2,2.1,E24,107,480,34,297.7
2,2.1,E24,107,480,35,300
2,2.1,E24,107,480,36,300.6
2,2.1,E24,107,480,37,302.2
2,2.1,E24,107,480,38,305.2
2,2.1,E24,107,480,39,309.1
2,2.1,E24,107,480,40,314
2,2.1,E24,107,480,41,319.3
2,2.1,E24,107,480,42,324
2,2.1,E24,107,480,43,326.4
2,2.1,E24,107,480,44,329
2,2.1,E24,107,480,45,334.5
2,2.1,E24,107,480,46,340.7
2,2.1,E24,107,480,47,347.9
2,2.1,E24,107,480,48,356.3
2,2.1,E24,107,480,49,364.1
2,2.1,E24,107,480,50,370.8
2,2.1,E24,107,480,51,375.9
2,2.1,E24,107,480,52,380
2,2.1,E24,107,480,53,382.2
2,2.1,E24,107,480,54,384
2,2.1,E24,107,480,55,385.3
2,2.1,E24,107,480,56,385.3
2,2.1,E24,107,482,0,0
2,2.1,E24,107,482,1,-0.0278
2,2.1,E24,107,482,2,-1.279
2,2.1,E24,107,482,3,13.12
2,2.1,E24,107,482,4,105
2,2.1,E24,107,482,5,145.6
2,2.1,E24,107,482,6,144.9
2,2.1,E24,107,482,7,145.2
2,2.1,E24,107,482,8,143.5
2,2.1,E24,107,482,9,141
2,2.1,E24,107,482,10,141.5
2,2.1,E24,107,482,11,146.7
2,2.1,E24,107,482,12,160
2,2.1,E24,107,482,13,191.7
2,2.1,E24,107,482,14,249.6
2,2.1,E24,107,482,15,326.5
2,2.1,E24,107,482,16,401.8
2,2.1,E24,107,482,17,441.5
2,2.1,E24,107,482,18,450.3
2,2.1,E24,107,482,19,447.9
2,2.1,E24,107,482,20,441.2
2,2.1,E24,107,482,21,436.7
2,2.1,E24,107,482,22,434
2,2.1,E24,107,482,23,426
2,2.1,E24,107,482,24,425
2,2.1,E24,107,482,25,426.5
2,2.1,E24,107,482,26,426.1
2,2.1,E24,107,482,27,422.8
2,2.1,E24,107,482,28,414.6
2,2.1,E24,107,482,29,409.7
2,2.1,E24,107,482,30,408
2,2.1,E24,107,482,31,406.8
2,2.1,E24,107,482,32,405.4
2,2.1,E24,107,482,33,404.6
2,2.1,E24,107,482,34,403.9
2,2.1,E24,107,482,35,400.2
2,2.1,E24,107,482,36,401.4
2,2.1,E24,107,482,37,400.6
2,2.1,E24,107,482,38,400.8
2,2.1,E24,107,482,39,401.7
2,2.1,E24,107,482,40,401.8
2,2.1,E24,107,482,41,401.7
2,2.1,E24,107,482,42,401.2
2,2.1,E24,107,482,43,401.2
2,2.1,E24,107,482,44,401.3
2,2.1,E24,107,482,45,401.7
2,2.1,E24,107,482,46,401.6
2,2.1,E24,107,482,47,402.4
2,2.1,E24,107,482,48,402.4
2,2.1,E24,107,482,49,403.2
2,2.1,E24,107,483,0,0
2,2.1,E24,107,483,1,27.84
2,2.1,E24,107,483,2,38.8
2,2.1,E24,107,483,3,45.75
2,2.1,E24,107,483,4,50.03
2,2.1,E24,107,483,5,51.39
2,2.1,E24,107,483,6,54.57
2,2.1,E24,107,483,7,59.96
2,2.1,E24,107,483,8,69.97
2,2.1,E24,107,483,9,87.37
2,2.1,E24,107,483,10,118.1
2,2.1,E24,107,483,11,167.9
2,2.1,E24,107,483,12,235.2
2,2.1,E24,107,483,13,316.9
2,2.1,E24,107,483,14,400
2,2.1,E24,107,483,15,448.1
2,2.1,E24,107,483,16,461.5
2,2.1,E24,107,483,17,463.2
2,2.1,E24,107,483,18,458.2
2,2.1,E24,107,483,19,449.6
2,2.1,E24,107,483,20,435.7
2,2.1,E24,107,483,21,418.8
2,2.1,E24,107,483,22,396.9
2,2.1,E24,107,483,23,380
2,2.1,E24,107,483,24,374.7
2,2.1,E24,107,483,25,370.2
2,2.1,E24,107,484,0,0
2,2.1,E24,107,484,1,28.77
2,2.1,E24,107,484,2,40.16
2,2.1,E24,107,484,3,45.63
2,2.1,E24,107,484,4,49.81
2,2.1,E24,107,484,5,51.97
2,2.1,E24,107,484,6,56.37
2,2.1,E24,107,484,7,63.71
2,2.1,E24,107,484,8,75.97
2,2.1,E24,107,484,9,96.29
2,2.1,E24,107,484,10,131.9
2,2.1,E24,107,484,11,188.2
2,2.1,E24,107,484,12,263.3
2,2.1,E24,107,484,13,349
2,2.1,E24,107,484,14,428.1
2,2.1,E24,107,484,15,465.6
2,2.1,E24,107,484,16,477.7
2,2.1,E24,107,484,17,480.1
2,2.1,E24,107,484,18,477.8
2,2.1,E24,107,484,19,472.4
2,2.1,E24,107,484,20,459.5
2,2.1,E24,107,484,21,444.5
2,2.1,E24,107,484,22,421.3
2,2.1,E24,107,484,23,406.5
2,2.1,E24,107,484,24,405.4
2,2.1,E24,107,484,25,406.6
2,2.1,E24,107,484,26,405.6
2,2.1,E24,107,484,27,402.9
2,2.1,E24,107,484,28,398
2,2.1,E24,107,484,29,395.5
2,2.1,E24,107,484,30,395
2,2.1,E24,107,484,31,394.9
2,2.1,E24,107,484,32,395.2
2,2.1,E24,107,484,33,396.6
2,2.1,E24,107,484,34,398.5
2,2.1,E24,107,484,35,395.7
2,2.1,E24,107,484,36,395.9
2,2.1,E24,107,484,37,394.5
2,2.1,E24,107,484,38,393.6
2,2.1,E24,107,484,39,393
2,2.1,E24,107,484,40,392.8
2,2.1,E24,107,484,41,393
2,2.1,E24,107,484,42,391
2,2.1,E24,107,484,43,387.9
2,2.1,E24,107,484,44,384.8
2,2.1,E24,107,484,45,382.2
2,2.1,E24,107,484,46,379.3
2,2.1,E24,107,484,47,377.1
2,2.1,E24,107,484,48,375.1
2,2.1,E24,107,484,49,374.5
2,2.1,E24,107,485,0,0
2,2.1,E24,107,485,1,23.01
2,2.1,E24,107,485,2,30.52
2,2.1,E24,107,485,3,37.05
2,2.1,E24,107,485,4,41.16
2,2.1,E24,107,485,5,43.44
2,2.1,E24,107,485,6,48.42
2,2.1,E24,107,485,7,56.9
2,2.1,E24,107,485,8,72.5
2,2.1,E24,107,485,9,100.8
2,2.1,E24,107,485,10,149.4
2,2.1,E24,107,485,11,218.2
2,2.1,E24,107,485,12,299.4
2,2.1,E24,107,485,13,380
2,2.1,E24,107,485,14,421.7
2,2.1,E24,107,485,15,438.9
2,2.1,E24,107,485,16,450.2
2,2.1,E24,107,485,17,455.3
2,2.1,E24,107,485,18,459.9
2,2.1,E24,107,485,19,460.7
2,2.1,E24,107,485,20,446.8
2,2.1,E24,107,485,21,420.2
2,2.1,E24,107,485,22,392.9
2,2.1,E24,107,485,23,375.7
2,2.1,E24,107,485,24,371.7
2,2.1,E24,107,485,25,369.3
2,2.1,E24,107,485,26,364.9
2,2.1,E24,107,485,27,359.1
2,2.1,E24,107,485,28,351.5
2,2.1,E24,107,485,29,346.5
2,2.1,E24,107,485,30,344.4
2,2.1,E24,107,485,31,344
2,2.1,E24,107,485,32,343.9
2,2.1,E24,107,485,33,341.9
2,2.1,E24,107,485,34,340.1
2,2.1,E24,107,485,35,338.3
2,2.1,E24,107,485,36,336.9
2,2.1,E24,107,485,37,335.5
2,2.1,E24,107,485,38,334.5
2,2.1,E24,107,485,39,333.8
2,2.1,E24,107,485,40,333.4
2,2.1,E24,107,485,41,333.4
2,2.1,E24,107,485,42,333.2
2,2.1,E24,107,485,43,333.2
2,2.1,E24,107,485,44,333.2
2,2.1,E24,107,485,45,333.6
2,2.1,E24,107,485,46,333.6
2,2.1,E24,107,485,47,334.4
2,2.1,E24,107,485,48,335
2,2.1,E24,107,485,49,335.3
2,2.1,E27,95,1719,0,0
2,2.1,E27,95,1719,0.9,52.42
2,2.1,E27,95,1719,1.9,192.2
2,2.1,E27,95,1719,2.9,273.3
2,2.1,E27,95,1719,3.9,305.8
2,2.1,E27,95,1719,4.9,325.7
2,2.1,E27,95,1719,5.9,336.8
2,2.1,E27,95,1719,6.9,345.1
2,2.1,E27,95,1719,8.2,351.5
2,2.1,E27,95,1719,8.9,352.7
2,2.1,E27,95,1719,9.9,356.5
2,2.1,E27,95,1719,10.9,359
2,2.1,E27,95,1719,12,360.3
2,2.1,E27,95,1719,12.9,362.2
2,2.1,E27,95,1719,14.1,363.2
2,2.1,E27,95,1719,14.9,363.8
2,2.1,E27,95,1719,15.9,364.4
2,2.1,E27,95,1719,16.9,365.2
2,2.1,E27,95,1719,20.9,368.8
2,2.1,E27,95,1719,22.9,369.8
2,2.1,E27,95,1719,24.9,370.9
2,2.1,E27,95,1719,27.9,372.4
2,2.1,E27,95,1719,29.9,373.2
2,2.1,E27,95,1719,31.9,373.5
2,2.1,E27,95,1719,34.9,374.6
2,2.1,E27,95,1719,36.9,376.3
2,2.1,E27,95,1719,39,377.7
2,2.1,E27,95,1719,41.9,378
2,2.1,E27,95,1719,43.9,378.6
2,2.1,E27,95,1719,45.9,379.1
2,2.1,E27,95,1719,48.9,379.4
2,2.1,E27,95,1719,50.9,379.6
2,2.1,E27,95,1719,52.8,378.7
2,2.1,E27,95,1720,0,0
2,2.1,E27,95,1720,0.9,52.67
2,2.1,E27,95,1720,1.9,193.4
2,2.1,E27,95,1720,2.9,274
2,2.1,E27,95,1720,3.9,307.6
2,2.1,E27,95,1720,4.9,327.5
2,2.1,E27,95,1720,5.9,339.3
2,2.1,E27,95,1720,6.9,346.9
2,2.1,E27,95,1720,8.2,352.8
2,2.1,E27,95,1720,8.9,354.5
2,2.1,E27,95,1720,9.9,357.4
2,2.1,E27,95,1720,10.9,359.7
2,2.1,E27,95,1720,12,361.7
2,2.1,E27,95,1720,12.9,363.1
2,2.1,E27,95,1720,14.1,363.6
2,2.1,E27,95,1720,14.9,364.5
2,2.1,E27,95,1720,15.9,365.1
2,2.1,E27,95,1720,16.9,365.9
2,2.1,E27,95,1720,20.9,369.5
2,2.1,E27,95,1720,22.9,370
2,2.1,E27,95,1720,24.9,371.1
2,2.1,E27,95,1720,27.9,373.1
2,2.1,E27,95,1720,29.9,373.4
2,2.1,E27,95,1720,31.9,373.2
2,2.1,E27,95,1720,34.9,374.3
2,2.1,E27,95,1720,36.9,375.8
2,2.1,E27,95,1720,39,377.2
2,2.1,E27,95,1720,41.9,377.3
2,2.1,E27,95,1720,43.9,377.7
2,2.1,E27,95,1720,45.9,378.4
2,2.1,E27,95,1720,48.9,378.2
2,2.1,E27,95,1720,50.9,378.5
2,2.1,E27,95,1720,52.8,378.2
2,2.1,E27,95,1721,0,0
2,2.1,E27,95,1721,0.9,51.57
2,2.1,E27,95,1721,1.9,193
2,2.1,E27,95,1721,2.9,272.9
2,2.1,E27,95,1721,3.9,304.7
2,2.1,E27,95,1721,4.9,327.6
2,2.1,E27,95,1721,5.9,338.1
2,2.1,E27,95,1721,6.9,343.6
2,2.1,E27,95,1721,8.2,347.5
2,2.1,E27,95,1721,8.9,353.6
2,2.1,E27,95,1721,9.9,357
2,2.1,E27,95,1721,10.9,360.1
2,2.1,E27,95,1721,12,361
2,2.1,E27,95,1721,12.9,362
2,2.1,E27,95,1721,14.1,363.2
2,2.1,E27,95,1721,14.9,363.8
2,2.1,E27,95,1721,15.9,364.3
2,2.1,E27,95,1721,16.9,364.2
2,2.1,E27,95,1721,20.9,366.8
2,2.1,E27,95,1721,22.9,367.8
2,2.1,E27,95,1721,24.9,369.6
2,2.1,E27,95,1721,27.9,371.1
2,2.1,E27,95,1721,29.9,371.2
2,2.1,E27,95,1721,31.9,371.5
2,2.1,E27,95,1721,34.9,373.8
2,2.1,E27,95,1721,36.9,374.6
2,2.1,E27,95,1721,39,375
2,2.1,E27,95,1721,41.9,375.6
2,2.1,E27,95,1721,43.9,376
2,2.1,E27,95,1721,45.9,376.7
2,2.1,E27,95,1721,48.9,376.5
2,2.1,E27,95,1721,50.9,376.6
2,2.1,E27,95,1721,52.8,376.1
2,2.1,E27,95,1724,0,0
2,2.1,E27,95,1724,0.9,0.6016
2,2.1,E27,95,1724,1.9,4.726
2,2.1,E27,95,1724,2.9,43.99
2,2.1,E27,95,1724,3.9,110
2,2.1,E27,95,1724,4.9,203.7
2,2.1,E27,95,1724,5.9,263.9
2,2.1,E27,95,1724,6.9,309.1
2,2.1,E27,95,1724,8.2,329.1
2,2.1,E27,95,1724,8.9,336.3
2,2.1,E27,95,1724,9.9,343.7
2,2.1,E27,95,1724,10.9,347.7
2,2.1,E27,95,1724,12,350.6
2,2.1,E27,95,1724,12.9,352.3
2,2.1,E27,95,1724,14.1,354.1
2,2.1,E27,95,1724,14.9,354.7
2,2.1,E27,95,1724,15.9,355.7
2,2.1,E27,95,1724,16.9,356
2,2.1,E27,95,1724,20.9,358.4
2,2.1,E27,95,1724,22.9,358.7
2,2.1,E27,95,1724,24.9,360.5
2,2.1,E27,95,1724,27.9,360.8
2,2.1,E27,95,1724,29.9,361.4
2,2.1,E27,95,1724,31.9,361.5
2,2.1,E27,95,1724,34.9,363.3
2,2.1,E27,95,1724,36.9,364.3
2,2.1,E27,95,1724,39,365.9
2,2.1,E27,95,1724,41.9,366.9
2,2.1,E27,95,1724,43.9,367.1
2,2.1,E27,95,1724,45.9,367.7
2,2.1,E27,95,1724,48.9,368.1
2,2.1,E27,95,1724,50.9,368.3
2,2.1,E27,95,1724,52.8,368.3
2,2.1,E27,95,1725,0,0
2,2.1,E27,95,1725,0.9,1.256
2,2.1,E27,95,1725,1.9,4.473
2,2.1,E27,95,1725,2.9,42.85
2,2.1,E27,95,1725,3.9,108.3
2,2.1,E27,95,1725,4.9,197.2
2,2.1,E27,95,1725,5.9,259.7
2,2.1,E27,95,1725,6.9,304.1
2,2.1,E27,95,1725,8.2,326.3
2,2.1,E27,95,1725,8.9,335.3
2,2.1,E27,95,1725,9.9,344.9
2,2.1,E27,95,1725,10.9,350.6
2,2.1,E27,95,1725,12,353.2
2,2.1,E27,95,1725,12.9,355.4
2,2.1,E27,95,1725,14.1,357.2
2,2.1,E27,95,1725,14.9,357.6
2,2.1,E27,95,1725,15.9,358.6
2,2.1,E27,95,1725,16.9,359.2
2,2.1,E27,95,1725,20.9,363
2,2.1,E27,95,1725,22.9,363.5
2,2.1,E27,95,1725,24.9,364.8
2,2.1,E27,95,1725,27.9,366.5
2,2.1,E27,95,1725,29.9,366.6
2,2.1,E27,95,1725,31.9,367.2
2,2.1,E27,95,1725,34.9,368.3
2,2.1,E27,95,1725,36.9,369.8
2,2.1,E27,95,1725,39,371.3
2,2.1,E27,95,1725,41.9,373.5
2,2.1,E27,95,1725,43.9,373.9
2,2.1,E27,95,1725,45.9,374.8
2,2.1,E27,95,1725,48.9,375.1
2,2.1,E27,95,1725,50.9,374.6
2,2.1,E27,95,1725,52.8,374.6
2,2.1,E27,95,1726,0,0
2,2.1,E27,95,1726,0.9,0.6051
2,2.1,E27,95,1726,1.9,3.834
2,2.1,E27,95,1726,2.9,43.11
2,2.1,E27,95,1726,3.9,109
2,2.1,E27,95,1726,4.9,198.5
2,2.1,E27,95,1726,5.9,256
2,2.1,E27,95,1726,6.9,304.3
2,2.1,E27,95,1726,8.2,321.8
2,2.1,E27,95,1726,8.9,331.7
2,2.1,E27,95,1726,9.9,340.7
2,2.1,E27,95,1726,10.9,345.2
2,2.1,E27,95,1726,12,348.5
2,2.1,E27,95,1726,12.9,350.9
2,2.1,E27,95,1726,14.1,351.8
2,2.1,E27,95,1726,14.9,353.1
2,2.1,E27,95,1726,15.9,353.9
2,2.1,E27,95,1726,16.9,354.3
2,2.1,E27,95,1726,20.9,357.6
2,2.1,E27,95,1726,22.9,358.1
2,2.1,E27,95,1726,24.9,359.2
2,2.1,E27,95,1726,27.9,360.7
2,2.1,E27,95,1726,29.9,361
2,2.1,E27,95,1726,31.9,360.9
2,2.1,E27,95,1726,34.9,362.2
2,2.1,E27,95,1726,36.9,363.5
2,2.1,E27,95,1726,39,364.6
2,2.1,E27,95,1726,41.9,366.1
2,2.1,E27,95,1726,43.9,366.5
2,2.1,E27,95,1726,45.9,367.2
2,2.1,E27,95,1726,48.9,366.8
2,2.1,E27,95,1726,50.9,367
2,2.1,E27,95,1726,52.8,367
2,2.1,E27,127,1728,0,0
2,2.1,E27,127,1728,0.9,92.78
2,2.1,E27,127,1728,1.9,155.2
2,2.1,E27,127,1728,2.9,196.1
2,2.1,E27,127,1728,3.9,222.7
2,2.1,E27,127,1728,4.9,245.3
2,2.1,E27,127,1728,5.9,257.1
2,2.1,E27,127,1728,6.9,263.2
2,2.1,E27,127,1728,8.2,270.6
2,2.1,E27,127,1728,8.9,273
2,2.1,E27,127,1728,9.9,276.7
2,2.1,E27,127,1728,10.9,279
2,2.1,E27,127,1728,12,281.7
2,2.1,E27,127,1728,12.9,282
2,2.1,E27,127,1728,14.1,283.5
2,2.1,E27,127,1728,14.9,283.1
2,2.1,E27,127,1728,15.9,283.9
2,2.1,E27,127,1728,16.9,282.9
2,2.1,E27,127,1728,20.9,284
2,2.1,E27,127,1728,22.9,285.4
2,2.1,E27,127,1728,24.9,291
2,2.1,E27,127,1728,27.9,311
2,2.1,E27,127,1728,29.9,332.8
2,2.1,E27,127,1728,31.9,354
2,2.1,E27,127,1728,34.9,363.6
2,2.1,E27,127,1728,36.9,366.2
2,2.1,E27,127,1728,39,368.5
2,2.1,E27,127,1728,41.9,372.3
2,2.1,E27,127,1728,43.9,374.6
2,2.1,E27,127,1728,45.9,373.3
2,2.1,E27,127,1728,48.9,374.2
2,2.1,E27,127,1728,50.9,376.8
2,2.1,E27,127,1728,52.9,380.2
2,2.1,E27,127,1729,0,0
2,2.1,E27,127,1729,0.9,91.62
2,2.1,E27,127,1729,1.9,152.4
2,2.1,E27,127,1729,2.9,192.3
2,2.1,E27,127,1729,3.9,218.4
2,2.1,E27,127,1729,4.9,241.4
2,2.1,E27,127,1729,5.9,253.2
2,2.1,E27,127,1729,6.9,259.5
2,2.1,E27,127,1729,8.2,266.7
2,2.1,E27,127,1729,8.9,268.2
2,2.1,E27,127,1729,9.9,272
2,2.1,E27,127,1729,10.9,274.5
2,2.1,E27,127,1729,12,276.7
2,2.1,E27,127,1729,12.9,276.8
2,2.1,E27,127,1729,14.1,278.5
2,2.1,E27,127,1729,14.9,278.1
2,2.1,E27,127,1729,15.9,279.1
2,2.1,E27,127,1729,16.9,278.3
2,2.1,E27,127,1729,20.9,280.1
2,2.1,E27,127,1729,22.9,282.4
2,2.1,E27,127,1729,24.9,290.1
2,2.1,E27,127,1729,27.9,317.8
2,2.1,E27,127,1729,29.9,343.9
2,2.1,E27,127,1729,31.9,358.4
2,2.1,E27,127,1729,34.9,362.8
2,2.1,E27,127,1729,36.9,364.7
2,2.1,E27,127,1729,39,368.6
2,2.1,E27,127,1729,41.9,375.4
2,2.1,E27,127,1729,43.9,377.2
2,2.1,E27,127,1729,45.9,375.9
2,2.1,E27,127,1729,48.9,378
2,2.1,E27,127,1729,50.9,382.7
2,2.1,E27,127,1729,52.9,384.5
2,2.1,E27,127,1730,0,0
2,2.1,E27,127,1730,0.9,91.56
2,2.1,E27,127,1730,1.9,153
2,2.1,E27,127,1730,2.9,192.8
2,2.1,E27,127,1730,3.9,219.3
2,2.1,E27,127,1730,4.9,241.5
2,2.1,E27,127,1730,5.9,253.3
2,2.1,E27,127,1730,6.9,259.8
2,2.1,E27,127,1730,8.2,267.6
2,2.1,E27,127,1730,8.9,270.6
2,2.1,E27,127,1730,9.9,273.3
2,2.1,E27,127,1730,10.9,276.9
2,2.1,E27,127,1730,12,278.7
2,2.1,E27,127,1730,12.9,279.2
2,2.1,E27,127,1730,14.1,280.5
2,2.1,E27,127,1730,14.9,279.8
2,2.1,E27,127,1730,15.9,281.1
2,2.1,E27,127,1730,16.9,280.5
2,2.1,E27,127,1730,20.9,282.5
2,2.1,E27,127,1730,22.9,284.5
2,2.1,E27,127,1730,24.9,290.9
2,2.1,E27,127,1730,27.9,313.1
2,2.1,E27,127,1730,29.9,337.1
2,2.1,E27,127,1730,31.9,357.2
2,2.1,E27,127,1730,34.9,363.8
2,2.1,E27,127,1730,36.9,365.7
2,2.1,E27,127,1730,39,369.4
2,2.1,E27,127,1730,41.9,374.3
2,2.1,E27,127,1730,43.9,377.2
2,2.1,E27,127,1730,45.9,375.9
2,2.1,E27,127,1730,48.9,377.5
2,2.1,E27,127,1730,50.9,379.4
2,2.1,E27,127,1730,52.9,381.8
2,2.1,E27,127,1733,0,0
2,2.1,E27,127,1733,0.9,1.007
2,2.1,E27,127,1733,1.9,3.03
2,2.1,E27,127,1733,2.9,42.23
2,2.1,E27,127,1733,3.9,106.8
2,2.1,E27,127,1733,4.9,189.3
2,2.1,E27,127,1733,5.9,239.9
2,2.1,E27,127,1733,6.9,291.2
2,2.1,E27,127,1733,8.2,328.8
2,2.1,E27,127,1733,8.9,335.6
2,2.1,E27,127,1733,9.9,342.2
2,2.1,E27,127,1733,10.9,346
2,2.1,E27,127,1733,12,349.1
2,2.1,E27,127,1733,12.9,350.7
2,2.1,E27,127,1733,14.1,352.4
2,2.1,E27,127,1733,14.9,352.9
2,2.1,E27,127,1733,15.9,353.9
2,2.1,E27,127,1733,16.9,354.3
2,2.1,E27,127,1733,20.9,356.7
2,2.1,E27,127,1733,22.9,357.4
2,2.1,E27,127,1733,24.9,357.6
2,2.1,E27,127,1733,27.9,358.5
2,2.1,E27,127,1733,29.9,358.3
2,2.1,E27,127,1733,31.9,358.7
2,2.1,E27,127,1733,34.9,359.8
2,2.1,E27,127,1733,36.9,360.2
2,2.1,E27,127,1733,39,362.2
2,2.1,E27,127,1733,41.9,363.8
2,2.1,E27,127,1733,43.9,364.1
2,2.1,E27,127,1733,45.9,364.3
2,2.1,E27,127,1733,48.9,365.3
2,2.1,E27,127,1733,50.9,365.4
2,2.1,E27,127,1733,52.9,365.6
2,2.1,E27,127,1734,0,0
2,2.1,E27,127,1734,0.9,0.7841
2,2.1,E27,127,1734,1.9,4.107
2,2.1,E27,127,1734,2.9,41.58
2,2.1,E27,127,1734,3.9,105.5
2,2.1,E27,127,1734,4.9,190.7
2,2.1,E27,127,1734,5.9,242.5
2,2.1,E27,127,1734,6.9,292.7
2,2.1,E27,127,1734,8.2,332
2,2.1,E27,127,1734,8.9,338.4
2,2.1,E27,127,1734,9.9,345.2
2,2.1,E27,127,1734,10.9,349.7
2,2.1,E27,127,1734,12,353.6
2,2.1,E27,127,1734,12.9,355.7
2,2.1,E27,127,1734,14.1,357
2,2.1,E27,127,1734,14.9,357.4
2,2.1,E27,127,1734,15.9,358.9
2,2.1,E27,127,1734,16.9,359.9
2,2.1,E27,127,1734,20.9,362.1
2,2.1,E27,127,1734,22.9,362.1
2,2.1,E27,127,1734,24.9,363.4
2,2.1,E27,127,1734,27.9,365
2,2.1,E27,127,1734,29.9,365.9
2,2.1,E27,127,1734,31.9,365.9
2,2.1,E27,127,1734,34.9,367
2,2.1,E27,127,1734,36.9,367.6
2,2.1,E27,127,1734,39,369.3
2,2.1,E27,127,1734,41.9,369.4
2,2.1,E27,127,1734,43.9,369
2,2.1,E27,127,1734,45.9,369.1
2,2.1,E27,127,1734,48.9,369.4
2,2.1,E27,127,1734,50.9,369.5
2,2.1,E27,127,1734,52.9,370
2,2.1,E27,127,1735,0,0
2,2.1,E27,127,1735,0.9,0.8124
2,2.1,E27,127,1735,1.9,3.935
2,2.1,E27,127,1735,2.9,41.22
2,2.1,E27,127,1735,3.9,104.3
2,2.1,E27,127,1735,4.9,188.7
2,2.1,E27,127,1735,5.9,242.2
2,2.1,E27,127,1735,6.9,287.9
2,2.1,E27,127,1735,8.2,313.2
2,2.1,E27,127,1735,8.9,328.2
2,2.1,E27,127,1735,9.9,335.3
2,2.1,E27,127,1735,10.9,341.7
2,2.1,E27,127,1735,12,344.4
2,2.1,E27,127,1735,12.9,345.4
2,2.1,E27,127,1735,14.1,346
2,2.1,E27,127,1735,14.9,347.5
2,2.1,E27,127,1735,15.9,348.8
2,2.1,E27,127,1735,16.9,350
2,2.1,E27,127,1735,20.9,352
2,2.1,E27,127,1735,22.9,353.2
2,2.1,E27,127,1735,24.9,353.3
2,2.1,E27,127,1735,27.9,354.3
2,2.1,E27,127,1735,29.9,354.5
2,2.1,E27,127,1735,31.9,354.5
2,2.1,E27,127,1735,34.9,355.6
2,2.1,E27,127,1735,36.9,356
2,2.1,E27,127,1735,39,357.3
2,2.1,E27,127,1735,41.9,359.3
2,2.1,E27,127,1735,43.9,359.6
2,2.1,E27,127,1735,45.9,360.1
2,2.1,E27,127,1735,48.9,360.6
2,2.1,E27,127,1735,50.9,360.3
2,2.1,E27,127,1735,52.9,360.8
2,2.1,R01,27,1492,0,0
2,2.1,R01,27,1492,0.1,-0.5537
2,2.1,R01,27,1492,0.2,-0.4938
2,2.1,R01,27,1492,0.3,-0.03011
2,2.1,R01,27,1492,0.4,0.6234
2,2.1,R01,27,1492,0.5,1.764
2,2.1,R01,27,1492,0.6,4.511
2,2.1,R01,27,1492,0.7,7.705
2,2.1,R01,27,1492,0.8,12.42
2,2.1,R01,27,1492,0.9,22.47
2,2.1,R01,27,1492,1,31.72
2,2.1,R01,27,1492,1.1,46.95
2,2.1,R01,27,1492,1.2,57.91
2,2.1,R01,27,1492,1.3,74.32
2,2.1,R01,27,1492,1.4,85.22
2,2.1,R01,27,1492,1.5,96.01
2,2.1,R01,27,1492,1.6,111.4
2,2.1,R01,27,1492,1.7,121.8
2,2.1,R01,27,1492,1.8,131.5
2,2.1,R01,27,1492,1.9,146.2
2,2.1,R01,27,1492,2,156.5
2,2.1,R01,27,1492,2.1,171.5
2,2.1,R01,27,1492,2.2,181.4
2,2.1,R01,27,1492,2.3,197
2,2.1,R01,27,1492,2.4,207.9
2,2.1,R01,27,1492,2.5,219.1
2,2.1,R01,27,1492,2.6,236.6
2,2.1,R01,27,1492,2.7,248.4
2,2.1,R01,27,1492,2.8,260.2
2,2.1,R01,27,1492,2.9,276.8
2,2.1,R01,27,1492,3,285.4
2,2.1,R01,27,1492,3.1,297.3
2,2.1,R01,27,1492,3.2,304
2,2.1,R01,27,1492,3.3,312.6
2,2.1,R01,27,1492,3.4,317.4
2,2.1,R01,27,1492,3.5,321.2
2,2.1,R01,27,1492,3.6,326.5
2,2.1,R01,27,1492,3.7,329.7
2,2.1,R01,27,1492,3.8,332.3
2,2.1,R01,27,1492,3.9,335.5
2,2.1,R01,27,1492,4,337.9
2,2.1,R01,27,1492,4.1,340.4
2,2.1,R01,27,1492,4.2,342
2,2.1,R01,27,1492,4.3,344.1
2,2.1,R01,27,1492,4.4,345.6
2,2.1,R01,27,1492,4.5,346.9
2,2.1,R01,27,1492,4.6,348.5
2,2.1,R01,27,1492,4.7,349.5
2,2.1,R01,27,1492,4.8,350.3
2,2.1,R01,27,1492,4.9,351.6
2,2.1,R01,27,1492,5,352.4
2,2.1,R01,27,1492,5.1,353.5
2,2.1,R01,27,1492,5.2,354.2
2,2.1,R01,27,1492,5.3,355
2,2.1,R01,27,1492,5.4,355.6
2,2.1,R01,27,1492,5.5,356.1
2,2.1,R01,27,1492,5.6,356.8
2,2.1,R01,27,1492,5.7,357.2
2,2.1,R01,27,1492,5.8,357.7
2,2.1,R01,27,1492,5.9,358.4
2,2.1,R01,27,1492,6,358.8
2,2.1,R01,27,1492,6.1,359.4
2,2.1,R01,27,1492,6.2,359.8
2,2.1,R01,27,1492,6.3,360.3
2,2.1,R01,27,1492,6.4,360.6
2,2.1,R01,27,1492,6.5,360.9
2,2.1,R01,27,1492,6.6,361.3
2,2.1,R01,27,1492,6.7,361.6
2,2.1,R01,27,1492,6.8,361.9
2,2.1,R01,27,1492,6.9,362.3
2,2.1,R01,27,1492,7,362.5
2,2.1,R01,27,1492,7.1,363
2,2.1,R01,27,1492,7.2,363.3
2,2.1,R01,27,1492,7.3,363.6
2,2.1,R01,27,1492,7.4,363.8
2,2.1,R01,27,1492,7.5,364.1
2,2.1,R01,27,1492,7.6,364.4
2,2.1,R01,27,1492,7.7,364.6
2,2.1,R01,27,1492,7.8,364.8
2,2.1,R01,27,1492,7.9,365.2
2,2.1,R01,27,1492,8,365.5
2,2.1,R01,27,1492,8.1,365.8
2,2.1,R01,27,1492,8.2,366
2,2.1,R01,27,1492,8.3,366.3
2,2.1,R01,27,1492,8.4,366.5
2,2.1,R01,27,1492,8.5,366.7
2,2.1,R01,27,1492,8.6,367
2,2.1,R01,27,1492,8.7,367.2
2,2.1,R01,27,1492,8.8,367.4
2,2.1,R01,27,1492,8.9,367.7
2,2.1,R01,27,1492,9,367.9
2,2.1,R01,27,1492,9.1,368.3
2,2.1,R01,27,1492,9.2,368.4
2,2.1,R01,27,1492,9.3,368.6
2,2.1,R01,27,1492,9.4,368.7
2,2.1,R01,27,1492,9.5,368.8
2,2.1,R01,27,1492,9.6,369.1
2,2.1,R01,27,1492,9.7,369.3
2,2.1,R01,27,1492,9.8,369.5
2,2.1,R01,27,1492,9.9,369.8
2,2.1,R01,27,1492,10,369.9
2,2.1,R01,27,1492,10.1,370
2,2.1,R01,27,1492,10.2,370.1
2,2.1,R01,27,1492,10.3,370.3
2,2.1,R01,27,1492,10.4,370.5
2,2.1,R01,27,1492,10.5,370.6
2,2.1,R01,27,1492,10.6,370.8
2,2.1,R01,27,1492,10.7,370.9
2,2.1,R01,27,1492,10.8,371
2,2.1,R01,27,1492,10.9,371.2
2,2.1,R01,27,1492,11,371.3
2,2.1,R01,27,1492,11.1,371.5
2,2.1,R01,27,1492,11.2,371.6
2,2.1,R01,27,1492,11.3,371.8
2,2.1,R01,27,1492,11.4,371.9
2,2.1,R01,27,1492,11.5,372
2,2.1,R01,27,1492,11.6,372.2
2,2.1,R01,27,1492,11.7,372.3
2,2.1,R01,27,1492,11.8,372.5
2,2.1,R01,27,1492,11.9,372.6
2,2.1,R01,27,1492,12,372.7
2,2.1,R01,27,1492,12.1,372.9
2,2.1,R01,27,1492,12.2,372.9
2,2.1,R01,27,1492,12.3,373.1
2,2.1,R01,27,1492,12.4,373.1
2,2.1,R01,27,1492,12.5,373.2
2,2.1,R01,27,1492,12.6,373.3
2,2.1,R01,27,1492,12.7,373.4
2,2.1,R01,27,1492,12.8,373.5
2,2.1,R01,27,1492,12.9,373.7
2,2.1,R01,27,1492,13,373.8
2,2.1,R01,27,1492,13.1,373.9
2,2.1,R01,27,1492,13.2,374
2,2.1,R01,27,1492,13.3,374.2
2,2.1,R01,27,1492,13.4,374.2
2,2.1,R01,27,1492,13.5,374.3
2,2.1,R01,27,1492,13.6,374.4
2,2.1,R01,27,1492,13.7,374.5
2,2.1,R01,27,1492,13.8,374.6
2,2.1,R01,27,1492,13.9,374.7
2,2.1,R01,27,1492,14,374.8
2,2.1,R01,27,1492,14.1,374.8
2,2.1,R01,27,1492,14.2,374.9
2,2.1,R01,27,1492,14.3,375
2,2.1,R01,27,1492,14.4,375.1
2,2.1,R01,27,1492,14.5,375.1
2,2.1,R01,27,1492,14.6,375.2
2,2.1,R01,27,1492,14.7,375.3
2,2.1,R01,27,1492,14.8,375.4
2,2.1,R01,27,1492,14.9,375.5
2,2.1,R01,27,1492,15,375.6
2,2.1,R01,27,1492,15.1,375.7
2,2.1,R01,27,1492,15.2,375.8
2,2.1,R01,27,1492,15.3,375.9
2,2.1,R01,27,1492,15.4,376
2,2.1,R01,27,1492,15.5,376.1
2,2.1,R01,27,1492,15.6,376.2
2,2.1,R01,27,1492,15.7,376.3
2,2.1,R01,27,1492,15.8,376.4
2,2.1,R01,27,1492,15.9,376.5
2,2.1,R01,27,1492,16,376.6
2,2.1,R01,27,1492,16.1,376.8
2,2.1,R01,27,1492,16.2,376.8
2,2.1,R01,27,1492,16.3,377
2,2.1,R01,27,1492,16.4,377
2,2.1,R01,27,1492,16.5,377.1
2,2.1,R01,27,1492,16.6,377.2
2,2.1,R01,27,1492,16.7,377.3
2,2.1,R01,27,1492,16.8,377.3
2,2.1,R01,27,1492,16.9,377.4
2,2.1,R01,27,1492,17,377.5
2,2.1,R01,27,1492,17.1,377.6
2,2.1,R01,27,1492,17.2,377.7
2,2.1,R01,27,1492,17.3,377.8
2,2.1,R01,27,1492,17.4,377.9
2,2.1,R01,27,1492,17.5,378
2,2.1,R01,27,1492,17.6,378.1
2,2.1,R01,27,1492,17.7,378.2
2,2.1,R01,27,1492,17.8,378.3
2,2.1,R01,27,1492,17.9,378.4
2,2.1,R01,27,1492,18,378.5
2,2.1,R01,27,1492,18.1,378.7
2,2.1,R01,27,1492,18.2,378.7
2,2.1,R01,27,1492,18.3,378.8
2,2.1,R01,27,1492,18.4,378.9
2,2.1,R01,27,1492,18.5,378.9
2,2.1,R01,27,1492,18.6,379
2,2.1,R01,27,1492,18.7,379.1
2,2.1,R01,27,1492,18.8,379.1
2,2.1,R01,27,1492,18.9,379.2
2,2.1,R01,27,1492,19,379.3
2,2.1,R01,27,1492,19.1,379.4
2,2.1,R01,27,1492,19.2,379.4
2,2.1,R01,27,1492,19.3,379.5
2,2.1,R01,27,1492,19.4,379.6
2,2.1,R01,27,1492,19.5,379.7
2,2.1,R01,27,1492,19.6,379.8
2,2.1,R01,27,1492,19.7,379.9
2,2.1,R01,27,1492,19.8,379.9
2,2.1,R01,27,1492,19.9,380
2,2.1,R01,27,1492,20,380.1
2,2.1,R01,27,1492,20.1,380.2
2,2.1,R01,27,1492,20.2,380.2
2,2.1,R01,27,1492,20.3,380.3
2,2.1,R01,27,1492,20.4,380.4
2,2.1,R01,27,1492,20.5,380.5
2,2.1,R01,27,1492,20.6,380.6
2,2.1,R01,27,1492,20.7,380.7
2,2.1,R01,27,1492,20.8,380.8
2,2.1,R01,27,1492,20.9,381
2,2.1,R01,27,1492,21,381.1
2,2.1,R01,27,1492,21.1,381.3
2,2.1,R01,27,1492,21.2,381.3
2,2.1,R01,27,1492,21.3,381.4
2,2.1,R01,27,1492,21.4,381.5
2,2.1,R01,27,1492,21.5,381.5
2,2.1,R01,27,1492,21.6,381.6
2,2.1,R01,27,1492,21.7,381.7
2,2.1,R01,27,1492,21.8,381.7
2,2.1,R01,27,1492,21.9,381.8
2,2.1,R01,27,1492,22,381.9
2,2.1,R01,27,1492,22.1,381.9
2,2.1,R01,27,1492,22.2,382
2,2.1,R01,27,1492,22.3,382.1
2,2.1,R01,27,1492,22.4,382.1
2,2.1,R01,27,1492,22.5,382.2
2,2.1,R01,27,1492,22.6,382.2
2,2.1,R01,27,1492,22.7,382.3
2,2.1,R01,27,1492,22.8,382.3
2,2.1,R01,27,1492,22.9,382.4
2,2.1,R01,27,1492,23,382.4
2,2.1,R01,27,1492,23.1,382.5
2,2.1,R01,27,1492,23.2,382.6
2,2.1,R01,27,1492,23.3,382.6
2,2.1,R01,27,1492,23.4,382.7
2,2.1,R01,27,1492,23.5,382.8
2,2.1,R01,27,1492,23.6,382.8
2,2.1,R01,27,1492,23.7,382.9
2,2.1,R01,27,1492,23.8,382.9
2,2.1,R01,27,1492,23.9,383
2,2.1,R01,27,1492,24,383.1
2,2.1,R01,27,1492,24.1,383.2
2,2.1,R01,27,1492,24.2,383.3
2,2.1,R01,27,1492,24.3,383.4
2,2.1,R01,27,1492,24.4,383.4
2,2.1,R01,27,1492,24.5,383.5
2,2.1,R01,27,1492,24.6,383.6
2,2.1,R01,27,1492,24.7,383.7
2,2.1,R01,27,1492,24.8,383.8
2,2.1,R01,27,1492,24.9,383.9
2,2.1,R01,27,1492,25,384
2,2.1,R01,27,1492,25.1,384.1
2,2.1,R01,27,1492,25.2,384.2
2,2.1,R01,27,1492,25.3,384.3
2,2.1,R01,27,1492,25.4,384.4
2,2.1,R01,27,1492,25.5,384.4
2,2.1,R01,27,1492,25.6,384.5
2,2.1,R01,27,1492,25.7,384.6
2,2.1,R01,27,1492,25.8,384.6
2,2.1,R01,27,1492,25.9,384.7
2,2.1,R01,27,1492,26,384.7
2,2.1,R01,27,1492,26.1,384.8
2,2.1,R01,27,1492,26.2,384.9
2,2.1,R01,27,1492,26.3,384.9
2,2.1,R01,27,1492,26.4,385
2,2.1,R01,27,1492,26.5,385
2,2.1,R01,27,1492,26.6,385.1
2,2.1,R01,27,1492,26.7,385.2
2,2.1,R01,27,1492,26.8,385.2
2,2.1,R01,27,1492,26.9,385.3
2,2.1,R01,27,1492,27,385.4
2,2.1,R01,27,1492,27.1,385.4
2,2.1,R01,27,1492,27.2,385.5
2,2.1,R01,27,1492,27.3,385.6
2,2.1,R01,27,1492,27.4,385.6
2,2.1,R01,27,1492,27.5,385.7
2,2.1,R01,27,1492,27.6,385.7
2,2.1,R01,27,1492,27.7,385.8
2,2.1,R01,27,1492,27.8,385.8
2,2.1,R01,27,1492,27.9,385.9
2,2.1,R01,27,1492,28,385.9
2,2.1,R01,27,1492,28.1,386
2,2.1,R01,27,1492,28.2,386
2,2.1,R01,27,1492,28.3,386.1
2,2.1,R01,27,1492,28.4,386.1
2,2.1,R01,27,1492,28.5,386.2
2,2.1,R01,27,1492,28.6,386.2
2,2.1,R01,27,1492,28.7,386.3
2,2.1,R01,27,1492,28.8,386.3
2,2.1,R01,27,1492,28.9,386.3
2,2.1,R01,27,1492,29,386.4
2,2.1,R01,27,1492,29.1,386.4
2,2.1,R01,27,1492,29.2,386.5
2,2.1,R01,27,1492,29.3,386.5
2,2.1,R01,27,1492,29.4,386.6
2,2.1,R01,27,1492,29.5,386.6
2,2.1,R01,27,1492,29.6,386.6
2,2.1,R01,27,1492,29.7,386.7
2,2.1,R01,27,1492,29.8,386.7
2,2.1,R01,27,1492,29.9,386.8
2,2.1,R01,27,1492,30,386.8
2,2.1,R01,27,1492,30.1,386.9
2,2.1,R01,27,1492,30.2,386.9
2,2.1,R01,27,1492,30.3,387
2,2.1,R01,27,1492,30.4,387
2,2.1,R01,27,1492,30.5,387.1
2,2.1,R01,27,1492,30.6,387.1
2,2.1,R01,27,1492,30.7,387.1
2,2.1,R01,27,1492,30.8,387.2
2,2.1,R01,27,1492,30.9,387.2
2,2.1,R01,27,1492,31,387.3
2,2.1,R01,27,1492,31.1,387.3
2,2.1,R01,27,1492,31.2,387.3
2,2.1,R01,27,1492,31.3,387.4
2,2.1,R01,27,1492,31.4,387.4
2,2.1,R01,27,1492,31.5,387.5
2,2.1,R01,27,1492,31.6,387.5
2,2.1,R01,27,1492,31.7,387.5
2,2.1,R01,27,1492,31.8,387.6
2,2.1,R01,27,1492,31.9,387.7
2,2.1,R01,27,1492,32,387.7
2,2.1,R01,27,1492,32.1,387.8
2,2.1,R01,27,1492,32.2,387.9
2,2.1,R01,27,1492,32.3,388
2,2.1,R01,27,1492,32.4,388
2,2.1,R01,27,1492,32.5,388.1
2,2.1,R01,27,1492,32.6,388.2
2,2.1,R01,27,1492,32.7,388.2
2,2.1,R01,27,1492,32.8,388.3
2,2.1,R01,27,1492,32.9,388.3
2,2.1,R01,27,1492,33,388.4
2,2.1,R01,27,1492,33.1,388.5
2,2.1,R01,27,1492,33.2,388.6
2,2.1,R01,27,1492,33.3,388.7
2,2.1,R01,27,1492,33.4,388.7
2,2.1,R01,27,1492,33.5,388.8
2,2.1,R01,27,1492,33.6,388.8
2,2.1,R01,27,1492,33.7,388.9
2,2.1,R01,27,1492,33.8,388.9
2,2.1,R01,27,1492,33.9,388.9
2,2.1,R01,27,1492,34,389
2,2.1,R01,27,1492,34.1,389
2,2.1,R01,27,1492,34.2,389.1
2,2.1,R01,27,1492,34.3,389.1
2,2.1,R01,27,1492,34.4,389.2
2,2.1,R01,27,1492,34.5,389.2
2,2.1,R01,27,1492,34.6,389.3
2,2.1,R01,27,1492,34.7,389.3
2,2.1,R01,27,1492,34.8,389.3
2,2.1,R01,27,1492,34.9,389.4
2,2.1,R01,27,1492,35,389.4
2,2.1,R01,27,1492,35.1,389.5
2,2.1,R01,27,1492,35.2,389.5
2,2.1,R01,27,1492,35.3,389.6
2,2.1,R01,27,1492,35.4,389.6
2,2.1,R01,27,1492,35.5,389.6
2,2.1,R01,27,1492,35.6,389.7
2,2.1,R01,27,1492,35.7,389.7
2,2.1,R01,27,1492,35.8,389.8
2,2.1,R01,27,1492,35.9,389.8
2,2.1,R01,27,1492,36,389.9
2,2.1,R01,27,1492,36.1,389.9
2,2.1,R01,27,1492,36.2,389.9
2,2.1,R01,27,1492,36.3,389.9
2,2.1,R01,27,1492,36.4,389.9
2,2.1,R01,27,1492,36.5,389.9
2,2.1,R01,27,1492,36.6,389.9
2,2.1,R01,27,1492,36.7,389.8
2,2.1,R01,27,1492,36.8,389.8
2,2.1,R01,27,1492,36.9,389.8
2,2.1,R01,27,1492,37,389.8
2,2.1,R01,27,1492,37.1,389.8
2,2.1,R01,27,1492,37.2,389.8
2,2.1,R01,27,1492,37.3,389.8
2,2.1,R01,27,1492,37.4,389.8
2,2.1,R01,27,1492,37.5,389.8
2,2.1,R01,27,1492,37.6,389.8
2,2.1,R01,27,1492,37.7,389.8
2,2.1,R01,27,1492,37.8,389.8
2,2.1,R01,27,1494,0,0
2,2.1,R01,27,1494,0.1,-0.8993
2,2.1,R01,27,1494,0.2,-0.8528
2,2.1,R01,27,1494,0.3,-0.5566
2,2.1,R01,27,1494,0.4,-0.1685
2,2.1,R01,27,1494,0.5,0.8075
2,2.1,R01,27,1494,0.6,2.959
2,2.1,R01,27,1494,0.7,5.313
2,2.1,R01,27,1494,0.8,9.203
2,2.1,R01,27,1494,0.9,17.55
2,2.1,R01,27,1494,1,25.77
2,2.1,R01,27,1494,1.1,40
2,2.1,R01,27,1494,1.2,50.18
2,2.1,R01,27,1494,1.3,65.92
2,2.1,R01,27,1494,1.4,76.83
2,2.1,R01,27,1494,1.5,86.99
2,2.1,R01,27,1494,1.6,102.5
2,2.1,R01,27,1494,1.7,113.2
2,2.1,R01,27,1494,1.8,123.3
2,2.1,R01,27,1494,1.9,138.7
2,2.1,R01,27,1494,2,148.7
2,2.1,R01,27,1494,2.1,164.4
2,2.1,R01,27,1494,2.2,175.1
2,2.1,R01,27,1494,2.3,191.5
2,2.1,R01,27,1494,2.4,202.2
2,2.1,R01,27,1494,2.5,213.9
2,2.1,R01,27,1494,2.6,231.6
2,2.1,R01,27,1494,2.7,242.8
2,2.1,R01,27,1494,2.8,254.2
2,2.1,R01,27,1494,2.9,268.5
2,2.1,R01,27,1494,3,276.6
2,2.1,R01,27,1494,3.1,286.9
2,2.1,R01,27,1494,3.2,292.9
2,2.1,R01,27,1494,3.3,300.8
2,2.1,R01,27,1494,3.4,305.6
2,2.1,R01,27,1494,3.5,310
2,2.1,R01,27,1494,3.6,315.8
2,2.1,R01,27,1494,3.7,319.3
2,2.1,R01,27,1494,3.8,322.6
2,2.1,R01,27,1494,3.9,326.7
2,2.1,R01,27,1494,4,329.3
2,2.1,R01,27,1494,4.1,332.6
2,2.1,R01,27,1494,4.2,334.7
2,2.1,R01,27,1494,4.3,337.5
2,2.1,R01,27,1494,4.4,339.3
2,2.1,R01,27,1494,4.5,341
2,2.1,R01,27,1494,4.6,343.2
2,2.1,R01,27,1494,4.7,344.7
2,2.1,R01,27,1494,4.8,346.1
2,2.1,R01,27,1494,4.9,348
2,2.1,R01,27,1494,5,349.2
2,2.1,R01,27,1494,5.1,350.8
2,2.1,R01,27,1494,5.2,351.9
2,2.1,R01,27,1494,5.3,353.2
2,2.1,R01,27,1494,5.4,354.1
2,2.1,R01,27,1494,5.5,355
2,2.1,R01,27,1494,5.6,356.2
2,2.1,R01,27,1494,5.7,356.9
2,2.1,R01,27,1494,5.8,357.5
2,2.1,R01,27,1494,5.9,358.5
2,2.1,R01,27,1494,6,359.2
2,2.1,R01,27,1494,6.1,360.1
2,2.1,R01,27,1494,6.2,360.7
2,2.1,R01,27,1494,6.3,361.4
2,2.1,R01,27,1494,6.4,361.9
2,2.1,R01,27,1494,6.5,362.4
2,2.1,R01,27,1494,6.6,363.1
2,2.1,R01,27,1494,6.7,363.5
2,2.1,R01,27,1494,6.8,363.9
2,2.1,R01,27,1494,6.9,364.6
2,2.1,R01,27,1494,7,365.1
2,2.1,R01,27,1494,7.1,365.8
2,2.1,R01,27,1494,7.2,366.1
2,2.1,R01,27,1494,7.3,366.6
2,2.1,R01,27,1494,7.4,366.9
2,2.1,R01,27,1494,7.5,367.3
2,2.1,R01,27,1494,7.6,367.8
2,2.1,R01,27,1494,7.7,368.1
2,2.1,R01,27,1494,7.8,368.5
2,2.1,R01,27,1494,7.9,369
2,2.1,R01,27,1494,8,369.4
2,2.1,R01,27,1494,8.1,369.9
2,2.1,R01,27,1494,8.2,370.2
2,2.1,R01,27,1494,8.3,370.6
2,2.1,R01,27,1494,8.4,370.8
2,2.1,R01,27,1494,8.5,371.1
2,2.1,R01,27,1494,8.6,371.5
2,2.1,R01,27,1494,8.7,371.8
2,2.1,R01,27,1494,8.8,372.1
2,2.1,R01,27,1494,8.9,372.5
2,2.1,R01,27,1494,9,372.8
2,2.1,R01,27,1494,9.1,373.3
2,2.1,R01,27,1494,9.2,373.5
2,2.1,R01,27,1494,9.3,373.8
2,2.1,R01,27,1494,9.4,374
2,2.1,R01,27,1494,9.5,374.3
2,2.1,R01,27,1494,9.6,374.6
2,2.1,R01,27,1494,9.7,374.9
2,2.1,R01,27,1494,9.8,375.1
2,2.1,R01,27,1494,9.9,375.4
2,2.1,R01,27,1494,10,375.6
2,2.1,R01,27,1494,10.1,375.8
2,2.1,R01,27,1494,10.2,376
2,2.1,R01,27,1494,10.3,376.3
2,2.1,R01,27,1494,10.4,376.4
2,2.1,R01,27,1494,10.5,376.6
2,2.1,R01,27,1494,10.6,376.9
2,2.1,R01,27,1494,10.7,377
2,2.1,R01,27,1494,10.8,377.2
2,2.1,R01,27,1494,10.9,377.5
2,2.1,R01,27,1494,11,377.6
2,2.1,R01,27,1494,11.1,377.9
2,2.1,R01,27,1494,11.2,378.1
2,2.1,R01,27,1494,11.3,378.3
2,2.1,R01,27,1494,11.4,378.4
2,2.1,R01,27,1494,11.5,378.6
2,2.1,R01,27,1494,11.6,378.8
2,2.1,R01,27,1494,11.7,379
2,2.1,R01,27,1494,11.8,379.1
2,2.1,R01,27,1494,11.9,379.4
2,2.1,R01,27,1494,12,379.6
2,2.1,R01,27,1494,12.1,379.8
2,2.1,R01,27,1494,12.2,380
2,2.1,R01,27,1494,12.3,380.2
2,2.1,R01,27,1494,12.4,380.3
2,2.1,R01,27,1494,12.5,380.4
2,2.1,R01,27,1494,12.6,380.6
2,2.1,R01,27,1494,12.7,380.7
2,2.1,R01,27,1494,12.8,380.8
2,2.1,R01,27,1494,12.9,381
2,2.1,R01,27,1494,13,381.2
2,2.1,R01,27,1494,13.1,381.4
2,2.1,R01,27,1494,13.2,381.5
2,2.1,R01,27,1494,13.3,381.7
2,2.1,R01,27,1494,13.4,381.8
2,2.1,R01,27,1494,13.5,381.9
2,2.1,R01,27,1494,13.6,382.1
2,2.1,R01,27,1494,13.7,382.2
2,2.1,R01,27,1494,13.8,382.3
2,2.1,R01,27,1494,13.9,382.5
2,2.1,R01,27,1494,14,382.6
2,2.1,R01,27,1494,14.1,382.8
2,2.1,R01,27,1494,14.2,382.9
2,2.1,R01,27,1494,14.3,383.1
2,2.1,R01,27,1494,14.4,383.2
2,2.1,R01,27,1494,14.5,383.3
2,2.1,R01,27,1494,14.6,383.5
2,2.1,R01,27,1494,14.7,383.6
2,2.1,R01,27,1494,14.8,383.8
2,2.1,R01,27,1494,14.9,384
2,2.1,R01,27,1494,15,384.1
2,2.1,R01,27,1494,15.1,384.3
2,2.1,R01,27,1494,15.2,384.5
2,2.1,R01,27,1494,15.3,384.6
2,2.1,R01,27,1494,15.4,384.7
2,2.1,R01,27,1494,15.5,384.8
2,2.1,R01,27,1494,15.6,384.9
2,2.1,R01,27,1494,15.7,385
2,2.1,R01,27,1494,15.8,385.1
2,2.1,R01,27,1494,15.9,385.3
2,2.1,R01,27,1494,16,385.4
2,2.1,R01,27,1494,16.1,385.5
2,2.1,R01,27,1494,16.2,385.6
2,2.1,R01,27,1494,16.3,385.8
2,2.1,R01,27,1494,16.4,385.9
2,2.1,R01,27,1494,16.5,386
2,2.1,R01,27,1494,16.6,386.1
2,2.1,R01,27,1494,16.7,386.2
2,2.1,R01,27,1494,16.8,386.3
2,2.1,R01,27,1494,16.9,386.4
2,2.1,R01,27,1494,17,386.5
2,2.1,R01,27,1494,17.1,386.7
2,2.1,R01,27,1494,17.2,386.8
2,2.1,R01,27,1494,17.3,386.9
2,2.1,R01,27,1494,17.4,387
2,2.1,R01,27,1494,17.5,387.1
2,2.1,R01,27,1494,17.6,387.3
2,2.1,R01,27,1494,17.7,387.4
2,2.1,R01,27,1494,17.8,387.5
2,2.1,R01,27,1494,17.9,387.7
2,2.1,R01,27,1494,18,387.8
2,2.1,R01,27,1494,18.1,387.9
2,2.1,R01,27,1494,18.2,388
2,2.1,R01,27,1494,18.3,388.2
2,2.1,R01,27,1494,18.4,388.3
2,2.1,R01,27,1494,18.5,388.4
2,2.1,R01,27,1494,18.6,388.6
2,2.1,R01,27,1494,18.7,388.7
2,2.1,R01,27,1494,18.8,388.8
2,2.1,R01,27,1494,18.9,389
2,2.1,R01,27,1494,19,389.1
2,2.1,R01,27,1494,19.1,389.2
2,2.1,R01,27,1494,19.2,389.3
2,2.1,R01,27,1494,19.3,389.5
2,2.1,R01,27,1494,19.4,389.6
2,2.1,R01,27,1494,19.5,389.7
2,2.1,R01,27,1494,19.6,389.9
2,2.1,R01,27,1494,19.7,390
2,2.1,R01,27,1494,19.8,390.2
2,2.1,R01,27,1494,19.9,390.3
2,2.1,R01,27,1494,20,390.4
2,2.1,R01,27,1494,20.1,390.6
2,2.1,R01,27,1494,20.2,390.7
2,2.1,R01,27,1494,20.3,390.9
2,2.1,R01,27,1494,20.4,391
2,2.1,R01,27,1494,20.5,391.1
2,2.1,R01,27,1494,20.6,391.3
2,2.1,R01,27,1494,20.7,391.4
2,2.1,R01,27,1494,20.8,391.5
2,2.1,R01,27,1494,20.9,391.8
2,2.1,R01,27,1494,21,391.9
2,2.1,R01,27,1494,21.1,392.1
2,2.1,R01,27,1494,21.2,392.2
2,2.1,R01,27,1494,21.3,392.4
2,2.1,R01,27,1494,21.4,392.5
2,2.1,R01,27,1494,21.5,392.6
2,2.1,R01,27,1494,21.6,392.8
2,2.1,R01,27,1494,21.7,392.9
2,2.1,R01,27,1494,21.8,393
2,2.1,R01,27,1494,21.9,393.2
2,2.1,R01,27,1494,22,393.3
2,2.1,R01,27,1494,22.1,393.4
2,2.1,R01,27,1494,22.2,393.5
2,2.1,R01,27,1494,22.3,393.7
2,2.1,R01,27,1494,22.4,393.7
2,2.1,R01,27,1494,22.5,393.8
2,2.1,R01,27,1494,22.6,394
2,2.1,R01,27,1494,22.7,394.1
2,2.1,R01,27,1494,22.8,394.2
2,2.1,R01,27,1494,22.9,394.3
2,2.1,R01,27,1494,23,394.4
2,2.1,R01,27,1494,23.1,394.6
2,2.1,R01,27,1494,23.2,394.6
2,2.1,R01,27,1494,23.3,394.7
2,2.1,R01,27,1494,23.4,394.8
2,2.1,R01,27,1494,23.5,394.9
2,2.1,R01,27,1494,23.6,395
2,2.1,R01,27,1494,23.7,395
2,2.1,R01,27,1494,23.8,395.1
2,2.1,R01,27,1494,23.9,395.2
2,2.1,R01,27,1494,24,395.3
2,2.1,R01,27,1494,24.1,395.4
2,2.1,R01,27,1494,24.2,395.5
2,2.1,R01,27,1494,24.3,395.6
2,2.1,R01,27,1494,24.4,395.7
2,2.1,R01,27,1494,24.5,395.8
2,2.1,R01,27,1494,24.6,395.9
2,2.1,R01,27,1494,24.7,396
2,2.1,R01,27,1494,24.8,396.1
2,2.1,R01,27,1494,24.9,396.3
2,2.1,R01,27,1494,25,396.4
2,2.1,R01,27,1494,25.1,396.5
2,2.1,R01,27,1494,25.2,396.7
2,2.1,R01,27,1494,25.3,396.8
2,2.1,R01,27,1494,25.4,396.9
2,2.1,R01,27,1494,25.5,397
2,2.1,R01,27,1494,25.6,397.2
2,2.1,R01,27,1494,25.7,397.3
2,2.1,R01,27,1494,25.8,397.4
2,2.1,R01,27,1494,25.9,397.6
2,2.1,R01,27,1494,26,397.7
2,2.1,R01,27,1494,26.1,397.8
2,2.1,R01,27,1494,26.2,398
2,2.1,R01,27,1494,26.3,398.1
2,2.1,R01,27,1494,26.4,398.2
2,2.1,R01,27,1494,26.5,398.3
2,2.1,R01,27,1494,26.6,398.5
2,2.1,R01,27,1494,26.7,398.6
2,2.1,R01,27,1494,26.8,398.7
2,2.1,R01,27,1494,26.9,398.9
2,2.1,R01,27,1494,27,398.9
2,2.1,R01,27,1494,27.1,399
2,2.1,R01,27,1494,27.2,399.1
2,2.1,R01,27,1494,27.3,399.1
2,2.1,R01,27,1494,27.4,399.2
2,2.1,R01,27,1494,27.5,399.2
2,2.1,R01,27,1494,27.6,399.3
2,2.1,R01,27,1494,27.7,399.4
2,2.1,R01,27,1494,27.8,399.4
2,2.1,R01,27,1494,27.9,399.5
2,2.1,R01,27,1494,28,399.6
2,2.1,R01,27,1494,28.1,399.6
2,2.1,R01,27,1494,28.2,399.7
2,2.1,R01,27,1494,28.3,399.8
2,2.1,R01,27,1494,28.4,399.8
2,2.1,R01,27,1494,28.5,399.9
2,2.1,R01,27,1494,28.6,400
2,2.1,R01,27,1494,28.7,400
2,2.1,R01,27,1494,28.8,400.1
2,2.1,R01,27,1494,28.9,400.1
2,2.1,R01,27,1494,29,400.2
2,2.1,R01,27,1494,29.1,400.3
2,2.1,R01,27,1494,29.2,400.3
2,2.1,R01,27,1494,29.3,400.4
2,2.1,R01,27,1494,29.4,400.5
2,2.1,R01,27,1494,29.5,400.5
2,2.1,R01,27,1494,29.6,400.6
2,2.1,R01,27,1494,29.7,400.7
2,2.1,R01,27,1494,29.8,400.7
2,2.1,R01,27,1494,29.9,400.8
2,2.1,R01,27,1494,30,400.8
2,2.1,R01,27,1494,30.1,400.9
2,2.1,R01,27,1494,30.2,401
2,2.1,R01,27,1494,30.3,401.1
2,2.1,R01,27,1494,30.4,401.1
2,2.1,R01,27,1494,30.5,401.2
2,2.1,R01,27,1494,30.6,401.2
2,2.1,R01,27,1494,30.7,401.3
2,2.1,R01,27,1494,30.8,401.4
2,2.1,R01,27,1494,30.9,401.5
2,2.1,R01,27,1494,31,401.6
2,2.1,R01,27,1494,31.1,401.7
2,2.1,R01,27,1494,31.2,401.8
2,2.1,R01,27,1494,31.3,402
2,2.1,R01,27,1494,31.4,402.1
2,2.1,R01,27,1494,31.5,402.1
2,2.1,R01,27,1494,31.6,402.3
2,2.1,R01,27,1494,31.7,402.4
2,2.1,R01,27,1494,31.8,402.5
2,2.1,R01,27,1494,31.9,402.6
2,2.1,R01,27,1494,32,402.7
2,2.1,R01,27,1494,32.1,402.7
2,2.1,R01,27,1494,32.2,402.8
2,2.1,R01,27,1494,32.3,402.8
2,2.1,R01,27,1494,32.4,402.8
2,2.1,R01,27,1494,32.5,402.8
2,2.1,R01,27,1494,32.6,402.9
2,2.1,R01,27,1494,32.7,402.9
2,2.1,R01,27,1494,32.8,402.9
2,2.1,R01,27,1494,32.9,402.9
2,2.1,R01,27,1494,33,403
2,2.1,R01,27,1494,33.1,403
2,2.1,R01,27,1494,33.2,403
2,2.1,R01,27,1494,33.3,403.1
2,2.1,R01,27,1494,33.4,403.2
2,2.1,R01,27,1494,33.5,403.2
2,2.1,R01,27,1494,33.6,403.3
2,2.1,R01,27,1494,33.7,403.3
2,2.1,R01,27,1494,33.8,403.3
2,2.1,R01,27,1494,33.9,403.4
2,2.1,R01,27,1494,34,403.5
2,2.1,R01,27,1494,34.1,403.5
2,2.1,R01,27,1494,34.2,403.6
2,2.1,R01,27,1494,34.3,403.6
2,2.1,R01,27,1494,34.4,403.7
2,2.1,R01,27,1494,34.5,403.7
2,2.1,R01,27,1494,34.6,403.9
2,2.1,R01,27,1494,34.7,404
2,2.1,R01,27,1494,34.8,404.1
2,2.1,R01,27,1494,34.9,404.3
2,2.1,R01,27,1494,35,404.4
2,2.1,R01,27,1494,35.1,404.6
2,2.1,R01,27,1494,35.2,404.7
2,2.1,R01,27,1494,35.3,404.9
2,2.1,R01,27,1494,35.4,405.1
2,2.1,R01,27,1494,35.5,405.2
2,2.1,R01,27,1494,35.6,405.4
2,2.1,R01,27,1494,35.7,405.5
2,2.1,R01,27,1494,35.8,405.6
2,2.1,R01,27,1494,35.9,405.7
2,2.1,R01,27,1494,36,405.8
2,2.1,R01,27,1494,36.1,405.9
2,2.1,R01,27,1494,36.2,406
2,2.1,R01,27,1494,36.3,406.1
2,2.1,R01,27,1494,36.4,406.2
2,2.1,R01,27,1494,36.5,406.3
2,2.1,R01,27,1494,36.6,406.4
2,2.1,R01,27,1494,36.7,406.5
2,2.1,R01,27,1494,36.8,406.6
2,2.1,R01,27,1494,36.9,406.7
2,2.1,R01,27,1494,37,406.8
2,2.1,R01,27,1494,37.1,407
2,2.1,R01,27,1494,37.2,407.1
2,2.1,R01,27,1494,37.3,407.2
2,2.1,R01,27,1494,37.4,407.3
2,2.1,R01,27,1494,37.5,407.4
2,2.1,R01,27,1494,37.6,407.5
2,2.1,R01,27,1494,37.7,407.6
2,2.1,R01,27,1494,37.8,407.6
2,2.1,R01,27,1495,0,0
2,2.1,R01,27,1495,0.1,4.624
2,2.1,R01,27,1495,0.2,10.79
2,2.1,R01,27,1495,0.3,21.24
2,2.1,R01,27,1495,0.4,29.2
2,2.1,R01,27,1495,0.5,42.4
2,2.1,R01,27,1495,0.6,68.03
2,2.1,R01,27,1495,0.7,78.41
2,2.1,R01,27,1495,0.8,87.93
2,2.1,R01,27,1495,0.9,101.2
2,2.1,R01,27,1495,1,110.4
2,2.1,R01,27,1495,1.1,124.9
2,2.1,R01,27,1495,1.2,134.8
2,2.1,R01,27,1495,1.3,151.3
2,2.1,R01,27,1495,1.4,161.9
2,2.1,R01,27,1495,1.5,171.6
2,2.1,R01,27,1495,1.6,186.6
2,2.1,R01,27,1495,1.7,196.6
2,2.1,R01,27,1495,1.8,207.2
2,2.1,R01,27,1495,1.9,223.4
2,2.1,R01,27,1495,2,234.2
2,2.1,R01,27,1495,2.1,251.8
2,2.1,R01,27,1495,2.2,263.7
2,2.1,R01,27,1495,2.3,282
2,2.1,R01,27,1495,2.4,294
2,2.1,R01,27,1495,2.5,304.7
2,2.1,R01,27,1495,2.6,313.6
2,2.1,R01,27,1495,2.7,319.7
2,2.1,R01,27,1495,2.8,326.8
2,2.1,R01,27,1495,2.9,336.9
2,2.1,R01,27,1495,3,342.1
2,2.1,R01,27,1495,3.1,346
2,2.1,R01,27,1495,3.2,348.3
2,2.1,R01,27,1495,3.3,351.6
2,2.1,R01,27,1495,3.4,353.7
2,2.1,R01,27,1495,3.5,355.9
2,2.1,R01,27,1495,3.6,358.8
2,2.1,R01,27,1495,3.7,360.7
2,2.1,R01,27,1495,3.8,362.5
2,2.1,R01,27,1495,3.9,364.3
2,2.1,R01,27,1495,4,365.5
2,2.1,R01,27,1495,4.1,367.2
2,2.1,R01,27,1495,4.2,368.1
2,2.1,R01,27,1495,4.3,369.7
2,2.1,R01,27,1495,4.4,370.7
2,2.1,R01,27,1495,4.5,371.6
2,2.1,R01,27,1495,4.6,373
2,2.1,R01,27,1495,4.7,373.9
2,2.1,R01,27,1495,4.8,374.6
2,2.1,R01,27,1495,4.9,375.8
2,2.1,R01,27,1495,5,376.7
2,2.1,R01,27,1495,5.1,377.9
2,2.1,R01,27,1495,5.2,378.6
2,2.1,R01,27,1495,5.3,379.7
2,2.1,R01,27,1495,5.4,380.4
2,2.1,R01,27,1495,5.5,381.1
2,2.1,R01,27,1495,5.6,382.1
2,2.1,R01,27,1495,5.7,382.7
2,2.1,R01,27,1495,5.8,383.2
2,2.1,R01,27,1495,5.9,384.2
2,2.1,R01,27,1495,6,384.8
2,2.1,R01,27,1495,6.1,385.6
2,2.1,R01,27,1495,6.2,386.1
2,2.1,R01,27,1495,6.3,386.9
2,2.1,R01,27,1495,6.4,387.4
2,2.1,R01,27,1495,6.5,387.9
2,2.1,R01,27,1495,6.6,388.5
2,2.1,R01,27,1495,6.7,388.9
2,2.1,R01,27,1495,6.8,389.3
2,2.1,R01,27,1495,6.9,390
2,2.1,R01,27,1495,7,390.5
2,2.1,R01,27,1495,7.1,391.2
2,2.1,R01,27,1495,7.2,391.6
2,2.1,R01,27,1495,7.3,392.2
2,2.1,R01,27,1495,7.4,392.6
2,2.1,R01,27,1495,7.5,392.9
2,2.1,R01,27,1495,7.6,393.5
2,2.1,R01,27,1495,7.7,393.8
2,2.1,R01,27,1495,7.8,394.2
2,2.1,R01,27,1495,7.9,394.7
2,2.1,R01,27,1495,8,395
2,2.1,R01,27,1495,8.1,395.6
2,2.1,R01,27,1495,8.2,395.9
2,2.1,R01,27,1495,8.3,396.3
2,2.1,R01,27,1495,8.4,396.6
2,2.1,R01,27,1495,8.5,396.9
2,2.1,R01,27,1495,8.6,397.3
2,2.1,R01,27,1495,8.7,397.5
2,2.1,R01,27,1495,8.8,397.7
2,2.1,R01,27,1495,8.9,398.2
2,2.1,R01,27,1495,9,398.5
2,2.1,R01,27,1495,9.1,398.9
2,2.1,R01,27,1495,9.2,399.1
2,2.1,R01,27,1495,9.3,399.4
2,2.1,R01,27,1495,9.4,399.7
2,2.1,R01,27,1495,9.5,399.9
2,2.1,R01,27,1495,9.6,400.2
2,2.1,R01,27,1495,9.7,400.4
2,2.1,R01,27,1495,9.8,400.7
2,2.1,R01,27,1495,9.9,401
2,2.1,R01,27,1495,10,401.1
2,2.1,R01,27,1495,10.1,401.3
2,2.1,R01,27,1495,10.2,401.5
2,2.1,R01,27,1495,10.3,401.8
2,2.1,R01,27,1495,10.4,402
2,2.1,R01,27,1495,10.5,402.2
2,2.1,R01,27,1495,10.6,402.6
2,2.1,R01,27,1495,10.7,402.8
2,2.1,R01,27,1495,10.8,403
2,2.1,R01,27,1495,10.9,403.4
2,2.1,R01,27,1495,11,403.6
2,2.1,R01,27,1495,11.1,404
2,2.1,R01,27,1495,11.2,404.2
2,2.1,R01,27,1495,11.3,404.5
2,2.1,R01,27,1495,11.4,404.7
2,2.1,R01,27,1495,11.5,404.9
2,2.1,R01,27,1495,11.6,405.1
2,2.1,R01,27,1495,11.7,405.3
2,2.1,R01,27,1495,11.8,405.5
2,2.1,R01,27,1495,11.9,405.8
2,2.1,R01,27,1495,12,406
2,2.1,R01,27,1495,12.1,406.3
2,2.1,R01,27,1495,12.2,406.4
2,2.1,R01,27,1495,12.3,406.6
2,2.1,R01,27,1495,12.4,406.7
2,2.1,R01,27,1495,12.5,406.8
2,2.1,R01,27,1495,12.6,407
2,2.1,R01,27,1495,12.7,407.1
2,2.1,R01,27,1495,12.8,407.2
2,2.1,R01,27,1495,12.9,407.4
2,2.1,R01,27,1495,13,407.6
2,2.1,R01,27,1495,13.1,407.8
2,2.1,R01,27,1495,13.2,407.9
2,2.1,R01,27,1495,13.3,408.1
2,2.1,R01,27,1495,13.4,408.3
2,2.1,R01,27,1495,13.5,408.4
2,2.1,R01,27,1495,13.6,408.6
2,2.1,R01,27,1495,13.7,408.7
2,2.1,R01,27,1495,13.8,408.8
2,2.1,R01,27,1495,13.9,409
2,2.1,R01,27,1495,14,409.1
2,2.1,R01,27,1495,14.1,409.2
2,2.1,R01,27,1495,14.2,409.3
2,2.1,R01,27,1495,14.3,409.4
2,2.1,R01,27,1495,14.4,409.5
2,2.1,R01,27,1495,14.5,409.6
2,2.1,R01,27,1495,14.6,409.7
2,2.1,R01,27,1495,14.7,409.8
2,2.1,R01,27,1495,14.8,409.9
2,2.1,R01,27,1495,14.9,410.1
2,2.1,R01,27,1495,15,410.2
2,2.1,R01,27,1495,15.1,410.4
2,2.1,R01,27,1495,15.2,410.6
2,2.1,R01,27,1495,15.3,410.8
2,2.1,R01,27,1495,15.4,410.9
2,2.1,R01,27,1495,15.5,411
2,2.1,R01,27,1495,15.6,411.2
2,2.1,R01,27,1495,15.7,411.3
2,2.1,R01,27,1495,15.8,411.4
2,2.1,R01,27,1495,15.9,411.5
2,2.1,R01,27,1495,16,411.6
2,2.1,R01,27,1495,16.1,411.8
2,2.1,R01,27,1495,16.2,411.9
2,2.1,R01,27,1495,16.3,412
2,2.1,R01,27,1495,16.4,412
2,2.1,R01,27,1495,16.5,412.1
2,2.1,R01,27,1495,16.6,412.2
2,2.1,R01,27,1495,16.7,412.2
2,2.1,R01,27,1495,16.8,412.3
2,2.1,R01,27,1495,16.9,412.3
2,2.1,R01,27,1495,17,412.4
2,2.1,R01,27,1495,17.1,412.5
2,2.1,R01,27,1495,17.2,412.5
2,2.1,R01,27,1495,17.3,412.6
2,2.1,R01,27,1495,17.4,412.7
2,2.1,R01,27,1495,17.5,412.7
2,2.1,R01,27,1495,17.6,412.8
2,2.1,R01,27,1495,17.7,412.8
2,2.1,R01,27,1495,17.8,412.9
2,2.1,R01,27,1495,17.9,413
2,2.1,R01,27,1495,18,413
2,2.1,R01,27,1495,18.1,413.1
2,2.1,R01,27,1495,18.2,413.2
2,2.1,R01,27,1495,18.3,413.3
2,2.1,R01,27,1495,18.4,413.3
2,2.1,R01,27,1495,18.5,413.4
2,2.1,R01,27,1495,18.6,413.5
2,2.1,R01,27,1495,18.7,413.5
2,2.1,R01,27,1495,18.8,413.6
2,2.1,R01,27,1495,18.9,413.6
2,2.1,R01,27,1495,19,413.7
2,2.1,R01,27,1495,19.1,413.8
2,2.1,R01,27,1495,19.2,413.8
2,2.1,R01,27,1495,19.3,413.9
2,2.1,R01,27,1495,19.4,413.9
2,2.1,R01,27,1495,19.5,414
2,2.1,R01,27,1495,19.6,414.1
2,2.1,R01,27,1495,19.7,414.1
2,2.1,R01,27,1495,19.8,414.2
2,2.1,R01,27,1495,19.9,414.2
2,2.1,R01,27,1495,20,414.3
2,2.1,R01,27,1495,20.1,414.4
2,2.1,R01,27,1495,20.2,414.4
2,2.1,R01,27,1495,20.3,414.5
2,2.1,R01,27,1495,20.4,414.5
2,2.1,R01,27,1495,20.5,414.6
2,2.1,R01,27,1495,20.6,414.6
2,2.1,R01,27,1495,20.7,414.7
2,2.1,R01,27,1495,20.8,414.7
2,2.1,R01,27,1495,20.9,414.8
2,2.1,R01,27,1495,21,414.9
2,2.1,R01,27,1495,21.1,414.9
2,2.1,R01,27,1495,21.2,415
2,2.1,R01,27,1495,21.3,415
2,2.1,R01,27,1495,21.4,415
2,2.1,R01,27,1495,21.5,415.1
2,2.1,R01,27,1495,21.6,415.1
2,2.1,R01,27,1495,21.7,415.2
2,2.1,R01,27,1495,21.8,415.2
2,2.1,R01,27,1495,21.9,415.2
2,2.1,R01,27,1495,22,415.3
2,2.1,R01,27,1495,22.1,415.3
2,2.1,R01,27,1495,22.2,415.3
2,2.1,R01,27,1495,22.3,415.4
2,2.1,R01,27,1495,22.4,415.4
2,2.1,R01,27,1495,22.5,415.4
2,2.1,R01,27,1495,22.6,415.5
2,2.1,R01,27,1495,22.7,415.5
2,2.1,R01,27,1495,22.8,415.6
2,2.1,R01,27,1495,22.9,415.6
2,2.1,R01,27,1495,23,415.6
2,2.1,R01,27,1495,23.1,415.6
2,2.1,R01,27,1495,23.2,415.6
2,2.1,R01,27,1495,23.3,415.7
2,2.1,R01,27,1495,23.4,415.7
2,2.1,R01,27,1495,23.5,415.7
2,2.1,R01,27,1495,23.6,415.8
2,2.1,R01,27,1495,23.7,415.8
2,2.1,R01,27,1495,23.8,415.8
2,2.1,R01,27,1495,23.9,415.8
2,2.1,R01,27,1495,24,415.9
2,2.1,R01,27,1495,24.1,415.9
2,2.1,R01,27,1495,24.2,415.9
2,2.1,R01,27,1495,24.3,416
2,2.1,R01,27,1495,24.4,416
2,2.1,R01,27,1495,24.5,416
2,2.1,R01,27,1495,24.6,416.1
2,2.1,R01,27,1495,24.7,416.1
2,2.1,R01,27,1495,24.8,416.1
2,2.1,R01,27,1495,24.9,416.2
2,2.1,R01,27,1495,25,416.2
2,2.1,R01,27,1495,25.1,416.2
2,2.1,R01,27,1495,25.2,416.3
2,2.1,R01,27,1495,25.3,416.3
2,2.1,R01,27,1495,25.4,416.3
2,2.1,R01,27,1495,25.5,416.3
2,2.1,R01,27,1495,25.6,416.3
2,2.1,R01,27,1495,25.7,416.3
2,2.1,R01,27,1495,25.8,416.4
2,2.1,R01,27,1495,25.9,416.4
2,2.1,R01,27,1495,26,416.4
2,2.1,R01,27,1495,26.1,416.4
2,2.1,R01,27,1495,26.2,416.4
2,2.1,R01,27,1495,26.3,416.4
2,2.1,R01,27,1495,26.4,416.5
2,2.1,R01,27,1495,26.5,416.5
2,2.1,R01,27,1495,26.6,416.5
2,2.1,R01,27,1495,26.7,416.5
2,2.1,R01,27,1495,26.8,416.5
2,2.1,R01,27,1495,26.9,416.6
2,2.1,R01,27,1495,27,416.6
2,2.1,R01,27,1495,27.1,416.6
2,2.1,R01,27,1495,27.2,416.6
2,2.1,R01,27,1495,27.3,416.6
2,2.1,R01,27,1495,27.4,416.6
2,2.1,R01,27,1495,27.5,416.7
2,2.1,R01,27,1495,27.6,416.7
2,2.1,R01,27,1495,27.7,416.7
2,2.1,R01,27,1495,27.8,416.7
2,2.1,R01,27,1495,27.9,416.7
2,2.1,R01,27,1495,28,416.7
2,2.1,R01,27,1495,28.1,416.8
2,2.1,R01,27,1495,28.2,416.8
2,2.1,R01,27,1495,28.3,416.8
2,2.1,R01,27,1495,28.4,416.8
2,2.1,R01,27,1495,28.5,416.8
2,2.1,R01,27,1495,28.6,416.8
2,2.1,R01,27,1495,28.7,416.9
2,2.1,R01,27,1495,28.8,416.9
2,2.1,R01,27,1495,28.9,416.9
2,2.1,R01,27,1495,29,416.9
2,2.1,R01,27,1495,29.1,416.9
2,2.1,R01,27,1495,29.2,417
2,2.1,R01,27,1495,29.3,417
2,2.1,R01,27,1495,29.4,417
2,2.1,R01,27,1495,29.5,417
2,2.1,R01,27,1495,29.6,417
2,2.1,R01,27,1495,29.7,417.1
2,2.1,R01,27,1495,29.8,417.1
2,2.1,R01,27,1495,29.9,417.1
2,2.1,R01,27,1495,30,417.1
2,2.1,R01,27,1495,30.1,417.1
2,2.1,R01,27,1495,30.2,417.1
2,2.1,R01,27,1495,30.3,417.2
2,2.1,R01,27,1495,30.4,417.2
2,2.1,R01,27,1495,30.5,417.2
2,2.1,R01,27,1495,30.6,417.2
2,2.1,R01,27,1495,30.7,417.2
2,2.1,R01,27,1495,30.8,417.3
2,2.1,R01,27,1495,30.9,417.3
2,2.1,R01,27,1495,31,417.3
2,2.1,R01,27,1495,31.1,417.3
2,2.1,R01,27,1495,31.2,417.3
2,2.1,R01,27,1495,31.3,417.3
2,2.1,R01,27,1495,31.4,417.3
2,2.1,R01,27,1495,31.5,417.3
2,2.1,R01,27,1495,31.6,417.4
2,2.1,R01,27,1495,31.7,417.4
2,2.1,R01,27,1495,31.8,417.4
2,2.1,R01,27,1495,31.9,417.4
2,2.1,R01,27,1495,32,417.4
2,2.1,R01,27,1495,32.1,417.4
2,2.1,R01,27,1495,32.2,417.4
2,2.1,R01,27,1495,32.3,417.4
2,2.1,R01,27,1495,32.4,417.4
2,2.1,R01,27,1495,32.5,417.3
2,2.1,R01,27,1495,32.6,417.3
2,2.1,R01,27,1495,32.7,417.3
2,2.1,R01,27,1495,32.8,417.3
2,2.1,R01,27,1495,32.9,417.3
2,2.1,R01,27,1495,33,417.3
2,2.1,R01,27,1495,33.1,417.3
2,2.1,R01,27,1495,33.2,417.3
2,2.1,R01,27,1495,33.3,417.3
2,2.1,R01,27,1495,33.4,417.3
2,2.1,R01,27,1495,33.5,417.3
2,2.1,R01,27,1495,33.6,417.3
2,2.1,R01,27,1495,33.7,417.3
2,2.1,R01,27,1495,33.8,417.4
2,2.1,R01,27,1495,33.9,417.4
2,2.1,R01,27,1495,34,417.4
2,2.1,R01,27,1495,34.1,417.4
2,2.1,R01,27,1495,34.2,417.4
2,2.1,R01,27,1495,34.3,417.4
2,2.1,R01,27,1495,34.4,417.4
2,2.1,R01,27,1495,34.5,417.5
2,2.1,R01,27,1495,34.6,417.5
2,2.1,R01,27,1495,34.7,417.5
2,2.1,R01,27,1495,34.8,417.5
2,2.1,R01,27,1495,34.9,417.5
2,2.1,R01,27,1495,35,417.5
2,2.1,R01,27,1495,35.1,417.5
2,2.1,R01,27,1495,35.2,417.5
2,2.1,R01,27,1495,35.3,417.6
2,2.1,R01,27,1495,35.4,417.6
2,2.1,R01,27,1495,35.5,417.6
2,2.1,R01,27,1495,35.6,417.6
2,2.1,R01,27,1495,35.7,417.6
2,2.1,R01,27,1495,35.8,417.6
2,2.1,R01,27,1495,35.9,417.6
2,2.1,R01,27,1495,36,417.7
2,2.1,R01,27,1495,36.1,417.7
2,2.1,R01,27,1495,36.2,417.7
2,2.1,R01,27,1495,36.3,417.8
2,2.1,R01,27,1495,36.4,417.8
2,2.1,R01,27,1495,36.5,417.9
2,2.1,R01,27,1495,36.6,417.9
2,2.1,R01,27,1495,36.7,417.9
2,2.1,R01,27,1495,36.8,418
2,2.1,R01,27,1495,36.9,418
2,2.1,R01,27,1495,37,418
2,2.1,R01,27,1495,37.1,418
2,2.1,R01,27,1495,37.2,418
2,2.1,R01,27,1495,37.3,418
2,2.1,R01,27,1495,37.4,418
2,2.1,R01,27,1495,37.5,418
2,2.1,R01,27,1495,37.6,418
2,2.1,R01,27,1495,37.7,418
2,2.1,R01,27,1495,37.8,418
2,2.1,R01,27,1496,0,0
2,2.1,R01,27,1496,0.1,5.662
2,2.1,R01,27,1496,0.2,13.07
2,2.1,R01,27,1496,0.3,26.12
2,2.1,R01,27,1496,0.4,36.18
2,2.1,R01,27,1496,0.5,48.64
2,2.1,R01,27,1496,0.6,64.68
2,2.1,R01,27,1496,0.7,73.73
2,2.1,R01,27,1496,0.8,83.25
2,2.1,R01,27,1496,0.9,95.55
2,2.1,R01,27,1496,1,103.9
2,2.1,R01,27,1496,1.1,115
2,2.1,R01,27,1496,1.2,122.2
2,2.1,R01,27,1496,1.3,132.8
2,2.1,R01,27,1496,1.4,140
2,2.1,R01,27,1496,1.5,147.4
2,2.1,R01,27,1496,1.6,159.1
2,2.1,R01,27,1496,1.7,167.3
2,2.1,R01,27,1496,1.8,175.4
2,2.1,R01,27,1496,1.9,188.2
2,2.1,R01,27,1496,2,197
2,2.1,R01,27,1496,2.1,210.7
2,2.1,R01,27,1496,2.2,219.6
2,2.1,R01,27,1496,2.3,233.2
2,2.1,R01,27,1496,2.4,242.2
2,2.1,R01,27,1496,2.5,251.3
2,2.1,R01,27,1496,2.6,264
2,2.1,R01,27,1496,2.7,272.6
2,2.1,R01,27,1496,2.8,280.6
2,2.1,R01,27,1496,2.9,290.1
2,2.1,R01,27,1496,3,293.8
2,2.1,R01,27,1496,3.1,296
2,2.1,R01,27,1496,3.2,297.1
2,2.1,R01,27,1496,3.3,298.7
2,2.1,R01,27,1496,3.4,299.9
2,2.1,R01,27,1496,3.5,301.1
2,2.1,R01,27,1496,3.6,302.7
2,2.1,R01,27,1496,3.7,303.9
2,2.1,R01,27,1496,3.8,304.9
2,2.1,R01,27,1496,3.9,306.6
2,2.1,R01,27,1496,4,307.6
2,2.1,R01,27,1496,4.1,309.1
2,2.1,R01,27,1496,4.2,310.1
2,2.1,R01,27,1496,4.3,311.7
2,2.1,R01,27,1496,4.4,312.8
2,2.1,R01,27,1496,4.5,313.9
2,2.1,R01,27,1496,4.6,315.4
2,2.1,R01,27,1496,4.7,316.3
2,2.1,R01,27,1496,4.8,317.4
2,2.1,R01,27,1496,4.9,319
2,2.1,R01,27,1496,5,319.9
2,2.1,R01,27,1496,5.1,321.3
2,2.1,R01,27,1496,5.2,322.3
2,2.1,R01,27,1496,5.3,323.7
2,2.1,R01,27,1496,5.4,324.6
2,2.1,R01,27,1496,5.5,325.7
2,2.1,R01,27,1496,5.6,327.4
2,2.1,R01,27,1496,5.7,328.2
2,2.1,R01,27,1496,5.8,329.1
2,2.1,R01,27,1496,5.9,330.5
2,2.1,R01,27,1496,6,331.4
2,2.1,R01,27,1496,6.1,332.8
2,2.1,R01,27,1496,6.2,333.7
2,2.1,R01,27,1496,6.3,335
2,2.1,R01,27,1496,6.4,335.8
2,2.1,R01,27,1496,6.5,336.7
2,2.1,R01,27,1496,6.6,338.2
2,2.1,R01,27,1496,6.7,339
2,2.1,R01,27,1496,6.8,339.9
2,2.1,R01,27,1496,6.9,341.6
2,2.1,R01,27,1496,7,342.8
2,2.1,R01,27,1496,7.1,344.6
2,2.1,R01,27,1496,7.2,345.8
2,2.1,R01,27,1496,7.3,347.8
2,2.1,R01,27,1496,7.4,349.1
2,2.1,R01,27,1496,7.5,350.5
2,2.1,R01,27,1496,7.6,352.7
2,2.1,R01,27,1496,7.7,354.5
2,2.1,R01,27,1496,7.8,356.3
2,2.1,R01,27,1496,7.9,359
2,2.1,R01,27,1496,8,361.1
2,2.1,R01,27,1496,8.1,363.8
2,2.1,R01,27,1496,8.2,365.4
2,2.1,R01,27,1496,8.3,367.8
2,2.1,R01,27,1496,8.4,369.4
2,2.1,R01,27,1496,8.5,371.1
2,2.1,R01,27,1496,8.6,373.9
2,2.1,R01,27,1496,8.7,375.9
2,2.1,R01,27,1496,8.8,378.1
2,2.1,R01,27,1496,8.9,381.8
2,2.1,R01,27,1496,9,384.5
2,2.1,R01,27,1496,9.1,389
2,2.1,R01,27,1496,9.2,392.3
2,2.1,R01,27,1496,9.3,397.7
2,2.1,R01,27,1496,9.4,401.8
2,2.1,R01,27,1496,9.5,405.9
2,2.1,R01,27,1496,9.6,411.9
2,2.1,R01,27,1496,9.7,416
2,2.1,R01,27,1496,9.8,419.7
2,2.1,R01,27,1496,9.9,424.3
2,2.1,R01,27,1496,10,427.1
2,2.1,R01,27,1496,10.1,431.4
2,2.1,R01,27,1496,10.2,434.4
2,2.1,R01,27,1496,10.3,439
2,2.1,R01,27,1496,10.4,441.7
2,2.1,R01,27,1496,10.5,444.5
2,2.1,R01,27,1496,10.6,449.4
2,2.1,R01,27,1496,10.7,452.8
2,2.1,R01,27,1496,10.8,456.8
2,2.1,R01,27,1496,10.9,462.8
2,2.1,R01,27,1496,11,464.8
2,2.1,R01,27,1496,11.1,466.3
2,2.1,R01,27,1496,11.2,466.9
2,2.1,R01,27,1496,11.3,468
2,2.1,R01,27,1496,11.4,468.7
2,2.1,R01,27,1496,11.5,469.4
2,2.1,R01,27,1496,11.6,470.5
2,2.1,R01,27,1496,11.7,471.2
2,2.1,R01,27,1496,11.8,471.9
2,2.1,R01,27,1496,11.9,472.6
2,2.1,R01,27,1496,12,473
2,2.1,R01,27,1496,12.1,473.7
2,2.1,R01,27,1496,12.2,474.1
2,2.1,R01,27,1496,12.3,474.6
2,2.1,R01,27,1496,12.4,475
2,2.1,R01,27,1496,12.5,475.4
2,2.1,R01,27,1496,12.6,475.9
2,2.1,R01,27,1496,12.7,476.3
2,2.1,R01,27,1496,12.8,476.6
2,2.1,R01,27,1496,12.9,477.3
2,2.1,R01,27,1496,13,477.7
2,2.1,R01,27,1496,13.1,478.3
2,2.1,R01,27,1496,13.2,478.7
2,2.1,R01,27,1496,13.3,479.2
2,2.1,R01,27,1496,13.4,479.6
2,2.1,R01,27,1496,13.5,479.9
2,2.1,R01,27,1496,13.6,480.4
2,2.1,R01,27,1496,13.7,480.7
2,2.1,R01,27,1496,13.8,481
2,2.1,R01,27,1496,13.9,481.7
2,2.1,R01,27,1496,14,482.1
2,2.1,R01,27,1496,14.1,482.6
2,2.1,R01,27,1496,14.2,483
2,2.1,R01,27,1496,14.3,483.4
2,2.1,R01,27,1496,14.4,483.7
2,2.1,R01,27,1496,14.5,484
2,2.1,R01,27,1496,14.6,484.3
2,2.1,R01,27,1496,14.7,484.6
2,2.1,R01,27,1496,14.8,484.8
2,2.1,R01,27,1496,14.9,485
2,2.1,R01,27,1496,15,485.1
2,2.1,R01,27,1496,15.1,485.3
2,2.1,R01,27,1496,15.2,485.4
2,2.1,R01,27,1496,15.3,485.6
2,2.1,R01,27,1496,15.4,485.8
2,2.1,R01,27,1496,15.5,485.9
2,2.1,R01,27,1496,15.6,486.1
2,2.1,R01,27,1496,15.7,486.2
2,2.1,R01,27,1496,15.8,486.3
2,2.1,R01,27,1496,15.9,486.5
2,2.1,R01,27,1496,16,486.6
2,2.1,R01,27,1496,16.1,486.8
2,2.1,R01,27,1496,16.2,486.9
2,2.1,R01,27,1496,16.3,487.1
2,2.1,R01,27,1496,16.4,487.2
2,2.1,R01,27,1496,16.5,487.3
2,2.1,R01,27,1496,16.6,487.4
2,2.1,R01,27,1496,16.7,487.5
2,2.1,R01,27,1496,16.8,487.6
2,2.1,R01,27,1496,16.9,487.7
2,2.1,R01,27,1496,17,487.8
2,2.1,R01,27,1496,17.1,487.9
2,2.1,R01,27,1496,17.2,488
2,2.1,R01,27,1496,17.3,488.1
2,2.1,R01,27,1496,17.4,488.2
2,2.1,R01,27,1496,17.5,488.3
2,2.1,R01,27,1496,17.6,488.4
2,2.1,R01,27,1496,17.7,488.5
2,2.1,R01,27,1496,17.8,488.5
2,2.1,R01,27,1496,17.9,488.7
2,2.1,R01,27,1496,18,488.7
2,2.1,R01,27,1496,18.1,488.8
2,2.1,R01,27,1496,18.2,488.9
2,2.1,R01,27,1496,18.3,489
2,2.1,R01,27,1496,18.4,489
2,2.1,R01,27,1496,18.5,489.1
2,2.1,R01,27,1496,18.6,489.2
2,2.1,R01,27,1496,18.7,489.2
2,2.1,R01,27,1496,18.8,489.3
2,2.1,R01,27,1496,18.9,489.4
2,2.1,R01,27,1496,19,489.5
2,2.1,R01,27,1496,19.1,489.5
2,2.1,R01,27,1496,19.2,489.6
2,2.1,R01,27,1496,19.3,489.7
2,2.1,R01,27,1496,19.4,489.7
2,2.1,R01,27,1496,19.5,489.8
2,2.1,R01,27,1496,19.6,489.8
2,2.1,R01,27,1496,19.7,489.9
2,2.1,R01,27,1496,19.8,489.9
2,2.1,R01,27,1496,19.9,490
2,2.1,R01,27,1496,20,490
2,2.1,R01,27,1496,20.1,490.1
2,2.1,R01,27,1496,20.2,490.1
2,2.1,R01,27,1496,20.3,490.2
2,2.1,R01,27,1496,20.4,490.2
2,2.1,R01,27,1496,20.5,490.2
2,2.1,R01,27,1496,20.6,490.2
2,2.1,R01,27,1496,20.7,490.3
2,2.1,R01,27,1496,20.8,490.3
2,2.1,R01,27,1496,20.9,490.3
2,2.1,R01,27,1496,21,490.4
2,2.1,R01,27,1496,21.1,490.4
2,2.1,R01,27,1496,21.2,490.5
2,2.1,R01,27,1496,21.3,490.6
2,2.1,R01,27,1496,21.4,490.6
2,2.1,R01,27,1496,21.5,490.7
2,2.1,R01,27,1496,21.6,490.7
2,2.1,R01,27,1496,21.7,490.8
2,2.1,R01,27,1496,21.8,490.8
2,2.1,R01,27,1496,21.9,490.8
2,2.1,R01,27,1496,22,490.8
2,2.1,R01,27,1496,22.1,490.8
2,2.1,R01,27,1496,22.2,490.8
2,2.1,R01,27,1496,22.3,490.8
2,2.1,R01,27,1496,22.4,490.8
2,2.1,R01,27,1496,22.5,490.8
2,2.1,R01,27,1496,22.6,490.8
2,2.1,R01,27,1496,22.7,490.8
2,2.1,R01,27,1496,22.8,490.8
2,2.1,R01,27,1496,22.9,490.9
2,2.1,R01,27,1496,23,490.9
2,2.1,R01,27,1496,23.1,490.9
2,2.1,R01,27,1496,23.2,491
2,2.1,R01,27,1496,23.3,491
2,2.1,R01,27,1496,23.4,491
2,2.1,R01,27,1496,23.5,491.1
2,2.1,R01,27,1496,23.6,491.1
2,2.1,R01,27,1496,23.7,491.1
2,2.1,R01,27,1496,23.8,491.1
2,2.1,R01,27,1496,23.9,491.2
2,2.1,R01,27,1496,24,491.2
2,2.1,R01,27,1496,24.1,491.3
2,2.1,R01,27,1496,24.2,491.3
2,2.1,R01,27,1496,24.3,491.3
2,2.1,R01,27,1496,24.4,491.4
2,2.1,R01,27,1496,24.5,491.4
2,2.1,R01,27,1496,24.6,491.5
2,2.1,R01,27,1496,24.7,491.5
2,2.1,R01,27,1496,24.8,491.5
2,2.1,R01,27,1496,24.9,491.6
2,2.1,R01,27,1496,25,491.6
2,2.1,R01,27,1496,25.1,491.7
2,2.1,R01,27,1496,25.2,491.7
2,2.1,R01,27,1496,25.3,491.8
2,2.1,R01,27,1496,25.4,491.8
2,2.1,R01,27,1496,25.5,491.8
2,2.1,R01,27,1496,25.6,491.9
2,2.1,R01,27,1496,25.7,491.9
2,2.1,R01,27,1496,25.8,492
2,2.1,R01,27,1496,25.9,492
2,2.1,R01,27,1496,26,492.1
2,2.1,R01,27,1496,26.1,492.1
2,2.1,R01,27,1496,26.2,492.2
2,2.1,R01,27,1496,26.3,492.2
2,2.1,R01,27,1496,26.4,492.2
2,2.1,R01,27,1496,26.5,492.2
2,2.1,R01,27,1496,26.6,492.3
2,2.1,R01,27,1496,26.7,492.3
2,2.1,R01,27,1496,26.8,492.3
2,2.1,R01,27,1496,26.9,492.4
2,2.1,R01,27,1496,27,492.4
2,2.1,R01,27,1496,27.1,492.4
2,2.1,R01,27,1496,27.2,492.4
2,2.1,R01,27,1496,27.3,492.5
2,2.1,R01,27,1496,27.4,492.5
2,2.1,R01,27,1496,27.5,492.5
2,2.1,R01,27,1496,27.6,492.5
2,2.1,R01,27,1496,27.7,492.6
2,2.1,R01,27,1496,27.8,492.6
2,2.1,R01,27,1496,27.9,492.6
2,2.1,R01,27,1496,28,492.6
2,2.1,R01,27,1496,28.1,492.7
2,2.1,R01,27,1496,28.2,492.7
2,2.1,R01,27,1496,28.3,492.7
2,2.1,R01,27,1496,28.4,492.7
2,2.1,R01,27,1496,28.5,492.8
2,2.1,R01,27,1496,28.6,492.8
2,2.1,R01,27,1496,28.7,492.8
2,2.1,R01,27,1496,28.8,492.8
2,2.1,R01,27,1496,28.9,492.9
2,2.1,R01,27,1496,29,492.9
2,2.1,R01,27,1496,29.1,492.9
2,2.1,R01,27,1496,29.2,492.9
2,2.1,R01,27,1496,29.3,493
2,2.1,R01,27,1496,29.4,493
2,2.1,R01,27,1496,29.5,493.1
2,2.1,R01,27,1496,29.6,493.2
2,2.1,R01,27,1496,29.7,493.2
2,2.1,R01,27,1496,29.8,493.2
2,2.1,R01,27,1496,29.9,493.3
2,2.1,R01,27,1496,30,493.3
2,2.1,R01,27,1496,30.1,493.4
2,2.1,R01,27,1496,30.2,493.5
2,2.1,R01,27,1496,30.3,493.5
2,2.1,R01,27,1496,30.4,493.6
2,2.1,R01,27,1496,30.5,493.6
2,2.1,R01,27,1496,30.6,493.7
2,2.1,R01,27,1496,30.7,493.7
2,2.1,R01,27,1496,30.8,493.7
2,2.1,R01,27,1496,30.9,493.8
2,2.1,R01,27,1496,31,493.8
2,2.1,R01,27,1496,31.1,493.9
2,2.1,R01,27,1496,31.2,493.9
2,2.1,R01,27,1496,31.3,494
2,2.1,R01,27,1496,31.4,494
2,2.1,R01,27,1496,31.5,494.1
2,2.1,R01,27,1496,31.6,494.1
2,2.1,R01,27,1496,31.7,494.2
2,2.1,R01,27,1496,31.8,494.2
2,2.1,R01,27,1496,31.9,494.3
2,2.1,R01,27,1496,32,494.3
2,2.1,R01,27,1496,32.1,494.4
2,2.1,R01,27,1496,32.2,494.4
2,2.1,R01,27,1496,32.3,494.5
2,2.1,R01,27,1496,32.4,494.5
2,2.1,R01,27,1496,32.5,494.6
2,2.1,R01,27,1496,32.6,494.6
2,2.1,R01,27,1496,32.7,494.7
2,2.1,R01,27,1496,32.8,494.7
2,2.1,R01,27,1496,32.9,494.8
2,2.1,R01,27,1496,33,494.8
2,2.1,R01,27,1496,33.1,494.8
2,2.1,R01,27,1496,33.2,494.9
2,2.1,R01,27,1496,33.3,494.9
2,2.1,R01,27,1496,33.4,494.9
2,2.1,R01,27,1496,33.5,494.9
2,2.1,R01,27,1496,33.6,495
2,2.1,R01,27,1496,33.7,495
2,2.1,R01,27,1496,33.8,495
2,2.1,R01,27,1496,33.9,495
2,2.1,R01,27,1496,34,495
2,2.1,R01,27,1496,34.1,495.1
2,2.1,R01,27,1496,34.2,495.1
2,2.1,R01,27,1496,34.3,495.1
2,2.1,R01,27,1496,34.4,495.1
2,2.1,R01,27,1496,34.5,495.2
2,2.1,R01,27,1496,34.6,495.2
2,2.1,R01,27,1496,34.7,495.2
2,2.1,R01,27,1496,34.8,495.2
2,2.1,R01,27,1496,34.9,495.3
2,2.1,R01,27,1496,35,495.3
2,2.1,R01,27,1496,35.1,495.3
2,2.1,R01,27,1496,35.2,495.3
2,2.1,R01,27,1496,35.3,495.4
2,2.1,R01,27,1496,35.4,495.4
2,2.1,R01,27,1496,35.5,495.4
2,2.1,R01,27,1496,35.6,495.4
2,2.1,R01,27,1496,35.7,495.5
2,2.1,R01,27,1496,35.8,495.5
2,2.1,R01,27,1496,35.9,495.5
2,2.1,R01,27,1496,36,495.6
2,2.1,R01,27,1496,36.1,495.6
2,2.1,R01,27,1496,36.2,495.7
2,2.1,R01,27,1496,36.3,495.7
2,2.1,R01,27,1496,36.4,495.8
2,2.1,R01,27,1496,36.5,495.8
2,2.1,R01,27,1496,36.6,495.9
2,2.1,R01,27,1496,36.7,495.9
2,2.1,R01,27,1496,36.8,495.9
2,2.1,R01,27,1496,36.9,495.9
2,2.1,R01,27,1496,37,495.9
2,2.1,R01,27,1496,37.1,495.9
2,2.1,R01,27,1496,37.2,495.9
2,2.1,R01,27,1496,37.3,495.9
2,2.1,R01,27,1496,37.4,495.9
2,2.1,R01,27,1496,37.5,495.9
2,2.1,R01,27,1496,37.6,495.9
2,2.1,R01,27,1496,37.7,495.9
2,2.1,R01,27,1496,37.8,495.9
2,2.1,R01,27,1498,0,0
2,2.1,R01,27,1498,0.1,-0.1768
2,2.1,R01,27,1498,0.2,0.2332
2,2.1,R01,27,1498,0.3,0.9503
2,2.1,R01,27,1498,0.4,2.229
2,2.1,R01,27,1498,0.5,3.608
2,2.1,R01,27,1498,0.6,7.457
2,2.1,R01,27,1498,0.7,11.71
2,2.1,R01,27,1498,0.8,17.72
2,2.1,R01,27,1498,0.9,30.8
2,2.1,R01,27,1498,1,41.29
2,2.1,R01,27,1498,1.1,57.92
2,2.1,R01,27,1498,1.2,69.1
2,2.1,R01,27,1498,1.3,85.68
2,2.1,R01,27,1498,1.4,96.49
2,2.1,R01,27,1498,1.5,106.7
2,2.1,R01,27,1498,1.6,122.6
2,2.1,R01,27,1498,1.7,132.3
2,2.1,R01,27,1498,1.8,142
2,2.1,R01,27,1498,1.9,156.7
2,2.1,R01,27,1498,2,166.7
2,2.1,R01,27,1498,2.1,182.3
2,2.1,R01,27,1498,2.2,192.4
2,2.1,R01,27,1498,2.3,208.8
2,2.1,R01,27,1498,2.4,219.9
2,2.1,R01,27,1498,2.5,231.7
2,2.1,R01,27,1498,2.6,250
2,2.1,R01,27,1498,2.7,261.8
2,2.1,R01,27,1498,2.8,272.3
2,2.1,R01,27,1498,2.9,285.1
2,2.1,R01,27,1498,3,292.6
2,2.1,R01,27,1498,3.1,302.7
2,2.1,R01,27,1498,3.2,308.4
2,2.1,R01,27,1498,3.3,315
2,2.1,R01,27,1498,3.4,319.2
2,2.1,R01,27,1498,3.5,322.7
2,2.1,R01,27,1498,3.6,326.9
2,2.1,R01,27,1498,3.7,329.2
2,2.1,R01,27,1498,3.8,331.5
2,2.1,R01,27,1498,3.9,334.2
2,2.1,R01,27,1498,4,336.1
2,2.1,R01,27,1498,4.1,338.5
2,2.1,R01,27,1498,4.2,339.9
2,2.1,R01,27,1498,4.3,341.7
2,2.1,R01,27,1498,4.4,342.8
2,2.1,R01,27,1498,4.5,343.8
2,2.1,R01,27,1498,4.6,345.2
2,2.1,R01,27,1498,4.7,346.1
2,2.1,R01,27,1498,4.8,346.8
2,2.1,R01,27,1498,4.9,347.9
2,2.1,R01,27,1498,5,348.6
2,2.1,R01,27,1498,5.1,349.5
2,2.1,R01,27,1498,5.2,350
2,2.1,R01,27,1498,5.3,350.8
2,2.1,R01,27,1498,5.4,351.4
2,2.1,R01,27,1498,5.5,351.9
2,2.1,R01,27,1498,5.6,352.5
2,2.1,R01,27,1498,5.7,352.9
2,2.1,R01,27,1498,5.8,353.3
2,2.1,R01,27,1498,5.9,353.8
2,2.1,R01,27,1498,6,354.3
2,2.1,R01,27,1498,6.1,354.9
2,2.1,R01,27,1498,6.2,355.2
2,2.1,R01,27,1498,6.3,355.7
2,2.1,R01,27,1498,6.4,356
2,2.1,R01,27,1498,6.5,356.2
2,2.1,R01,27,1498,6.6,356.6
2,2.1,R01,27,1498,6.7,357
2,2.1,R01,27,1498,6.8,357.3
2,2.1,R01,27,1498,6.9,357.7
2,2.1,R01,27,1498,7,357.9
2,2.1,R01,27,1498,7.1,358.3
2,2.1,R01,27,1498,7.2,358.5
2,2.1,R01,27,1498,7.3,358.9
2,2.1,R01,27,1498,7.4,359.2
2,2.1,R01,27,1498,7.5,359.4
2,2.1,R01,27,1498,7.6,359.7
2,2.1,R01,27,1498,7.7,359.9
2,2.1,R01,27,1498,7.8,360.1
2,2.1,R01,27,1498,7.9,360.5
2,2.1,R01,27,1498,8,360.8
2,2.1,R01,27,1498,8.1,361.1
2,2.1,R01,27,1498,8.2,361.3
2,2.1,R01,27,1498,8.3,361.7
2,2.1,R01,27,1498,8.4,361.9
2,2.1,R01,27,1498,8.5,362.1
2,2.1,R01,27,1498,8.6,362.4
2,2.1,R01,27,1498,8.7,362.6
2,2.1,R01,27,1498,8.8,362.8
2,2.1,R01,27,1498,8.9,363.1
2,2.1,R01,27,1498,9,363.4
2,2.1,R01,27,1498,9.1,363.7
2,2.1,R01,27,1498,9.2,363.8
2,2.1,R01,27,1498,9.3,364.1
2,2.1,R01,27,1498,9.4,364.3
2,2.1,R01,27,1498,9.5,364.5
2,2.1,R01,27,1498,9.6,364.7
2,2.1,R01,27,1498,9.7,364.9
2,2.1,R01,27,1498,9.8,365
2,2.1,R01,27,1498,9.9,365.2
2,2.1,R01,27,1498,10,365.4
2,2.1,R01,27,1498,10.1,365.6
2,2.1,R01,27,1498,10.2,365.7
2,2.1,R01,27,1498,10.3,366
2,2.1,R01,27,1498,10.4,366.1
2,2.1,R01,27,1498,10.5,366.2
2,2.1,R01,27,1498,10.6,366.4
2,2.1,R01,27,1498,10.7,366.6
2,2.1,R01,27,1498,10.8,366.7
2,2.1,R01,27,1498,10.9,366.9
2,2.1,R01,27,1498,11,367.1
2,2.1,R01,27,1498,11.1,367.3
2,2.1,R01,27,1498,11.2,367.5
2,2.1,R01,27,1498,11.3,367.6
2,2.1,R01,27,1498,11.4,367.8
2,2.1,R01,27,1498,11.5,367.9
2,2.1,R01,27,1498,11.6,368.1
2,2.1,R01,27,1498,11.7,368.2
2,2.1,R01,27,1498,11.8,368.3
2,2.1,R01,27,1498,11.9,368.5
2,2.1,R01,27,1498,12,368.6
2,2.1,R01,27,1498,12.1,368.8
2,2.1,R01,27,1498,12.2,369
2,2.1,R01,27,1498,12.3,369.2
2,2.1,R01,27,1498,12.4,369.3
2,2.1,R01,27,1498,12.5,369.4
2,2.1,R01,27,1498,12.6,369.6
2,2.1,R01,27,1498,12.7,369.7
2,2.1,R01,27,1498,12.8,369.8
2,2.1,R01,27,1498,12.9,370
2,2.1,R01,27,1498,13,370.1
2,2.1,R01,27,1498,13.1,370.3
2,2.1,R01,27,1498,13.2,370.4
2,2.1,R01,27,1498,13.3,370.6
2,2.1,R01,27,1498,13.4,370.7
2,2.1,R01,27,1498,13.5,370.8
2,2.1,R01,27,1498,13.6,370.9
2,2.1,R01,27,1498,13.7,371.1
2,2.1,R01,27,1498,13.8,371.2
2,2.1,R01,27,1498,13.9,371.4
2,2.1,R01,27,1498,14,371.5
2,2.1,R01,27,1498,14.1,371.7
2,2.1,R01,27,1498,14.2,371.8
2,2.1,R01,27,1498,14.3,371.9
2,2.1,R01,27,1498,14.4,372
2,2.1,R01,27,1498,14.5,372.1
2,2.1,R01,27,1498,14.6,372.2
2,2.1,R01,27,1498,14.7,372.3
2,2.1,R01,27,1498,14.8,372.4
2,2.1,R01,27,1498,14.9,372.6
2,2.1,R01,27,1498,15,372.7
2,2.1,R01,27,1498,15.1,372.8
2,2.1,R01,27,1498,15.2,372.9
2,2.1,R01,27,1498,15.3,373.1
2,2.1,R01,27,1498,15.4,373.3
2,2.1,R01,27,1498,15.5,373.4
2,2.1,R01,27,1498,15.6,373.6
2,2.1,R01,27,1498,15.7,373.7
2,2.1,R01,27,1498,15.8,373.8
2,2.1,R01,27,1498,15.9,373.9
2,2.1,R01,27,1498,16,374
2,2.1,R01,27,1498,16.1,374.2
2,2.1,R01,27,1498,16.2,374.3
2,2.1,R01,27,1498,16.3,374.5
2,2.1,R01,27,1498,16.4,374.6
2,2.1,R01,27,1498,16.5,374.7
2,2.1,R01,27,1498,16.6,374.8
2,2.1,R01,27,1498,16.7,374.9
2,2.1,R01,27,1498,16.8,375
2,2.1,R01,27,1498,16.9,375.2
2,2.1,R01,27,1498,17,375.3
2,2.1,R01,27,1498,17.1,375.4
2,2.1,R01,27,1498,17.2,375.5
2,2.1,R01,27,1498,17.3,375.7
2,2.1,R01,27,1498,17.4,375.8
2,2.1,R01,27,1498,17.5,375.9
2,2.1,R01,27,1498,17.6,376
2,2.1,R01,27,1498,17.7,376.1
2,2.1,R01,27,1498,17.8,376.2
2,2.1,R01,27,1498,17.9,376.4
2,2.1,R01,27,1498,18,376.5
2,2.1,R01,27,1498,18.1,376.6
2,2.1,R01,27,1498,18.2,376.7
2,2.1,R01,27,1498,18.3,376.8
2,2.1,R01,27,1498,18.4,376.9
2,2.1,R01,27,1498,18.5,377
2,2.1,R01,27,1498,18.6,377.2
2,2.1,R01,27,1498,18.7,377.3
2,2.1,R01,27,1498,18.8,377.4
2,2.1,R01,27,1498,18.9,377.5
2,2.1,R01,27,1498,19,377.6
2,2.1,R01,27,1498,19.1,377.7
2,2.1,R01,27,1498,19.2,377.8
2,2.1,R01,27,1498,19.3,378
2,2.1,R01,27,1498,19.4,378.1
2,2.1,R01,27,1498,19.5,378.2
2,2.1,R01,27,1498,19.6,378.3
2,2.1,R01,27,1498,19.7,378.4
2,2.1,R01,27,1498,19.8,378.5
2,2.1,R01,27,1498,19.9,378.7
2,2.1,R01,27,1498,20,378.8
2,2.1,R01,27,1498,20.1,378.9
2,2.1,R01,27,1498,20.2,379
2,2.1,R01,27,1498,20.3,379.2
2,2.1,R01,27,1498,20.4,379.3
2,2.1,R01,27,1498,20.5,379.4
2,2.1,R01,27,1498,20.6,379.5
2,2.1,R01,27,1498,20.7,379.7
2,2.1,R01,27,1498,20.8,379.8
2,2.1,R01,27,1498,20.9,380
2,2.1,R01,27,1498,21,380.1
2,2.1,R01,27,1498,21.1,380.3
2,2.1,R01,27,1498,21.2,380.4
2,2.1,R01,27,1498,21.3,380.6
2,2.1,R01,27,1498,21.4,380.7
2,2.1,R01,27,1498,21.5,380.8
2,2.1,R01,27,1498,21.6,381
2,2.1,R01,27,1498,21.7,381.1
2,2.1,R01,27,1498,21.8,381.1
2,2.1,R01,27,1498,21.9,381.3
2,2.1,R01,27,1498,22,381.4
2,2.1,R01,27,1498,22.1,381.5
2,2.1,R01,27,1498,22.2,381.6
2,2.1,R01,27,1498,22.3,381.7
2,2.1,R01,27,1498,22.4,381.8
2,2.1,R01,27,1498,22.5,381.9
2,2.1,R01,27,1498,22.6,382
2,2.1,R01,27,1498,22.7,382
2,2.1,R01,27,1498,22.8,382.1
2,2.1,R01,27,1498,22.9,382.2
2,2.1,R01,27,1498,23,382.3
2,2.1,R01,27,1498,23.1,382.4
2,2.1,R01,27,1498,23.2,382.5
2,2.1,R01,27,1498,23.3,382.6
2,2.1,R01,27,1498,23.4,382.7
2,2.1,R01,27,1498,23.5,382.8
2,2.1,R01,27,1498,23.6,382.9
2,2.1,R01,27,1498,23.7,383
2,2.1,R01,27,1498,23.8,383.1
2,2.1,R01,27,1498,23.9,383.2
2,2.1,R01,27,1498,24,383.3
2,2.1,R01,27,1498,24.1,383.5
2,2.1,R01,27,1498,24.2,383.6
2,2.1,R01,27,1498,24.3,383.7
2,2.1,R01,27,1498,24.4,383.8
2,2.1,R01,27,1498,24.5,383.9
2,2.1,R01,27,1498,24.6,384.1
2,2.1,R01,27,1498,24.7,384.2
2,2.1,R01,27,1498,24.8,384.3
2,2.1,R01,27,1498,24.9,384.4
2,2.1,R01,27,1498,25,384.5
2,2.1,R01,27,1498,25.1,384.7
2,2.1,R01,27,1498,25.2,384.8
2,2.1,R01,27,1498,25.3,385
2,2.1,R01,27,1498,25.4,385.1
2,2.1,R01,27,1498,25.5,385.2
2,2.1,R01,27,1498,25.6,385.3
2,2.1,R01,27,1498,25.7,385.4
2,2.1,R01,27,1498,25.8,385.5
2,2.1,R01,27,1498,25.9,385.7
2,2.1,R01,27,1498,26,385.8
2,2.1,R01,27,1498,26.1,386
2,2.1,R01,27,1498,26.2,386.1
2,2.1,R01,27,1498,26.3,386.2
2,2.1,R01,27,1498,26.4,386.3
2,2.1,R01,27,1498,26.5,386.4
2,2.1,R01,27,1498,26.6,386.5
2,2.1,R01,27,1498,26.7,386.6
2,2.1,R01,27,1498,26.8,386.6
2,2.1,R01,27,1498,26.9,386.8
2,2.1,R01,27,1498,27,386.9
2,2.1,R01,27,1498,27.1,387
2,2.1,R01,27,1498,27.2,387.1
2,2.1,R01,27,1498,27.3,387.2
2,2.1,R01,27,1498,27.4,387.3
2,2.1,R01,27,1498,27.5,387.3
2,2.1,R01,27,1498,27.6,387.5
2,2.1,R01,27,1498,27.7,387.6
2,2.1,R01,27,1498,27.8,387.7
2,2.1,R01,27,1498,27.9,387.8
2,2.1,R01,27,1498,28,387.9
2,2.1,R01,27,1498,28.1,388
2,2.1,R01,27,1498,28.2,388.1
2,2.1,R01,27,1498,28.3,388.2
2,2.1,R01,27,1498,28.4,388.3
2,2.1,R01,27,1498,28.5,388.4
2,2.1,R01,27,1498,28.6,388.5
2,2.1,R01,27,1498,28.7,388.6
2,2.1,R01,27,1498,28.8,388.7
2,2.1,R01,27,1498,28.9,388.8
2,2.1,R01,27,1498,29,388.9
2,2.1,R01,27,1498,29.1,389
2,2.1,R01,27,1498,29.2,389
2,2.1,R01,27,1498,29.3,389.1
2,2.1,R01,27,1498,29.4,389.2
2,2.1,R01,27,1498,29.5,389.2
2,2.1,R01,27,1498,29.6,389.3
2,2.1,R01,27,1498,29.7,389.4
2,2.1,R01,27,1498,29.8,389.5
2,2.1,R01,27,1498,29.9,389.5
2,2.1,R01,27,1498,30,389.6
2,2.1,R01,27,1498,30.1,389.7
2,2.1,R01,27,1498,30.2,389.8
2,2.1,R01,27,1498,30.3,389.8
2,2.1,R01,27,1498,30.4,389.9
2,2.1,R01,27,1498,30.5,390
2,2.1,R01,27,1498,30.6,390
2,2.1,R01,27,1498,30.7,390.1
2,2.1,R01,27,1498,30.8,390.2
2,2.1,R01,27,1498,30.9,390.4
2,2.1,R01,27,1498,31,390.5
2,2.1,R01,27,1498,31.1,390.6
2,2.1,R01,27,1498,31.2,390.7
2,2.1,R01,27,1498,31.3,390.9
2,2.1,R01,27,1498,31.4,391
2,2.1,R01,27,1498,31.5,391.1
2,2.1,R01,27,1498,31.6,391.2
2,2.1,R01,27,1498,31.7,391.3
2,2.1,R01,27,1498,31.8,391.4
2,2.1,R01,27,1498,31.9,391.5
2,2.1,R01,27,1498,32,391.6
2,2.1,R01,27,1498,32.1,391.7
2,2.1,R01,27,1498,32.2,391.8
2,2.1,R01,27,1498,32.3,391.9
2,2.1,R01,27,1498,32.4,391.9
2,2.1,R01,27,1498,32.5,392
2,2.1,R01,27,1498,32.6,392.1
2,2.1,R01,27,1498,32.7,392.2
2,2.1,R01,27,1498,32.8,392.2
2,2.1,R01,27,1498,32.9,392.3
2,2.1,R01,27,1498,33,392.4
2,2.1,R01,27,1498,33.1,392.5
2,2.1,R01,27,1498,33.2,392.6
2,2.1,R01,27,1498,33.3,392.7
2,2.1,R01,27,1498,33.4,392.8
2,2.1,R01,27,1498,33.5,392.8
2,2.1,R01,27,1498,33.6,392.9
2,2.1,R01,27,1498,33.7,392.9
2,2.1,R01,27,1498,33.8,393
2,2.1,R01,27,1498,33.9,393
2,2.1,R01,27,1498,34,393.1
2,2.1,R01,27,1498,34.1,393.2
2,2.1,R01,27,1498,34.2,393.2
2,2.1,R01,27,1498,34.3,393.3
2,2.1,R01,27,1498,34.4,393.3
2,2.1,R01,27,1498,34.5,393.4
2,2.1,R01,27,1498,34.6,393.4
2,2.1,R01,27,1498,34.7,393.5
2,2.1,R01,27,1498,34.8,393.5
2,2.1,R01,27,1498,34.9,393.6
2,2.1,R01,27,1498,35,393.6
2,2.1,R01,27,1498,35.1,393.7
2,2.1,R01,27,1498,35.2,393.8
2,2.1,R01,27,1498,35.3,393.8
2,2.1,R01,27,1498,35.4,393.9
2,2.1,R01,27,1498,35.5,393.9
2,2.1,R01,27,1498,35.6,394
2,2.1,R01,27,1498,35.7,394
2,2.1,R01,27,1498,35.8,394.1
2,2.1,R01,27,1498,35.9,394.2
2,2.1,R01,27,1498,36,394.3
2,2.1,R01,27,1498,36.1,394.4
2,2.1,R01,27,1498,36.2,394.5
2,2.1,R01,27,1498,36.3,394.6
2,2.1,R01,27,1498,36.4,394.7
2,2.1,R01,27,1498,36.5,394.8
2,2.1,R01,27,1498,36.6,394.9
2,2.1,R01,27,1498,36.7,395
2,2.1,R01,27,1498,36.8,395
2,2.1,R01,27,1498,36.9,395.2
2,2.1,R01,27,1498,37,395.2
2,2.1,R01,27,1498,37.1,395.4
2,2.1,R01,27,1498,37.2,395.5
2,2.1,R01,27,1498,37.3,395.6
2,2.1,R01,27,1498,37.4,395.7
2,2.1,R01,27,1498,37.5,395.8
2,2.1,R01,27,1498,37.6,395.9
2,2.1,R01,27,1498,37.7,396
2,2.1,R01,27,1498,37.8,396
2,2.1,R01,27,1500,0,0
2,2.1,R01,27,1500,0.1,6.446
2,2.1,R01,27,1500,0.2,13.88
2,2.1,R01,27,1500,0.3,26.76
2,2.1,R01,27,1500,0.4,36.68
2,2.1,R01,27,1500,0.5,48.68
2,2.1,R01,27,1500,0.6,65.52
2,2.1,R01,27,1500,0.7,75.79
2,2.1,R01,27,1500,0.8,85.36
2,2.1,R01,27,1500,0.9,97.75
2,2.1,R01,27,1500,1,105.9
2,2.1,R01,27,1500,1.1,117.4
2,2.1,R01,27,1500,1.2,124.8
2,2.1,R01,27,1500,1.3,135.8
2,2.1,R01,27,1500,1.4,143.5
2,2.1,R01,27,1500,1.5,151.6
2,2.1,R01,27,1500,1.6,163.5
2,2.1,R01,27,1500,1.7,171.7
2,2.1,R01,27,1500,1.8,180
2,2.1,R01,27,1500,1.9,192.6
2,2.1,R01,27,1500,2,201.4
2,2.1,R01,27,1500,2.1,214.8
2,2.1,R01,27,1500,2.2,223.9
2,2.1,R01,27,1500,2.3,237.3
2,2.1,R01,27,1500,2.4,246.3
2,2.1,R01,27,1500,2.5,254.9
2,2.1,R01,27,1500,2.6,267.8
2,2.1,R01,27,1500,2.7,276.2
2,2.1,R01,27,1500,2.8,283.6
2,2.1,R01,27,1500,2.9,292.3
2,2.1,R01,27,1500,3,295.5
2,2.1,R01,27,1500,3.1,297.8
2,2.1,R01,27,1500,3.2,299.3
2,2.1,R01,27,1500,3.3,301.4
2,2.1,R01,27,1500,3.4,302.8
2,2.1,R01,27,1500,3.5,304.2
2,2.1,R01,27,1500,3.6,306.4
2,2.1,R01,27,1500,3.7,307.8
2,2.1,R01,27,1500,3.8,309.1
2,2.1,R01,27,1500,3.9,311.1
2,2.1,R01,27,1500,4,312.6
2,2.1,R01,27,1500,4.1,314.7
2,2.1,R01,27,1500,4.2,316
2,2.1,R01,27,1500,4.3,318
2,2.1,R01,27,1500,4.4,319.4
2,2.1,R01,27,1500,4.5,320.9
2,2.1,R01,27,1500,4.6,322.7
2,2.1,R01,27,1500,4.7,323.7
2,2.1,R01,27,1500,4.8,324.6
2,2.1,R01,27,1500,4.9,326.2
2,2.1,R01,27,1500,5,327.1
2,2.1,R01,27,1500,5.1,328.7
2,2.1,R01,27,1500,5.2,329.6
2,2.1,R01,27,1500,5.3,331
2,2.1,R01,27,1500,5.4,332
2,2.1,R01,27,1500,5.5,332.9
2,2.1,R01,27,1500,5.6,334.3
2,2.1,R01,27,1500,5.7,335.2
2,2.1,R01,27,1500,5.8,336.1
2,2.1,R01,27,1500,5.9,337.5
2,2.1,R01,27,1500,6,338.5
2,2.1,R01,27,1500,6.1,340
2,2.1,R01,27,1500,6.2,340.9
2,2.1,R01,27,1500,6.3,342.3
2,2.1,R01,27,1500,6.4,343.3
2,2.1,R01,27,1500,6.5,344.3
2,2.1,R01,27,1500,6.6,345.9
2,2.1,R01,27,1500,6.7,347
2,2.1,R01,27,1500,6.8,348.2
2,2.1,R01,27,1500,6.9,349.8
2,2.1,R01,27,1500,7,351.1
2,2.1,R01,27,1500,7.1,353
2,2.1,R01,27,1500,7.2,354.4
2,2.1,R01,27,1500,7.3,356.5
2,2.1,R01,27,1500,7.4,358
2,2.1,R01,27,1500,7.5,359.5
2,2.1,R01,27,1500,7.6,361.7
2,2.1,R01,27,1500,7.7,363
2,2.1,R01,27,1500,7.8,364.4
2,2.1,R01,27,1500,7.9,366.4
2,2.1,R01,27,1500,8,367.7
2,2.1,R01,27,1500,8.1,369.6
2,2.1,R01,27,1500,8.2,370.8
2,2.1,R01,27,1500,8.3,372.8
2,2.1,R01,27,1500,8.4,374.2
2,2.1,R01,27,1500,8.5,375.8
2,2.1,R01,27,1500,8.6,378.2
2,2.1,R01,27,1500,8.7,379.9
2,2.1,R01,27,1500,8.8,381.9
2,2.1,R01,27,1500,8.9,385.1
2,2.1,R01,27,1500,9,387.5
2,2.1,R01,27,1500,9.1,391.6
2,2.1,R01,27,1500,9.2,394.4
2,2.1,R01,27,1500,9.3,399.3
2,2.1,R01,27,1500,9.4,402.8
2,2.1,R01,27,1500,9.5,406.6
2,2.1,R01,27,1500,9.6,412.1
2,2.1,R01,27,1500,9.7,415.5
2,2.1,R01,27,1500,9.8,418.4
2,2.1,R01,27,1500,9.9,421.2
2,2.1,R01,27,1500,10,422.5
2,2.1,R01,27,1500,10.1,424.6
2,2.1,R01,27,1500,10.2,425.9
2,2.1,R01,27,1500,10.3,428.4
2,2.1,R01,27,1500,10.4,430.2
2,2.1,R01,27,1500,10.5,432.3
2,2.1,R01,27,1500,10.6,436
2,2.1,R01,27,1500,10.7,438.8
2,2.1,R01,27,1500,10.8,441.5
2,2.1,R01,27,1500,10.9,445.7
2,2.1,R01,27,1500,11,448.4
2,2.1,R01,27,1500,11.1,452.8
2,2.1,R01,27,1500,11.2,456.3
2,2.1,R01,27,1500,11.3,459.5
2,2.1,R01,27,1500,11.4,460.4
2,2.1,R01,27,1500,11.5,461.2
2,2.1,R01,27,1500,11.6,462.2
2,2.1,R01,27,1500,11.7,462.7
2,2.1,R01,27,1500,11.8,463.1
2,2.1,R01,27,1500,11.9,463.8
2,2.1,R01,27,1500,12,464.1
2,2.1,R01,27,1500,12.1,464.6
2,2.1,R01,27,1500,12.2,465
2,2.1,R01,27,1500,12.3,465.5
2,2.1,R01,27,1500,12.4,465.8
2,2.1,R01,27,1500,12.5,466
2,2.1,R01,27,1500,12.6,466.5
2,2.1,R01,27,1500,12.7,466.8
2,2.1,R01,27,1500,12.8,467.1
2,2.1,R01,27,1500,12.9,467.6
2,2.1,R01,27,1500,13,467.9
2,2.1,R01,27,1500,13.1,468.4
2,2.1,R01,27,1500,13.2,468.7
2,2.1,R01,27,1500,13.3,469.1
2,2.1,R01,27,1500,13.4,469.5
2,2.1,R01,27,1500,13.5,469.8
2,2.1,R01,27,1500,13.6,470.3
2,2.1,R01,27,1500,13.7,470.6
2,2.1,R01,27,1500,13.8,470.9
2,2.1,R01,27,1500,13.9,471.3
2,2.1,R01,27,1500,14,471.6
2,2.1,R01,27,1500,14.1,472
2,2.1,R01,27,1500,14.2,472.2
2,2.1,R01,27,1500,14.3,472.5
2,2.1,R01,27,1500,14.4,472.6
2,2.1,R01,27,1500,14.5,472.8
2,2.1,R01,27,1500,14.6,473.1
2,2.1,R01,27,1500,14.7,473.2
2,2.1,R01,27,1500,14.8,473.3
2,2.1,R01,27,1500,14.9,473.5
2,2.1,R01,27,1500,15,473.6
2,2.1,R01,27,1500,15.1,473.9
2,2.1,R01,27,1500,15.2,474
2,2.1,R01,27,1500,15.3,474.1
2,2.1,R01,27,1500,15.4,474.1
2,2.1,R01,27,1500,15.5,474.2
2,2.1,R01,27,1500,15.6,474.3
2,2.1,R01,27,1500,15.7,474.4
2,2.1,R01,27,1500,15.8,474.4
2,2.1,R01,27,1500,15.9,474.6
2,2.1,R01,27,1500,16,474.6
2,2.1,R01,27,1500,16.1,474.7
2,2.1,R01,27,1500,16.2,474.8
2,2.1,R01,27,1500,16.3,474.9
2,2.1,R01,27,1500,16.4,474.9
2,2.1,R01,27,1500,16.5,475
2,2.1,R01,27,1500,16.6,475.1
2,2.1,R01,27,1500,16.7,475.1
2,2.1,R01,27,1500,16.8,475.2
2,2.1,R01,27,1500,16.9,475.3
2,2.1,R01,27,1500,17,475.3
2,2.1,R01,27,1500,17.1,475.4
2,2.1,R01,27,1500,17.2,475.5
2,2.1,R01,27,1500,17.3,475.5
2,2.1,R01,27,1500,17.4,475.6
2,2.1,R01,27,1500,17.5,475.6
2,2.1,R01,27,1500,17.6,475.7
2,2.1,R01,27,1500,17.7,475.7
2,2.1,R01,27,1500,17.8,475.8
2,2.1,R01,27,1500,17.9,475.8
2,2.1,R01,27,1500,18,475.9
2,2.1,R01,27,1500,18.1,475.9
2,2.1,R01,27,1500,18.2,476
2,2.1,R01,27,1500,18.3,476
2,2.1,R01,27,1500,18.4,476.1
2,2.1,R01,27,1500,18.5,476.1
2,2.1,R01,27,1500,18.6,476.1
2,2.1,R01,27,1500,18.7,476.1
2,2.1,R01,27,1500,18.8,476.1
2,2.1,R01,27,1500,18.9,476.2
2,2.1,R01,27,1500,19,476.2
2,2.1,R01,27,1500,19.1,476.2
2,2.1,R01,27,1500,19.2,476.2
2,2.1,R01,27,1500,19.3,476.3
2,2.1,R01,27,1500,19.4,476.3
2,2.1,R01,27,1500,19.5,476.3
2,2.1,R01,27,1500,19.6,476.3
2,2.1,R01,27,1500,19.7,476.3
2,2.1,R01,27,1500,19.8,476.4
2,2.1,R01,27,1500,19.9,476.4
2,2.1,R01,27,1500,20,476.4
2,2.1,R01,27,1500,20.1,476.5
2,2.1,R01,27,1500,20.2,476.5
2,2.1,R01,27,1500,20.3,476.5
2,2.1,R01,27,1500,20.4,476.6
2,2.1,R01,27,1500,20.5,476.6
2,2.1,R01,27,1500,20.6,476.6
2,2.1,R01,27,1500,20.7,476.7
2,2.1,R01,27,1500,20.8,476.7
2,2.1,R01,27,1500,20.9,476.8
2,2.1,R01,27,1500,21,476.9
2,2.1,R01,27,1500,21.1,476.9
2,2.1,R01,27,1500,21.2,476.9
2,2.1,R01,27,1500,21.3,476.9
2,2.1,R01,27,1500,21.4,476.9
2,2.1,R01,27,1500,21.5,476.9
2,2.1,R01,27,1500,21.6,476.9
2,2.1,R01,27,1500,21.7,476.8
2,2.1,R01,27,1500,21.8,476.8
2,2.1,R01,27,1500,21.9,476.8
2,2.1,R01,27,1500,22,476.8
2,2.1,R01,27,1500,22.1,476.8
2,2.1,R01,27,1500,22.2,476.8
2,2.1,R01,27,1500,22.3,476.8
2,2.1,R01,27,1500,22.4,476.7
2,2.1,R01,27,1500,22.5,476.7
2,2.1,R01,27,1500,22.6,476.7
2,2.1,R01,27,1500,22.7,476.7
2,2.1,R01,27,1500,22.8,476.7
2,2.1,R01,27,1500,22.9,476.7
2,2.1,R01,27,1500,23,476.7
2,2.1,R01,27,1500,23.1,476.7
2,2.1,R01,27,1500,23.2,476.8
2,2.1,R01,27,1500,23.3,476.8
2,2.1,R01,27,1500,23.4,476.8
2,2.1,R01,27,1500,23.5,476.8
2,2.1,R01,27,1500,23.6,476.8
2,2.1,R01,27,1500,23.7,476.8
2,2.1,R01,27,1500,23.8,476.8
2,2.1,R01,27,1500,23.9,476.9
2,2.1,R01,27,1500,24,476.9
2,2.1,R01,27,1500,24.1,476.9
2,2.1,R01,27,1500,24.2,476.9
2,2.1,R01,27,1500,24.3,476.9
2,2.1,R01,27,1500,24.4,476.9
2,2.1,R01,27,1500,24.5,476.9
2,2.1,R01,27,1500,24.6,477
2,2.1,R01,27,1500,24.7,477
2,2.1,R01,27,1500,24.8,477
2,2.1,R01,27,1500,24.9,477
2,2.1,R01,27,1500,25,477
2,2.1,R01,27,1500,25.1,477.1
2,2.1,R01,27,1500,25.2,477.1
2,2.1,R01,27,1500,25.3,477.1
2,2.1,R01,27,1500,25.4,477.1
2,2.1,R01,27,1500,25.5,477.1
2,2.1,R01,27,1500,25.6,477.2
2,2.1,R01,27,1500,25.7,477.2
2,2.1,R01,27,1500,25.8,477.2
2,2.1,R01,27,1500,25.9,477.3
2,2.1,R01,27,1500,26,477.3
2,2.1,R01,27,1500,26.1,477.3
2,2.1,R01,27,1500,26.2,477.3
2,2.1,R01,27,1500,26.3,477.4
2,2.1,R01,27,1500,26.4,477.4
2,2.1,R01,27,1500,26.5,477.4
2,2.1,R01,27,1500,26.6,477.5
2,2.1,R01,27,1500,26.7,477.5
2,2.1,R01,27,1500,26.8,477.5
2,2.1,R01,27,1500,26.9,477.5
2,2.1,R01,27,1500,27,477.5
2,2.1,R01,27,1500,27.1,477.5
2,2.1,R01,27,1500,27.2,477.5
2,2.1,R01,27,1500,27.3,477.5
2,2.1,R01,27,1500,27.4,477.5
2,2.1,R01,27,1500,27.5,477.5
2,2.1,R01,27,1500,27.6,477.5
2,2.1,R01,27,1500,27.7,477.6
2,2.1,R01,27,1500,27.8,477.6
2,2.1,R01,27,1500,27.9,477.6
2,2.1,R01,27,1500,28,477.6
2,2.1,R01,27,1500,28.1,477.6
2,2.1,R01,27,1500,28.2,477.6
2,2.1,R01,27,1500,28.3,477.6
2,2.1,R01,27,1500,28.4,477.6
2,2.1,R01,27,1500,28.5,477.6
2,2.1,R01,27,1500,28.6,477.6
2,2.1,R01,27,1500,28.7,477.6
2,2.1,R01,27,1500,28.8,477.6
2,2.1,R01,27,1500,28.9,477.6
2,2.1,R01,27,1500,29,477.6
2,2.1,R01,27,1500,29.1,477.6
2,2.1,R01,27,1500,29.2,477.6
2,2.1,R01,27,1500,29.3,477.6
2,2.1,R01,27,1500,29.4,477.6
2,2.1,R01,27,1500,29.5,477.6
2,2.1,R01,27,1500,29.6,477.6
2,2.1,R01,27,1500,29.7,477.6
2,2.1,R01,27,1500,29.8,477.6
2,2.1,R01,27,1500,29.9,477.6
2,2.1,R01,27,1500,30,477.6
2,2.1,R01,27,1500,30.1,477.6
2,2.1,R01,27,1500,30.2,477.6
2,2.1,R01,27,1500,30.3,477.6
2,2.1,R01,27,1500,30.4,477.6
2,2.1,R01,27,1500,30.5,477.6
2,2.1,R01,27,1500,30.6,477.6
2,2.1,R01,27,1500,30.7,477.6
2,2.1,R01,27,1500,30.8,477.6
2,2.1,R01,27,1500,30.9,477.6
2,2.1,R01,27,1500,31,477.7
2,2.1,R01,27,1500,31.1,477.7
2,2.1,R01,27,1500,31.2,477.8
2,2.1,R01,27,1500,31.3,477.8
2,2.1,R01,27,1500,31.4,477.9
2,2.1,R01,27,1500,31.5,477.9
2,2.1,R01,27,1500,31.6,478
2,2.1,R01,27,1500,31.7,478
2,2.1,R01,27,1500,31.8,478
2,2.1,R01,27,1500,31.9,478.1
2,2.1,R01,27,1500,32,478.1
2,2.1,R01,27,1500,32.1,478.2
2,2.1,R01,27,1500,32.2,478.2
2,2.1,R01,27,1500,32.3,478.3
2,2.1,R01,27,1500,32.4,478.3
2,2.1,R01,27,1500,32.5,478.3
2,2.1,R01,27,1500,32.6,478.4
2,2.1,R01,27,1500,32.7,478.4
2,2.1,R01,27,1500,32.8,478.5
2,2.1,R01,27,1500,32.9,478.5
2,2.1,R01,27,1500,33,478.5
2,2.1,R01,27,1500,33.1,478.5
2,2.1,R01,27,1500,33.2,478.6
2,2.1,R01,27,1500,33.3,478.6
2,2.1,R01,27,1500,33.4,478.6
2,2.1,R01,27,1500,33.5,478.7
2,2.1,R01,27,1500,33.6,478.7
2,2.1,R01,27,1500,33.7,478.8
2,2.1,R01,27,1500,33.8,478.8
2,2.1,R01,27,1500,33.9,478.8
2,2.1,R01,27,1500,34,478.9
2,2.1,R01,27,1500,34.1,478.9
2,2.1,R01,27,1500,34.2,479
2,2.1,R01,27,1500,34.3,479
2,2.1,R01,27,1500,34.4,479
2,2.1,R01,27,1500,34.5,479.1
2,2.1,R01,27,1500,34.6,479.1
2,2.1,R01,27,1500,34.7,479.2
2,2.1,R01,27,1500,34.8,479.2
2,2.1,R01,27,1500,34.9,479.2
2,2.1,R01,27,1500,35,479.3
2,2.1,R01,27,1500,35.1,479.3
2,2.1,R01,27,1500,35.2,479.4
2,2.1,R01,27,1500,35.3,479.4
2,2.1,R01,27,1500,35.4,479.4
2,2.1,R01,27,1500,35.5,479.5
2,2.1,R01,27,1500,35.6,479.5
2,2.1,R01,27,1500,35.7,479.6
2,2.1,R01,27,1500,35.8,479.6
2,2.1,R01,27,1500,35.9,479.5
2,2.1,R01,27,1500,36,479.5
2,2.1,R01,27,1500,36.1,479.5
2,2.1,R01,27,1500,36.2,479.5
2,2.1,R01,27,1500,36.3,479.5
2,2.1,R01,27,1500,36.4,479.5
2,2.1,R01,27,1500,36.5,479.5
2,2.1,R01,27,1500,36.6,479.5
2,2.1,R01,27,1500,36.7,479.5
2,2.1,R01,27,1500,36.8,479.5
2,2.1,R01,27,1500,36.9,479.4
2,2.1,R01,27,1500,37,479.4
2,2.1,R01,27,1500,37.1,479.4
2,2.1,R01,27,1500,37.2,479.4
2,2.1,R01,27,1500,37.3,479.4
2,2.1,R01,27,1500,37.4,479.4
2,2.1,R01,27,1500,37.5,479.4
2,2.1,R01,27,1500,37.6,479.4
2,2.1,R01,27,1500,37.7,479.4
2,2.1,R01,27,1500,37.8,479.4
2,2.1,R01,27,1501,0,0
2,2.1,R01,27,1501,0.1,2.517
2,2.1,R01,27,1501,0.2,7.565
2,2.1,R01,27,1501,0.3,17.66
2,2.1,R01,27,1501,0.4,25.2
2,2.1,R01,27,1501,0.5,35.64
2,2.1,R01,27,1501,0.6,59
2,2.1,R01,27,1501,0.7,70.15
2,2.1,R01,27,1501,0.8,79.97
2,2.1,R01,27,1501,0.9,93.47
2,2.1,R01,27,1501,1,102.4
2,2.1,R01,27,1501,1.1,116.3
2,2.1,R01,27,1501,1.2,125.9
2,2.1,R01,27,1501,1.3,141.2
2,2.1,R01,27,1501,1.4,152
2,2.1,R01,27,1501,1.5,161.7
2,2.1,R01,27,1501,1.6,175.6
2,2.1,R01,27,1501,1.7,185
2,2.1,R01,27,1501,1.8,194.5
2,2.1,R01,27,1501,1.9,209.6
2,2.1,R01,27,1501,2,220.3
2,2.1,R01,27,1501,2.1,237.1
2,2.1,R01,27,1501,2.2,248.6
2,2.1,R01,27,1501,2.3,266
2,2.1,R01,27,1501,2.4,277.5
2,2.1,R01,27,1501,2.5,287.5
2,2.1,R01,27,1501,2.6,296.1
2,2.1,R01,27,1501,2.7,302.4
2,2.1,R01,27,1501,2.8,309
2,2.1,R01,27,1501,2.9,318.9
2,2.1,R01,27,1501,3,322.7
2,2.1,R01,27,1501,3.1,326.6
2,2.1,R01,27,1501,3.2,328.9
2,2.1,R01,27,1501,3.3,332.3
2,2.1,R01,27,1501,3.4,334.4
2,2.1,R01,27,1501,3.5,336.5
2,2.1,R01,27,1501,3.6,339.5
2,2.1,R01,27,1501,3.7,341.3
2,2.1,R01,27,1501,3.8,342.7
2,2.1,R01,27,1501,3.9,344.6
2,2.1,R01,27,1501,4,345.7
2,2.1,R01,27,1501,4.1,347.4
2,2.1,R01,27,1501,4.2,348.4
2,2.1,R01,27,1501,4.3,349.9
2,2.1,R01,27,1501,4.4,350.9
2,2.1,R01,27,1501,4.5,351.9
2,2.1,R01,27,1501,4.6,353.3
2,2.1,R01,27,1501,4.7,354.1
2,2.1,R01,27,1501,4.8,354.9
2,2.1,R01,27,1501,4.9,356.2
2,2.1,R01,27,1501,5,357
2,2.1,R01,27,1501,5.1,358.2
2,2.1,R01,27,1501,5.2,359
2,2.1,R01,27,1501,5.3,360.2
2,2.1,R01,27,1501,5.4,360.9
2,2.1,R01,27,1501,5.5,361.6
2,2.1,R01,27,1501,5.6,362.6
2,2.1,R01,27,1501,5.7,363.3
2,2.1,R01,27,1501,5.8,363.9
2,2.1,R01,27,1501,5.9,364.8
2,2.1,R01,27,1501,6,365.4
2,2.1,R01,27,1501,6.1,366.3
2,2.1,R01,27,1501,6.2,366.8
2,2.1,R01,27,1501,6.3,367.5
2,2.1,R01,27,1501,6.4,367.9
2,2.1,R01,27,1501,6.5,368.4
2,2.1,R01,27,1501,6.6,369.1
2,2.1,R01,27,1501,6.7,369.4
2,2.1,R01,27,1501,6.8,369.7
2,2.1,R01,27,1501,6.9,370.4
2,2.1,R01,27,1501,7,370.8
2,2.1,R01,27,1501,7.1,371.5
2,2.1,R01,27,1501,7.2,371.8
2,2.1,R01,27,1501,7.3,372.4
2,2.1,R01,27,1501,7.4,372.8
2,2.1,R01,27,1501,7.5,373.2
2,2.1,R01,27,1501,7.6,373.7
2,2.1,R01,27,1501,7.7,374.1
2,2.1,R01,27,1501,7.8,374.5
2,2.1,R01,27,1501,7.9,375
2,2.1,R01,27,1501,8,375.4
2,2.1,R01,27,1501,8.1,375.9
2,2.1,R01,27,1501,8.2,376.2
2,2.1,R01,27,1501,8.3,376.6
2,2.1,R01,27,1501,8.4,376.8
2,2.1,R01,27,1501,8.5,377.1
2,2.1,R01,27,1501,8.6,377.5
2,2.1,R01,27,1501,8.7,377.8
2,2.1,R01,27,1501,8.8,378
2,2.1,R01,27,1501,8.9,378.4
2,2.1,R01,27,1501,9,378.7
2,2.1,R01,27,1501,9.1,379.1
2,2.1,R01,27,1501,9.2,379.4
2,2.1,R01,27,1501,9.3,379.6
2,2.1,R01,27,1501,9.4,379.8
2,2.1,R01,27,1501,9.5,380
2,2.1,R01,27,1501,9.6,380.3
2,2.1,R01,27,1501,9.7,380.5
2,2.1,R01,27,1501,9.8,380.7
2,2.1,R01,27,1501,9.9,381
2,2.1,R01,27,1501,10,381.1
2,2.1,R01,27,1501,10.1,381.3
2,2.1,R01,27,1501,10.2,381.5
2,2.1,R01,27,1501,10.3,381.8
2,2.1,R01,27,1501,10.4,381.9
2,2.1,R01,27,1501,10.5,382.1
2,2.1,R01,27,1501,10.6,382.4
2,2.1,R01,27,1501,10.7,382.6
2,2.1,R01,27,1501,10.8,382.8
2,2.1,R01,27,1501,10.9,383.1
2,2.1,R01,27,1501,11,383.3
2,2.1,R01,27,1501,11.1,383.7
2,2.1,R01,27,1501,11.2,383.9
2,2.1,R01,27,1501,11.3,384.2
2,2.1,R01,27,1501,11.4,384.3
2,2.1,R01,27,1501,11.5,384.5
2,2.1,R01,27,1501,11.6,384.8
2,2.1,R01,27,1501,11.7,385
2,2.1,R01,27,1501,11.8,385.2
2,2.1,R01,27,1501,11.9,385.5
2,2.1,R01,27,1501,12,385.7
2,2.1,R01,27,1501,12.1,386
2,2.1,R01,27,1501,12.2,386.1
2,2.1,R01,27,1501,12.3,386.3
2,2.1,R01,27,1501,12.4,386.4
2,2.1,R01,27,1501,12.5,386.5
2,2.1,R01,27,1501,12.6,386.7
2,2.1,R01,27,1501,12.7,386.8
2,2.1,R01,27,1501,12.8,386.9
2,2.1,R01,27,1501,12.9,387.1
2,2.1,R01,27,1501,13,387.3
2,2.1,R01,27,1501,13.1,387.5
2,2.1,R01,27,1501,13.2,387.6
2,2.1,R01,27,1501,13.3,387.8
2,2.1,R01,27,1501,13.4,387.9
2,2.1,R01,27,1501,13.5,388
2,2.1,R01,27,1501,13.6,388.2
2,2.1,R01,27,1501,13.7,388.3
2,2.1,R01,27,1501,13.8,388.4
2,2.1,R01,27,1501,13.9,388.5
2,2.1,R01,27,1501,14,388.7
2,2.1,R01,27,1501,14.1,388.8
2,2.1,R01,27,1501,14.2,389
2,2.1,R01,27,1501,14.3,389.2
2,2.1,R01,27,1501,14.4,389.3
2,2.1,R01,27,1501,14.5,389.4
2,2.1,R01,27,1501,14.6,389.6
2,2.1,R01,27,1501,14.7,389.7
2,2.1,R01,27,1501,14.8,389.9
2,2.1,R01,27,1501,14.9,390.1
2,2.1,R01,27,1501,15,390.3
2,2.1,R01,27,1501,15.1,390.4
2,2.1,R01,27,1501,15.2,390.5
2,2.1,R01,27,1501,15.3,390.6
2,2.1,R01,27,1501,15.4,390.7
2,2.1,R01,27,1501,15.5,390.8
2,2.1,R01,27,1501,15.6,390.9
2,2.1,R01,27,1501,15.7,391
2,2.1,R01,27,1501,15.8,391.1
2,2.1,R01,27,1501,15.9,391.2
2,2.1,R01,27,1501,16,391.3
2,2.1,R01,27,1501,16.1,391.4
2,2.1,R01,27,1501,16.2,391.4
2,2.1,R01,27,1501,16.3,391.5
2,2.1,R01,27,1501,16.4,391.6
2,2.1,R01,27,1501,16.5,391.6
2,2.1,R01,27,1501,16.6,391.7
2,2.1,R01,27,1501,16.7,391.8
2,2.1,R01,27,1501,16.8,391.8
2,2.1,R01,27,1501,16.9,391.9
2,2.1,R01,27,1501,17,392
2,2.1,R01,27,1501,17.1,392.1
2,2.1,R01,27,1501,17.2,392.1
2,2.1,R01,27,1501,17.3,392.2
2,2.1,R01,27,1501,17.4,392.3
2,2.1,R01,27,1501,17.5,392.4
2,2.1,R01,27,1501,17.6,392.5
2,2.1,R01,27,1501,17.7,392.5
2,2.1,R01,27,1501,17.8,392.6
2,2.1,R01,27,1501,17.9,392.7
2,2.1,R01,27,1501,18,392.7
2,2.1,R01,27,1501,18.1,392.8
2,2.1,R01,27,1501,18.2,392.9
2,2.1,R01,27,1501,18.3,393
2,2.1,R01,27,1501,18.4,393
2,2.1,R01,27,1501,18.5,393.1
2,2.1,R01,27,1501,18.6,393.2
2,2.1,R01,27,1501,18.7,393.2
2,2.1,R01,27,1501,18.8,393.3
2,2.1,R01,27,1501,18.9,393.4
2,2.1,R01,27,1501,19,393.4
2,2.1,R01,27,1501,19.1,393.5
2,2.1,R01,27,1501,19.2,393.6
2,2.1,R01,27,1501,19.3,393.7
2,2.1,R01,27,1501,19.4,393.7
2,2.1,R01,27,1501,19.5,393.8
2,2.1,R01,27,1501,19.6,393.9
2,2.1,R01,27,1501,19.7,393.9
2,2.1,R01,27,1501,19.8,394
2,2.1,R01,27,1501,19.9,394.1
2,2.1,R01,27,1501,20,394.1
2,2.1,R01,27,1501,20.1,394.2
2,2.1,R01,27,1501,20.2,394.2
2,2.1,R01,27,1501,20.3,394.3
2,2.1,R01,27,1501,20.4,394.3
2,2.1,R01,27,1501,20.5,394.3
2,2.1,R01,27,1501,20.6,394.4
2,2.1,R01,27,1501,20.7,394.4
2,2.1,R01,27,1501,20.8,394.5
2,2.1,R01,27,1501,20.9,394.6
2,2.1,R01,27,1501,21,394.6
2,2.1,R01,27,1501,21.1,394.7
2,2.1,R01,27,1501,21.2,394.8
2,2.1,R01,27,1501,21.3,394.9
2,2.1,R01,27,1501,21.4,394.9
2,2.1,R01,27,1501,21.5,394.9
2,2.1,R01,27,1501,21.6,395
2,2.1,R01,27,1501,21.7,395
2,2.1,R01,27,1501,21.8,395.1
2,2.1,R01,27,1501,21.9,395.1
2,2.1,R01,27,1501,22,395.2
2,2.1,R01,27,1501,22.1,395.2
2,2.1,R01,27,1501,22.2,395.3
2,2.1,R01,27,1501,22.3,395.3
2,2.1,R01,27,1501,22.4,395.4
2,2.1,R01,27,1501,22.5,395.4
2,2.1,R01,27,1501,22.6,395.5
2,2.1,R01,27,1501,22.7,395.5
2,2.1,R01,27,1501,22.8,395.6
2,2.1,R01,27,1501,22.9,395.6
2,2.1,R01,27,1501,23,395.6
2,2.1,R01,27,1501,23.1,395.7
2,2.1,R01,27,1501,23.2,395.7
2,2.1,R01,27,1501,23.3,395.7
2,2.1,R01,27,1501,23.4,395.8
2,2.1,R01,27,1501,23.5,395.8
2,2.1,R01,27,1501,23.6,395.8
2,2.1,R01,27,1501,23.7,395.9
2,2.1,R01,27,1501,23.8,395.9
2,2.1,R01,27,1501,23.9,395.9
2,2.1,R01,27,1501,24,396
2,2.1,R01,27,1501,24.1,396
2,2.1,R01,27,1501,24.2,396
2,2.1,R01,27,1501,24.3,396.1
2,2.1,R01,27,1501,24.4,396.1
2,2.1,R01,27,1501,24.5,396.2
2,2.1,R01,27,1501,24.6,396.2
2,2.1,R01,27,1501,24.7,396.2
2,2.1,R01,27,1501,24.8,396.3
2,2.1,R01,27,1501,24.9,396.3
2,2.1,R01,27,1501,25,396.4
2,2.1,R01,27,1501,25.1,396.5
2,2.1,R01,27,1501,25.2,396.5
2,2.1,R01,27,1501,25.3,396.6
2,2.1,R01,27,1501,25.4,396.7
2,2.1,R01,27,1501,25.5,396.7
2,2.1,R01,27,1501,25.6,396.8
2,2.1,R01,27,1501,25.7,396.9
2,2.1,R01,27,1501,25.8,396.9
2,2.1,R01,27,1501,25.9,397
2,2.1,R01,27,1501,26,397.1
2,2.1,R01,27,1501,26.1,397.2
2,2.1,R01,27,1501,26.2,397.2
2,2.1,R01,27,1501,26.3,397.3
2,2.1,R01,27,1501,26.4,397.4
2,2.1,R01,27,1501,26.5,397.4
2,2.1,R01,27,1501,26.6,397.5
2,2.1,R01,27,1501,26.7,397.6
2,2.1,R01,27,1501,26.8,397.6
2,2.1,R01,27,1501,26.9,397.6
2,2.1,R01,27,1501,27,397.7
2,2.1,R01,27,1501,27.1,397.7
2,2.1,R01,27,1501,27.2,397.7
2,2.1,R01,27,1501,27.3,397.7
2,2.1,R01,27,1501,27.4,397.8
2,2.1,R01,27,1501,27.5,397.8
2,2.1,R01,27,1501,27.6,397.8
2,2.1,R01,27,1501,27.7,397.8
2,2.1,R01,27,1501,27.8,397.9
2,2.1,R01,27,1501,27.9,397.9
2,2.1,R01,27,1501,28,397.9
2,2.1,R01,27,1501,28.1,398
2,2.1,R01,27,1501,28.2,398
2,2.1,R01,27,1501,28.3,398
2,2.1,R01,27,1501,28.4,398
2,2.1,R01,27,1501,28.5,398.1
2,2.1,R01,27,1501,28.6,398.1
2,2.1,R01,27,1501,28.7,398.1
2,2.1,R01,27,1501,28.8,398.1
2,2.1,R01,27,1501,28.9,398.2
2,2.1,R01,27,1501,29,398.2
2,2.1,R01,27,1501,29.1,398.2
2,2.1,R01,27,1501,29.2,398.2
2,2.1,R01,27,1501,29.3,398.2
2,2.1,R01,27,1501,29.4,398.3
2,2.1,R01,27,1501,29.5,398.3
2,2.1,R01,27,1501,29.6,398.3
2,2.1,R01,27,1501,29.7,398.4
2,2.1,R01,27,1501,29.8,398.4
2,2.1,R01,27,1501,29.9,398.4
2,2.1,R01,27,1501,30,398.5
2,2.1,R01,27,1501,30.1,398.5
2,2.1,R01,27,1501,30.2,398.6
2,2.1,R01,27,1501,30.3,398.6
2,2.1,R01,27,1501,30.4,398.6
2,2.1,R01,27,1501,30.5,398.7
2,2.1,R01,27,1501,30.6,398.7
2,2.1,R01,27,1501,30.7,398.8
2,2.1,R01,27,1501,30.8,398.8
2,2.1,R01,27,1501,30.9,398.8
2,2.1,R01,27,1501,31,398.9
2,2.1,R01,27,1501,31.1,398.9
2,2.1,R01,27,1501,31.2,398.9
2,2.1,R01,27,1501,31.3,399
2,2.1,R01,27,1501,31.4,399
2,2.1,R01,27,1501,31.5,399
2,2.1,R01,27,1501,31.6,399.1
2,2.1,R01,27,1501,31.7,399.1
2,2.1,R01,27,1501,31.8,399.1
2,2.1,R01,27,1501,31.9,399.1
2,2.1,R01,27,1501,32,399.1
2,2.1,R01,27,1501,32.1,399.1
2,2.1,R01,27,1501,32.2,399.1
2,2.1,R01,27,1501,32.3,399.1
2,2.1,R01,27,1501,32.4,399.1
2,2.1,R01,27,1501,32.5,399.1
2,2.1,R01,27,1501,32.6,399.1
2,2.1,R01,27,1501,32.7,399.1
2,2.1,R01,27,1501,32.8,399.1
2,2.1,R01,27,1501,32.9,399.1
2,2.1,R01,27,1501,33,399.1
2,2.1,R01,27,1501,33.1,399.1
2,2.1,R01,27,1501,33.2,399.2
2,2.1,R01,27,1501,33.3,399.2
2,2.1,R01,27,1501,33.4,399.2
2,2.1,R01,27,1501,33.5,399.2
2,2.1,R01,27,1501,33.6,399.3
2,2.1,R01,27,1501,33.7,399.3
2,2.1,R01,27,1501,33.8,399.3
2,2.1,R01,27,1501,33.9,399.3
2,2.1,R01,27,1501,34,399.4
2,2.1,R01,27,1501,34.1,399.4
2,2.1,R01,27,1501,34.2,399.4
2,2.1,R01,27,1501,34.3,399.4
2,2.1,R01,27,1501,34.4,399.5
2,2.1,R01,27,1501,34.5,399.5
2,2.1,R01,27,1501,34.6,399.5
2,2.1,R01,27,1501,34.7,399.5
2,2.1,R01,27,1501,34.8,399.6
2,2.1,R01,27,1501,34.9,399.6
2,2.1,R01,27,1501,35,399.6
2,2.1,R01,27,1501,35.1,399.6
2,2.1,R01,27,1501,35.2,399.7
2,2.1,R01,27,1501,35.3,399.7
2,2.1,R01,27,1501,35.4,399.7
2,2.1,R01,27,1501,35.5,399.8
2,2.1,R01,27,1501,35.6,399.9
2,2.1,R01,27,1501,35.7,399.9
2,2.1,R01,27,1501,35.8,399.9
2,2.1,R01,27,1501,35.9,400
2,2.1,R01,27,1501,36,400.1
2,2.1,R01,27,1501,36.1,400.2
2,2.1,R01,27,1501,36.2,400.2
2,2.1,R01,27,1501,36.3,400.3
2,2.1,R01,27,1501,36.4,400.4
2,2.1,R01,27,1501,36.5,400.4
2,2.1,R01,27,1501,36.6,400.5
2,2.1,R01,27,1501,36.7,400.6
2,2.1,R01,27,1501,36.8,400.7
2,2.1,R01,27,1501,36.9,400.8
2,2.1,R01,27,1501,37,400.8
2,2.1,R01,27,1501,37.1,400.9
2,2.1,R01,27,1501,37.2,401
2,2.1,R01,27,1501,37.3,401.1
2,2.1,R01,27,1501,37.4,401.2
2,2.1,R01,27,1501,37.5,401.2
2,2.1,R01,27,1501,37.6,401.3
2,2.1,R01,27,1501,37.7,401.4
2,2.1,R01,27,1501,37.8,401.5
2,2.1,R01,27,1503,0,0
2,2.1,R01,27,1503,0.1,-0.4158
2,2.1,R01,27,1503,0.2,-0.1604
2,2.1,R01,27,1503,0.3,0.5197
2,2.1,R01,27,1503,0.4,1.245
2,2.1,R01,27,1503,0.5,2.654
2,2.1,R01,27,1503,0.6,5.966
2,2.1,R01,27,1503,0.7,9.942
2,2.1,R01,27,1503,0.8,15.39
2,2.1,R01,27,1503,0.9,27.14
2,2.1,R01,27,1503,1,37.04
2,2.1,R01,27,1503,1.1,53.07
2,2.1,R01,27,1503,1.2,63.41
2,2.1,R01,27,1503,1.3,79.29
2,2.1,R01,27,1503,1.4,89.93
2,2.1,R01,27,1503,1.5,99.82
2,2.1,R01,27,1503,1.6,114.8
2,2.1,R01,27,1503,1.7,124.5
2,2.1,R01,27,1503,1.8,134.5
2,2.1,R01,27,1503,1.9,148.5
2,2.1,R01,27,1503,2,158.6
2,2.1,R01,27,1503,2.1,173.5
2,2.1,R01,27,1503,2.2,183.6
2,2.1,R01,27,1503,2.3,199.4
2,2.1,R01,27,1503,2.4,210.7
2,2.1,R01,27,1503,2.5,222.2
2,2.1,R01,27,1503,2.6,239.7
2,2.1,R01,27,1503,2.7,251.3
2,2.1,R01,27,1503,2.8,261.6
2,2.1,R01,27,1503,2.9,274.2
2,2.1,R01,27,1503,3,281.6
2,2.1,R01,27,1503,3.1,291.5
2,2.1,R01,27,1503,3.2,296.7
2,2.1,R01,27,1503,3.3,303.5
2,2.1,R01,27,1503,3.4,307.2
2,2.1,R01,27,1503,3.5,310.6
2,2.1,R01,27,1503,3.6,314.9
2,2.1,R01,27,1503,3.7,317.3
2,2.1,R01,27,1503,3.8,319.5
2,2.1,R01,27,1503,3.9,322.4
2,2.1,R01,27,1503,4,324.2
2,2.1,R01,27,1503,4.1,326.4
2,2.1,R01,27,1503,4.2,327.8
2,2.1,R01,27,1503,4.3,329.8
2,2.1,R01,27,1503,4.4,330.9
2,2.1,R01,27,1503,4.5,332
2,2.1,R01,27,1503,4.6,333.5
2,2.1,R01,27,1503,4.7,334.4
2,2.1,R01,27,1503,4.8,335
2,2.1,R01,27,1503,4.9,336.1
2,2.1,R01,27,1503,5,336.9
2,2.1,R01,27,1503,5.1,337.9
2,2.1,R01,27,1503,5.2,338.4
2,2.1,R01,27,1503,5.3,339.2
2,2.1,R01,27,1503,5.4,339.7
2,2.1,R01,27,1503,5.5,340.2
2,2.1,R01,27,1503,5.6,340.9
2,2.1,R01,27,1503,5.7,341.3
2,2.1,R01,27,1503,5.8,341.7
2,2.1,R01,27,1503,5.9,342.3
2,2.1,R01,27,1503,6,342.7
2,2.1,R01,27,1503,6.1,343.3
2,2.1,R01,27,1503,6.2,343.7
2,2.1,R01,27,1503,6.3,344.1
2,2.1,R01,27,1503,6.4,344.3
2,2.1,R01,27,1503,6.5,344.6
2,2.1,R01,27,1503,6.6,345.1
2,2.1,R01,27,1503,6.7,345.3
2,2.1,R01,27,1503,6.8,345.6
2,2.1,R01,27,1503,6.9,346
2,2.1,R01,27,1503,7,346.3
2,2.1,R01,27,1503,7.1,346.8
2,2.1,R01,27,1503,7.2,347.1
2,2.1,R01,27,1503,7.3,347.4
2,2.1,R01,27,1503,7.4,347.7
2,2.1,R01,27,1503,7.5,347.9
2,2.1,R01,27,1503,7.6,348.2
2,2.1,R01,27,1503,7.7,348.5
2,2.1,R01,27,1503,7.8,348.7
2,2.1,R01,27,1503,7.9,349.1
2,2.1,R01,27,1503,8,349.3
2,2.1,R01,27,1503,8.1,349.7
2,2.1,R01,27,1503,8.2,349.9
2,2.1,R01,27,1503,8.3,350.2
2,2.1,R01,27,1503,8.4,350.5
2,2.1,R01,27,1503,8.5,350.7
2,2.1,R01,27,1503,8.6,351
2,2.1,R01,27,1503,8.7,351.2
2,2.1,R01,27,1503,8.8,351.4
2,2.1,R01,27,1503,8.9,351.8
2,2.1,R01,27,1503,9,352
2,2.1,R01,27,1503,9.1,352.4
2,2.1,R01,27,1503,9.2,352.6
2,2.1,R01,27,1503,9.3,352.8
2,2.1,R01,27,1503,9.4,353
2,2.1,R01,27,1503,9.5,353.2
2,2.1,R01,27,1503,9.6,353.5
2,2.1,R01,27,1503,9.7,353.7
2,2.1,R01,27,1503,9.8,353.8
2,2.1,R01,27,1503,9.9,354
2,2.1,R01,27,1503,10,354.2
2,2.1,R01,27,1503,10.1,354.3
2,2.1,R01,27,1503,10.2,354.5
2,2.1,R01,27,1503,10.3,354.7
2,2.1,R01,27,1503,10.4,354.8
2,2.1,R01,27,1503,10.5,355
2,2.1,R01,27,1503,10.6,355.2
2,2.1,R01,27,1503,10.7,355.4
2,2.1,R01,27,1503,10.8,355.6
2,2.1,R01,27,1503,10.9,355.7
2,2.1,R01,27,1503,11,355.9
2,2.1,R01,27,1503,11.1,356.1
2,2.1,R01,27,1503,11.2,356.2
2,2.1,R01,27,1503,11.3,356.4
2,2.1,R01,27,1503,11.4,356.5
2,2.1,R01,27,1503,11.5,356.6
2,2.1,R01,27,1503,11.6,356.8
2,2.1,R01,27,1503,11.7,357
2,2.1,R01,27,1503,11.8,357.1
2,2.1,R01,27,1503,11.9,357.3
2,2.1,R01,27,1503,12,357.4
2,2.1,R01,27,1503,12.1,357.6
2,2.1,R01,27,1503,12.2,357.8
2,2.1,R01,27,1503,12.3,358
2,2.1,R01,27,1503,12.4,358.1
2,2.1,R01,27,1503,12.5,358.2
2,2.1,R01,27,1503,12.6,358.4
2,2.1,R01,27,1503,12.7,358.5
2,2.1,R01,27,1503,12.8,358.6
2,2.1,R01,27,1503,12.9,358.8
2,2.1,R01,27,1503,13,358.9
2,2.1,R01,27,1503,13.1,359.1
2,2.1,R01,27,1503,13.2,359.2
2,2.1,R01,27,1503,13.3,359.3
2,2.1,R01,27,1503,13.4,359.5
2,2.1,R01,27,1503,13.5,359.6
2,2.1,R01,27,1503,13.6,359.7
2,2.1,R01,27,1503,13.7,359.8
2,2.1,R01,27,1503,13.8,359.9
2,2.1,R01,27,1503,13.9,360.1
2,2.1,R01,27,1503,14,360.2
2,2.1,R01,27,1503,14.1,360.4
2,2.1,R01,27,1503,14.2,360.5
2,2.1,R01,27,1503,14.3,360.6
2,2.1,R01,27,1503,14.4,360.7
2,2.1,R01,27,1503,14.5,360.8
2,2.1,R01,27,1503,14.6,361
2,2.1,R01,27,1503,14.7,361.1
2,2.1,R01,27,1503,14.8,361.2
2,2.1,R01,27,1503,14.9,361.3
2,2.1,R01,27,1503,15,361.4
2,2.1,R01,27,1503,15.1,361.6
2,2.1,R01,27,1503,15.2,361.7
2,2.1,R01,27,1503,15.3,361.9
2,2.1,R01,27,1503,15.4,362
2,2.1,R01,27,1503,15.5,362.1
2,2.1,R01,27,1503,15.6,362.3
2,2.1,R01,27,1503,15.7,362.4
2,2.1,R01,27,1503,15.8,362.5
2,2.1,R01,27,1503,15.9,362.6
2,2.1,R01,27,1503,16,362.7
2,2.1,R01,27,1503,16.1,362.9
2,2.1,R01,27,1503,16.2,363
2,2.1,R01,27,1503,16.3,363.2
2,2.1,R01,27,1503,16.4,363.3
2,2.1,R01,27,1503,16.5,363.4
2,2.1,R01,27,1503,16.6,363.5
2,2.1,R01,27,1503,16.7,363.7
2,2.1,R01,27,1503,16.8,363.8
2,2.1,R01,27,1503,16.9,363.9
2,2.1,R01,27,1503,17,364
2,2.1,R01,27,1503,17.1,364.2
2,2.1,R01,27,1503,17.2,364.3
2,2.1,R01,27,1503,17.3,364.4
2,2.1,R01,27,1503,17.4,364.5
2,2.1,R01,27,1503,17.5,364.6
2,2.1,R01,27,1503,17.6,364.8
2,2.1,R01,27,1503,17.7,364.9
2,2.1,R01,27,1503,17.8,365
2,2.1,R01,27,1503,17.9,365.1
2,2.1,R01,27,1503,18,365.2
2,2.1,R01,27,1503,18.1,365.4
2,2.1,R01,27,1503,18.2,365.5
2,2.1,R01,27,1503,18.3,365.6
2,2.1,R01,27,1503,18.4,365.7
2,2.1,R01,27,1503,18.5,365.8
2,2.1,R01,27,1503,18.6,365.9
2,2.1,R01,27,1503,18.7,366
2,2.1,R01,27,1503,18.8,366.1
2,2.1,R01,27,1503,18.9,366.2
2,2.1,R01,27,1503,19,366.3
2,2.1,R01,27,1503,19.1,366.5
2,2.1,R01,27,1503,19.2,366.6
2,2.1,R01,27,1503,19.3,366.7
2,2.1,R01,27,1503,19.4,366.8
2,2.1,R01,27,1503,19.5,366.9
2,2.1,R01,27,1503,19.6,367
2,2.1,R01,27,1503,19.7,367.1
2,2.1,R01,27,1503,19.8,367.2
2,2.1,R01,27,1503,19.9,367.4
2,2.1,R01,27,1503,20,367.5
2,2.1,R01,27,1503,20.1,367.6
2,2.1,R01,27,1503,20.2,367.7
2,2.1,R01,27,1503,20.3,367.9
2,2.1,R01,27,1503,20.4,368
2,2.1,R01,27,1503,20.5,368.1
2,2.1,R01,27,1503,20.6,368.3
2,2.1,R01,27,1503,20.7,368.4
2,2.1,R01,27,1503,20.8,368.5
2,2.1,R01,27,1503,20.9,368.7
2,2.1,R01,27,1503,21,368.8
2,2.1,R01,27,1503,21.1,369
2,2.1,R01,27,1503,21.2,369.1
2,2.1,R01,27,1503,21.3,369.3
2,2.1,R01,27,1503,21.4,369.4
2,2.1,R01,27,1503,21.5,369.5
2,2.1,R01,27,1503,21.6,369.7
2,2.1,R01,27,1503,21.7,369.8
2,2.1,R01,27,1503,21.8,369.8
2,2.1,R01,27,1503,21.9,370
2,2.1,R01,27,1503,22,370.1
2,2.1,R01,27,1503,22.1,370.2
2,2.1,R01,27,1503,22.2,370.3
2,2.1,R01,27,1503,22.3,370.4
2,2.1,R01,27,1503,22.4,370.5
2,2.1,R01,27,1503,22.5,370.6
2,2.1,R01,27,1503,22.6,370.7
2,2.1,R01,27,1503,22.7,370.8
2,2.1,R01,27,1503,22.8,370.8
2,2.1,R01,27,1503,22.9,370.9
2,2.1,R01,27,1503,23,371
2,2.1,R01,27,1503,23.1,371.1
2,2.1,R01,27,1503,23.2,371.2
2,2.1,R01,27,1503,23.3,371.3
2,2.1,R01,27,1503,23.4,371.4
2,2.1,R01,27,1503,23.5,371.5
2,2.1,R01,27,1503,23.6,371.6
2,2.1,R01,27,1503,23.7,371.7
2,2.1,R01,27,1503,23.8,371.7
2,2.1,R01,27,1503,23.9,371.9
2,2.1,R01,27,1503,24,372
2,2.1,R01,27,1503,24.1,372.1
2,2.1,R01,27,1503,24.2,372.2
2,2.1,R01,27,1503,24.3,372.4
2,2.1,R01,27,1503,24.4,372.5
2,2.1,R01,27,1503,24.5,372.6
2,2.1,R01,27,1503,24.6,372.7
2,2.1,R01,27,1503,24.7,372.8
2,2.1,R01,27,1503,24.8,373
2,2.1,R01,27,1503,24.9,373.1
2,2.1,R01,27,1503,25,373.2
2,2.1,R01,27,1503,25.1,373.3
2,2.1,R01,27,1503,25.2,373.4
2,2.1,R01,27,1503,25.3,373.6
2,2.1,R01,27,1503,25.4,373.7
2,2.1,R01,27,1503,25.5,373.8
2,2.1,R01,27,1503,25.6,373.9
2,2.1,R01,27,1503,25.7,374
2,2.1,R01,27,1503,25.8,374.1
2,2.1,R01,27,1503,25.9,374.2
2,2.1,R01,27,1503,26,374.3
2,2.1,R01,27,1503,26.1,374.5
2,2.1,R01,27,1503,26.2,374.6
2,2.1,R01,27,1503,26.3,374.7
2,2.1,R01,27,1503,26.4,374.8
2,2.1,R01,27,1503,26.5,374.8
2,2.1,R01,27,1503,26.6,374.9
2,2.1,R01,27,1503,26.7,375
2,2.1,R01,27,1503,26.8,375
2,2.1,R01,27,1503,26.9,375.1
2,2.1,R01,27,1503,27,375.2
2,2.1,R01,27,1503,27.1,375.2
2,2.1,R01,27,1503,27.2,375.3
2,2.1,R01,27,1503,27.3,375.4
2,2.1,R01,27,1503,27.4,375.4
2,2.1,R01,27,1503,27.5,375.5
2,2.1,R01,27,1503,27.6,375.6
2,2.1,R01,27,1503,27.7,375.6
2,2.1,R01,27,1503,27.8,375.7
2,2.1,R01,27,1503,27.9,375.8
2,2.1,R01,27,1503,28,375.8
2,2.1,R01,27,1503,28.1,375.9
2,2.1,R01,27,1503,28.2,376
2,2.1,R01,27,1503,28.3,376.1
2,2.1,R01,27,1503,28.4,376.2
2,2.1,R01,27,1503,28.5,376.3
2,2.1,R01,27,1503,28.6,376.4
2,2.1,R01,27,1503,28.7,376.5
2,2.1,R01,27,1503,28.8,376.6
2,2.1,R01,27,1503,28.9,376.7
2,2.1,R01,27,1503,29,376.8
2,2.1,R01,27,1503,29.1,376.9
2,2.1,R01,27,1503,29.2,377
2,2.1,R01,27,1503,29.3,377.1
2,2.1,R01,27,1503,29.4,377.2
2,2.1,R01,27,1503,29.5,377.2
2,2.1,R01,27,1503,29.6,377.4
2,2.1,R01,27,1503,29.7,377.4
2,2.1,R01,27,1503,29.8,377.5
2,2.1,R01,27,1503,29.9,377.6
2,2.1,R01,27,1503,30,377.7
2,2.1,R01,27,1503,30.1,377.8
2,2.1,R01,27,1503,30.2,377.9
2,2.1,R01,27,1503,30.3,378
2,2.1,R01,27,1503,30.4,378.1
2,2.1,R01,27,1503,30.5,378.2
2,2.1,R01,27,1503,30.6,378.3
2,2.1,R01,27,1503,30.7,378.3
2,2.1,R01,27,1503,30.8,378.4
2,2.1,R01,27,1503,30.9,378.5
2,2.1,R01,27,1503,31,378.6
2,2.1,R01,27,1503,31.1,378.7
2,2.1,R01,27,1503,31.2,378.7
2,2.1,R01,27,1503,31.3,378.8
2,2.1,R01,27,1503,31.4,378.8
2,2.1,R01,27,1503,31.5,378.9
2,2.1,R01,27,1503,31.6,379
2,2.1,R01,27,1503,31.7,379
2,2.1,R01,27,1503,31.8,379.1
2,2.1,R01,27,1503,31.9,379.1
2,2.1,R01,27,1503,32,379.2
2,2.1,R01,27,1503,32.1,379.2
2,2.1,R01,27,1503,32.2,379.3
2,2.1,R01,27,1503,32.3,379.4
2,2.1,R01,27,1503,32.4,379.4
2,2.1,R01,27,1503,32.5,379.5
2,2.1,R01,27,1503,32.6,379.5
2,2.1,R01,27,1503,32.7,379.6
2,2.1,R01,27,1503,32.8,379.6
2,2.1,R01,27,1503,32.9,379.7
2,2.1,R01,27,1503,33,379.7
2,2.1,R01,27,1503,33.1,379.7
2,2.1,R01,27,1503,33.2,379.8
2,2.1,R01,27,1503,33.3,379.9
2,2.1,R01,27,1503,33.4,379.9
2,2.1,R01,27,1503,33.5,379.9
2,2.1,R01,27,1503,33.6,380
2,2.1,R01,27,1503,33.7,380.1
2,2.1,R01,27,1503,33.8,380.1
2,2.1,R01,27,1503,33.9,380.2
2,2.1,R01,27,1503,34,380.2
2,2.1,R01,27,1503,34.1,380.3
2,2.1,R01,27,1503,34.2,380.3
2,2.1,R01,27,1503,34.3,380.4
2,2.1,R01,27,1503,34.4,380.5
2,2.1,R01,27,1503,34.5,380.5
2,2.1,R01,27,1503,34.6,380.6
2,2.1,R01,27,1503,34.7,380.6
2,2.1,R01,27,1503,34.8,380.7
2,2.1,R01,27,1503,34.9,380.7
2,2.1,R01,27,1503,35,380.8
2,2.1,R01,27,1503,35.1,380.9
2,2.1,R01,27,1503,35.2,380.9
2,2.1,R01,27,1503,35.3,381
2,2.1,R01,27,1503,35.4,381.1
2,2.1,R01,27,1503,35.5,381.1
2,2.1,R01,27,1503,35.6,381.2
2,2.1,R01,27,1503,35.7,381.3
2,2.1,R01,27,1503,35.8,381.4
2,2.1,R01,27,1503,35.9,381.5
2,2.1,R01,27,1503,36,381.6
2,2.1,R01,27,1503,36.1,381.7
2,2.1,R01,27,1503,36.2,381.8
2,2.1,R01,27,1503,36.3,382
2,2.1,R01,27,1503,36.4,382
2,2.1,R01,27,1503,36.5,382.1
2,2.1,R01,27,1503,36.6,382.3
2,2.1,R01,27,1503,36.7,382.4
2,2.1,R01,27,1503,36.8,382.4
2,2.1,R01,27,1503,36.9,382.6
2,2.1,R01,27,1503,37,382.7
2,2.1,R01,27,1503,37.1,382.7
2,2.1,R01,27,1503,37.2,382.7
2,2.1,R01,27,1503,37.3,382.7
2,2.1,R01,27,1503,37.4,382.7
2,2.1,R01,27,1503,37.5,382.7
2,2.1,R01,27,1503,37.6,382.7
2,2.1,R01,27,1503,37.7,382.7
2,2.1,R01,27,1503,37.8,382.7
2,2.1,R01,27,1504,0,0
2,2.1,R01,27,1504,0.1,5.267
2,2.1,R01,27,1504,0.2,11.54
2,2.1,R01,27,1504,0.3,21.78
2,2.1,R01,27,1504,0.4,30.1
2,2.1,R01,27,1504,0.5,43.65
2,2.1,R01,27,1504,0.6,67.01
2,2.1,R01,27,1504,0.7,77.43
2,2.1,R01,27,1504,0.8,86.72
2,2.1,R01,27,1504,0.9,101
2,2.1,R01,27,1504,1,110.3
2,2.1,R01,27,1504,1.1,125.6
2,2.1,R01,27,1504,1.2,136.2
2,2.1,R01,27,1504,1.3,152.8
2,2.1,R01,27,1504,1.4,162.5
2,2.1,R01,27,1504,1.5,172.6
2,2.1,R01,27,1504,1.6,187.4
2,2.1,R01,27,1504,1.7,197.7
2,2.1,R01,27,1504,1.8,208
2,2.1,R01,27,1504,1.9,224.6
2,2.1,R01,27,1504,2,236
2,2.1,R01,27,1504,2.1,253.9
2,2.1,R01,27,1504,2.2,265.6
2,2.1,R01,27,1504,2.3,283.1
2,2.1,R01,27,1504,2.4,292.6
2,2.1,R01,27,1504,2.5,298
2,2.1,R01,27,1504,2.6,308
2,2.1,R01,27,1504,2.7,314.8
2,2.1,R01,27,1504,2.8,321.4
2,2.1,R01,27,1504,2.9,326.8
2,2.1,R01,27,1504,3,329.2
2,2.1,R01,27,1504,3.1,332.8
2,2.1,R01,27,1504,3.2,335.2
2,2.1,R01,27,1504,3.3,338.3
2,2.1,R01,27,1504,3.4,340.4
2,2.1,R01,27,1504,3.5,342.5
2,2.1,R01,27,1504,3.6,345.2
2,2.1,R01,27,1504,3.7,346.5
2,2.1,R01,27,1504,3.8,347.8
2,2.1,R01,27,1504,3.9,349.7
2,2.1,R01,27,1504,4,350.7
2,2.1,R01,27,1504,4.1,352.4
2,2.1,R01,27,1504,4.2,353.5
2,2.1,R01,27,1504,4.3,354.9
2,2.1,R01,27,1504,4.4,355.9
2,2.1,R01,27,1504,4.5,356.9
2,2.1,R01,27,1504,4.6,358.3
2,2.1,R01,27,1504,4.7,359.1
2,2.1,R01,27,1504,4.8,359.9
2,2.1,R01,27,1504,4.9,361.1
2,2.1,R01,27,1504,5,361.9
2,2.1,R01,27,1504,5.1,363.2
2,2.1,R01,27,1504,5.2,364
2,2.1,R01,27,1504,5.3,365.1
2,2.1,R01,27,1504,5.4,365.9
2,2.1,R01,27,1504,5.5,366.6
2,2.1,R01,27,1504,5.6,367.6
2,2.1,R01,27,1504,5.7,368.2
2,2.1,R01,27,1504,5.8,368.9
2,2.1,R01,27,1504,5.9,369.9
2,2.1,R01,27,1504,6,370.5
2,2.1,R01,27,1504,6.1,371.5
2,2.1,R01,27,1504,6.2,371.9
2,2.1,R01,27,1504,6.3,372.6
2,2.1,R01,27,1504,6.4,373.1
2,2.1,R01,27,1504,6.5,373.6
2,2.1,R01,27,1504,6.6,374.4
2,2.1,R01,27,1504,6.7,374.9
2,2.1,R01,27,1504,6.8,375.3
2,2.1,R01,27,1504,6.9,376
2,2.1,R01,27,1504,7,376.4
2,2.1,R01,27,1504,7.1,377.1
2,2.1,R01,27,1504,7.2,377.5
2,2.1,R01,27,1504,7.3,378.3
2,2.1,R01,27,1504,7.4,378.6
2,2.1,R01,27,1504,7.5,379
2,2.1,R01,27,1504,7.6,379.6
2,2.1,R01,27,1504,7.7,380.1
2,2.1,R01,27,1504,7.8,380.5
2,2.1,R01,27,1504,7.9,381
2,2.1,R01,27,1504,8,381.4
2,2.1,R01,27,1504,8.1,382
2,2.1,R01,27,1504,8.2,382.3
2,2.1,R01,27,1504,8.3,382.8
2,2.1,R01,27,1504,8.4,383.2
2,2.1,R01,27,1504,8.5,383.5
2,2.1,R01,27,1504,8.6,384
2,2.1,R01,27,1504,8.7,384.3
2,2.1,R01,27,1504,8.8,384.6
2,2.1,R01,27,1504,8.9,385.2
2,2.1,R01,27,1504,9,385.5
2,2.1,R01,27,1504,9.1,386
2,2.1,R01,27,1504,9.2,386.3
2,2.1,R01,27,1504,9.3,386.7
2,2.1,R01,27,1504,9.4,386.9
2,2.1,R01,27,1504,9.5,387.2
2,2.1,R01,27,1504,9.6,387.6
2,2.1,R01,27,1504,9.7,387.8
2,2.1,R01,27,1504,9.8,388.1
2,2.1,R01,27,1504,9.9,388.6
2,2.1,R01,27,1504,10,389
2,2.1,R01,27,1504,10.1,389.4
2,2.1,R01,27,1504,10.2,389.7
2,2.1,R01,27,1504,10.3,390.1
2,2.1,R01,27,1504,10.4,390.4
2,2.1,R01,27,1504,10.5,390.7
2,2.1,R01,27,1504,10.6,391.2
2,2.1,R01,27,1504,10.7,391.6
2,2.1,R01,27,1504,10.8,391.9
2,2.1,R01,27,1504,10.9,392.3
2,2.1,R01,27,1504,11,392.6
2,2.1,R01,27,1504,11.1,393
2,2.1,R01,27,1504,11.2,393.2
2,2.1,R01,27,1504,11.3,393.5
2,2.1,R01,27,1504,11.4,393.8
2,2.1,R01,27,1504,11.5,394
2,2.1,R01,27,1504,11.6,394.3
2,2.1,R01,27,1504,11.7,394.5
2,2.1,R01,27,1504,11.8,394.7
2,2.1,R01,27,1504,11.9,395
2,2.1,R01,27,1504,12,395.2
2,2.1,R01,27,1504,12.1,395.5
2,2.1,R01,27,1504,12.2,395.7
2,2.1,R01,27,1504,12.3,396
2,2.1,R01,27,1504,12.4,396.2
2,2.1,R01,27,1504,12.5,396.3
2,2.1,R01,27,1504,12.6,396.6
2,2.1,R01,27,1504,12.7,396.7
2,2.1,R01,27,1504,12.8,396.9
2,2.1,R01,27,1504,12.9,397.2
2,2.1,R01,27,1504,13,397.4
2,2.1,R01,27,1504,13.1,397.7
2,2.1,R01,27,1504,13.2,397.9
2,2.1,R01,27,1504,13.3,398.2
2,2.1,R01,27,1504,13.4,398.3
2,2.1,R01,27,1504,13.5,398.5
2,2.1,R01,27,1504,13.6,398.8
2,2.1,R01,27,1504,13.7,398.9
2,2.1,R01,27,1504,13.8,399.1
2,2.1,R01,27,1504,13.9,399.4
2,2.1,R01,27,1504,14,399.6
2,2.1,R01,27,1504,14.1,399.8
2,2.1,R01,27,1504,14.2,400
2,2.1,R01,27,1504,14.3,400.3
2,2.1,R01,27,1504,14.4,400.5
2,2.1,R01,27,1504,14.5,400.7
2,2.1,R01,27,1504,14.6,401
2,2.1,R01,27,1504,14.7,401.2
2,2.1,R01,27,1504,14.8,401.4
2,2.1,R01,27,1504,14.9,401.6
2,2.1,R01,27,1504,15,401.8
2,2.1,R01,27,1504,15.1,402.1
2,2.1,R01,27,1504,15.2,402.3
2,2.1,R01,27,1504,15.3,402.6
2,2.1,R01,27,1504,15.4,402.7
2,2.1,R01,27,1504,15.5,402.8
2,2.1,R01,27,1504,15.6,403
2,2.1,R01,27,1504,15.7,403.1
2,2.1,R01,27,1504,15.8,403.3
2,2.1,R01,27,1504,15.9,403.5
2,2.1,R01,27,1504,16,403.6
2,2.1,R01,27,1504,16.1,403.8
2,2.1,R01,27,1504,16.2,403.9
2,2.1,R01,27,1504,16.3,404.1
2,2.1,R01,27,1504,16.4,404.2
2,2.1,R01,27,1504,16.5,404.3
2,2.1,R01,27,1504,16.6,404.5
2,2.1,R01,27,1504,16.7,404.6
2,2.1,R01,27,1504,16.8,404.7
2,2.1,R01,27,1504,16.9,404.9
2,2.1,R01,27,1504,17,405
2,2.1,R01,27,1504,17.1,405.1
2,2.1,R01,27,1504,17.2,405.2
2,2.1,R01,27,1504,17.3,405.4
2,2.1,R01,27,1504,17.4,405.5
2,2.1,R01,27,1504,17.5,405.6
2,2.1,R01,27,1504,17.6,405.7
2,2.1,R01,27,1504,17.7,405.9
2,2.1,R01,27,1504,17.8,406
2,2.1,R01,27,1504,17.9,406.2
2,2.1,R01,27,1504,18,406.3
2,2.1,R01,27,1504,18.1,406.5
2,2.1,R01,27,1504,18.2,406.6
2,2.1,R01,27,1504,18.3,406.8
2,2.1,R01,27,1504,18.4,406.9
2,2.1,R01,27,1504,18.5,407
2,2.1,R01,27,1504,18.6,407.2
2,2.1,R01,27,1504,18.7,407.3
2,2.1,R01,27,1504,18.8,407.4
2,2.1,R01,27,1504,18.9,407.5
2,2.1,R01,27,1504,19,407.6
2,2.1,R01,27,1504,19.1,407.8
2,2.1,R01,27,1504,19.2,407.9
2,2.1,R01,27,1504,19.3,408
2,2.1,R01,27,1504,19.4,408.1
2,2.1,R01,27,1504,19.5,408.2
2,2.1,R01,27,1504,19.6,408.4
2,2.1,R01,27,1504,19.7,408.5
2,2.1,R01,27,1504,19.8,408.6
2,2.1,R01,27,1504,19.9,408.7
2,2.1,R01,27,1504,20,408.8
2,2.1,R01,27,1504,20.1,408.9
2,2.1,R01,27,1504,20.2,409
2,2.1,R01,27,1504,20.3,409.2
2,2.1,R01,27,1504,20.4,409.3
2,2.1,R01,27,1504,20.5,409.4
2,2.1,R01,27,1504,20.6,409.5
2,2.1,R01,27,1504,20.7,409.6
2,2.1,R01,27,1504,20.8,409.7
2,2.1,R01,27,1504,20.9,409.9
2,2.1,R01,27,1504,21,410
2,2.1,R01,27,1504,21.1,410.1
2,2.1,R01,27,1504,21.2,410.2
2,2.1,R01,27,1504,21.3,410.3
2,2.1,R01,27,1504,21.4,410.4
2,2.1,R01,27,1504,21.5,410.5
2,2.1,R01,27,1504,21.6,410.7
2,2.1,R01,27,1504,21.7,410.8
2,2.1,R01,27,1504,21.8,410.8
2,2.1,R01,27,1504,21.9,411
2,2.1,R01,27,1504,22,411.1
2,2.1,R01,27,1504,22.1,411.2
2,2.1,R01,27,1504,22.2,411.2
2,2.1,R01,27,1504,22.3,411.3
2,2.1,R01,27,1504,22.4,411.4
2,2.1,R01,27,1504,22.5,411.5
2,2.1,R01,27,1504,22.6,411.6
2,2.1,R01,27,1504,22.7,411.7
2,2.1,R01,27,1504,22.8,411.8
2,2.1,R01,27,1504,22.9,411.9
2,2.1,R01,27,1504,23,412
2,2.1,R01,27,1504,23.1,412.1
2,2.1,R01,27,1504,23.2,412.1
2,2.1,R01,27,1504,23.3,412.2
2,2.1,R01,27,1504,23.4,412.3
2,2.1,R01,27,1504,23.5,412.3
2,2.1,R01,27,1504,23.6,412.4
2,2.1,R01,27,1504,23.7,412.5
2,2.1,R01,27,1504,23.8,412.5
2,2.1,R01,27,1504,23.9,412.6
2,2.1,R01,27,1504,24,412.7
2,2.1,R01,27,1504,24.1,412.8
2,2.1,R01,27,1504,24.2,412.8
2,2.1,R01,27,1504,24.3,412.9
2,2.1,R01,27,1504,24.4,413
2,2.1,R01,27,1504,24.5,413
2,2.1,R01,27,1504,24.6,413.1
2,2.1,R01,27,1504,24.7,413.2
2,2.1,R01,27,1504,24.8,413.3
2,2.1,R01,27,1504,24.9,413.4
2,2.1,R01,27,1504,25,413.5
2,2.1,R01,27,1504,25.1,413.6
2,2.1,R01,27,1504,25.2,413.7
2,2.1,R01,27,1504,25.3,413.8
2,2.1,R01,27,1504,25.4,413.9
2,2.1,R01,27,1504,25.5,414
2,2.1,R01,27,1504,25.6,414.1
2,2.1,R01,27,1504,25.7,414.2
2,2.1,R01,27,1504,25.8,414.3
2,2.1,R01,27,1504,25.9,414.5
2,2.1,R01,27,1504,26,414.5
2,2.1,R01,27,1504,26.1,414.6
2,2.1,R01,27,1504,26.2,414.7
2,2.1,R01,27,1504,26.3,414.7
2,2.1,R01,27,1504,26.4,414.8
2,2.1,R01,27,1504,26.5,414.9
2,2.1,R01,27,1504,26.6,414.9
2,2.1,R01,27,1504,26.7,415
2,2.1,R01,27,1504,26.8,415
2,2.1,R01,27,1504,26.9,415.1
2,2.1,R01,27,1504,27,415.2
2,2.1,R01,27,1504,27.1,415.2
2,2.1,R01,27,1504,27.2,415.3
2,2.1,R01,27,1504,27.3,415.4
2,2.1,R01,27,1504,27.4,415.4
2,2.1,R01,27,1504,27.5,415.5
2,2.1,R01,27,1504,27.6,415.5
2,2.1,R01,27,1504,27.7,415.6
2,2.1,R01,27,1504,27.8,415.6
2,2.1,R01,27,1504,27.9,415.7
2,2.1,R01,27,1504,28,415.8
2,2.1,R01,27,1504,28.1,415.9
2,2.1,R01,27,1504,28.2,416
2,2.1,R01,27,1504,28.3,416.2
2,2.1,R01,27,1504,28.4,416.3
2,2.1,R01,27,1504,28.5,416.3
2,2.1,R01,27,1504,28.6,416.5
2,2.1,R01,27,1504,28.7,416.6
2,2.1,R01,27,1504,28.8,416.7
2,2.1,R01,27,1504,28.9,416.8
2,2.1,R01,27,1504,29,416.9
2,2.1,R01,27,1504,29.1,417
2,2.1,R01,27,1504,29.2,417.1
2,2.1,R01,27,1504,29.3,417.2
2,2.1,R01,27,1504,29.4,417.3
2,2.1,R01,27,1504,29.5,417.4
2,2.1,R01,27,1504,29.6,417.4
2,2.1,R01,27,1504,29.7,417.5
2,2.1,R01,27,1504,29.8,417.6
2,2.1,R01,27,1504,29.9,417.7
2,2.1,R01,27,1504,30,417.7
2,2.1,R01,27,1504,30.1,417.8
2,2.1,R01,27,1504,30.2,417.9
2,2.1,R01,27,1504,30.3,417.9
2,2.1,R01,27,1504,30.4,418
2,2.1,R01,27,1504,30.5,418.1
2,2.1,R01,27,1504,30.6,418.2
2,2.1,R01,27,1504,30.7,418.2
2,2.1,R01,27,1504,30.8,418.3
2,2.1,R01,27,1504,30.9,418.3
2,2.1,R01,27,1504,31,418.4
2,2.1,R01,27,1504,31.1,418.5
2,2.1,R01,27,1504,31.2,418.5
2,2.1,R01,27,1504,31.3,418.6
2,2.1,R01,27,1504,31.4,418.6
2,2.1,R01,27,1504,31.5,418.7
2,2.1,R01,27,1504,31.6,418.7
2,2.1,R01,27,1504,31.7,418.8
2,2.1,R01,27,1504,31.8,418.8
2,2.1,R01,27,1504,31.9,418.9
2,2.1,R01,27,1504,32,418.9
2,2.1,R01,27,1504,32.1,419
2,2.1,R01,27,1504,32.2,419
2,2.1,R01,27,1504,32.3,419.1
2,2.1,R01,27,1504,32.4,419.1
2,2.1,R01,27,1504,32.5,419.2
2,2.1,R01,27,1504,32.6,419.2
2,2.1,R01,27,1504,32.7,419.3
2,2.1,R01,27,1504,32.8,419.3
2,2.1,R01,27,1504,32.9,419.4
2,2.1,R01,27,1504,33,419.4
2,2.1,R01,27,1504,33.1,419.5
2,2.1,R01,27,1504,33.2,419.5
2,2.1,R01,27,1504,33.3,419.6
2,2.1,R01,27,1504,33.4,419.6
2,2.1,R01,27,1504,33.5,419.7
2,2.1,R01,27,1504,33.6,419.7
2,2.1,R01,27,1504,33.7,419.8
2,2.1,R01,27,1504,33.8,419.8
2,2.1,R01,27,1504,33.9,419.9
2,2.1,R01,27,1504,34,419.9
2,2.1,R01,27,1504,34.1,420
2,2.1,R01,27,1504,34.2,420
2,2.1,R01,27,1504,34.3,420.1
2,2.1,R01,27,1504,34.4,420.2
2,2.1,R01,27,1504,34.5,420.2
2,2.1,R01,27,1504,34.6,420.3
2,2.1,R01,27,1504,34.7,420.3
2,2.1,R01,27,1504,34.8,420.4
2,2.1,R01,27,1504,34.9,420.4
2,2.1,R01,27,1504,35,420.5
2,2.1,R01,27,1504,35.1,420.5
2,2.1,R01,27,1504,35.2,420.6
2,2.1,R01,27,1504,35.3,420.7
2,2.1,R01,27,1504,35.4,420.8
2,2.1,R01,27,1504,35.5,420.8
2,2.1,R01,27,1504,35.6,421
2,2.1,R01,27,1504,35.7,421
2,2.1,R01,27,1504,35.8,421.1
2,2.1,R01,27,1504,35.9,421.2
2,2.1,R01,27,1504,36,421.3
2,2.1,R01,27,1504,36.1,421.4
2,2.1,R01,27,1504,36.2,421.5
2,2.1,R01,27,1504,36.3,421.7
2,2.1,R01,27,1504,36.4,421.8
2,2.1,R01,27,1504,36.5,421.8
2,2.1,R01,27,1504,36.6,422
2,2.1,R01,27,1504,36.7,422.1
2,2.1,R01,27,1504,36.8,422.2
2,2.1,R01,27,1504,36.9,422.3
2,2.1,R01,27,1504,37,422.3
2,2.1,R01,27,1504,37.1,422.3
2,2.1,R01,27,1504,37.2,422.3
2,2.1,R01,27,1504,37.3,422.3
2,2.1,R01,27,1504,37.4,422.3
2,2.1,R01,27,1504,37.5,422.3
2,2.1,R01,27,1504,37.6,422.3
2,2.1,R01,27,1504,37.7,422.3
2,2.1,R01,27,1504,37.8,422.3
2,2.1,R01,27,1505,0,0
2,2.1,R01,27,1505,0.1,8.026
2,2.1,R01,27,1505,0.2,15.8
2,2.1,R01,27,1505,0.3,28.93
2,2.1,R01,27,1505,0.4,39.59
2,2.1,R01,27,1505,0.5,52.96
2,2.1,R01,27,1505,0.6,68.6
2,2.1,R01,27,1505,0.7,77.7
2,2.1,R01,27,1505,0.8,86.56
2,2.1,R01,27,1505,0.9,98.79
2,2.1,R01,27,1505,1,106.3
2,2.1,R01,27,1505,1.1,117.6
2,2.1,R01,27,1505,1.2,125.3
2,2.1,R01,27,1505,1.3,136.6
2,2.1,R01,27,1505,1.4,144.7
2,2.1,R01,27,1505,1.5,152.4
2,2.1,R01,27,1505,1.6,164.9
2,2.1,R01,27,1505,1.7,173.6
2,2.1,R01,27,1505,1.8,181.9
2,2.1,R01,27,1505,1.9,195.9
2,2.1,R01,27,1505,2,204.7
2,2.1,R01,27,1505,2.1,218.8
2,2.1,R01,27,1505,2.2,228.2
2,2.1,R01,27,1505,2.3,241.7
2,2.1,R01,27,1505,2.4,251
2,2.1,R01,27,1505,2.5,259.6
2,2.1,R01,27,1505,2.6,272.8
2,2.1,R01,27,1505,2.7,281.6
2,2.1,R01,27,1505,2.8,288.9
2,2.1,R01,27,1505,2.9,295.7
2,2.1,R01,27,1505,3,297.4
2,2.1,R01,27,1505,3.1,299.1
2,2.1,R01,27,1505,3.2,299.9
2,2.1,R01,27,1505,3.3,301.6
2,2.1,R01,27,1505,3.4,302.6
2,2.1,R01,27,1505,3.5,303.6
2,2.1,R01,27,1505,3.6,305
2,2.1,R01,27,1505,3.7,306
2,2.1,R01,27,1505,3.8,306.9
2,2.1,R01,27,1505,3.9,308.3
2,2.1,R01,27,1505,4,309.2
2,2.1,R01,27,1505,4.1,310.5
2,2.1,R01,27,1505,4.2,311.3
2,2.1,R01,27,1505,4.3,312.5
2,2.1,R01,27,1505,4.4,313.3
2,2.1,R01,27,1505,4.5,314.1
2,2.1,R01,27,1505,4.6,315.4
2,2.1,R01,27,1505,4.7,316
2,2.1,R01,27,1505,4.8,316.7
2,2.1,R01,27,1505,4.9,317.6
2,2.1,R01,27,1505,5,318.3
2,2.1,R01,27,1505,5.1,319.4
2,2.1,R01,27,1505,5.2,320.3
2,2.1,R01,27,1505,5.3,321.2
2,2.1,R01,27,1505,5.4,322
2,2.1,R01,27,1505,5.5,322.7
2,2.1,R01,27,1505,5.6,323.8
2,2.1,R01,27,1505,5.7,324.5
2,2.1,R01,27,1505,5.8,325.2
2,2.1,R01,27,1505,5.9,326.5
2,2.1,R01,27,1505,6,327.5
2,2.1,R01,27,1505,6.1,329
2,2.1,R01,27,1505,6.2,330
2,2.1,R01,27,1505,6.3,331.3
2,2.1,R01,27,1505,6.4,332.1
2,2.1,R01,27,1505,6.5,332.9
2,2.1,R01,27,1505,6.6,334.2
2,2.1,R01,27,1505,6.7,335.1
2,2.1,R01,27,1505,6.8,336.1
2,2.1,R01,27,1505,6.9,337.6
2,2.1,R01,27,1505,7,338.7
2,2.1,R01,27,1505,7.1,340.5
2,2.1,R01,27,1505,7.2,341.9
2,2.1,R01,27,1505,7.3,344.3
2,2.1,R01,27,1505,7.4,345.9
2,2.1,R01,27,1505,7.5,347.8
2,2.1,R01,27,1505,7.6,350.7
2,2.1,R01,27,1505,7.7,352.9
2,2.1,R01,27,1505,7.8,355.4
2,2.1,R01,27,1505,7.9,359.4
2,2.1,R01,27,1505,8,362.4
2,2.1,R01,27,1505,8.1,367.8
2,2.1,R01,27,1505,8.2,371.3
2,2.1,R01,27,1505,8.3,377
2,2.1,R01,27,1505,8.4,381.2
2,2.1,R01,27,1505,8.5,385.7
2,2.1,R01,27,1505,8.6,392.7
2,2.1,R01,27,1505,8.7,397.7
2,2.1,R01,27,1505,8.8,403.2
2,2.1,R01,27,1505,8.9,411.8
2,2.1,R01,27,1505,9,417.6
2,2.1,R01,27,1505,9.1,426.5
2,2.1,R01,27,1505,9.2,432.3
2,2.1,R01,27,1505,9.3,440.4
2,2.1,R01,27,1505,9.4,445.3
2,2.1,R01,27,1505,9.5,449.8
2,2.1,R01,27,1505,9.6,455.1
2,2.1,R01,27,1505,9.7,458.3
2,2.1,R01,27,1505,9.8,459.9
2,2.1,R01,27,1505,9.9,461.2
2,2.1,R01,27,1505,10,461.9
2,2.1,R01,27,1505,10.1,462.8
2,2.1,R01,27,1505,10.2,463.3
2,2.1,R01,27,1505,10.3,464.2
2,2.1,R01,27,1505,10.4,464.7
2,2.1,R01,27,1505,10.5,465.3
2,2.1,R01,27,1505,10.6,466.2
2,2.1,R01,27,1505,10.7,466.8
2,2.1,R01,27,1505,10.8,467.4
2,2.1,R01,27,1505,10.9,468.2
2,2.1,R01,27,1505,11,468.9
2,2.1,R01,27,1505,11.1,469.8
2,2.1,R01,27,1505,11.2,470.4
2,2.1,R01,27,1505,11.3,471.2
2,2.1,R01,27,1505,11.4,471.8
2,2.1,R01,27,1505,11.5,472.4
2,2.1,R01,27,1505,11.6,473.2
2,2.1,R01,27,1505,11.7,473.8
2,2.1,R01,27,1505,11.8,474.4
2,2.1,R01,27,1505,11.9,475.3
2,2.1,R01,27,1505,12,475.8
2,2.1,R01,27,1505,12.1,476.8
2,2.1,R01,27,1505,12.2,477.5
2,2.1,R01,27,1505,12.3,478.3
2,2.1,R01,27,1505,12.4,478.8
2,2.1,R01,27,1505,12.5,479.3
2,2.1,R01,27,1505,12.6,479.7
2,2.1,R01,27,1505,12.7,480
2,2.1,R01,27,1505,12.8,480.3
2,2.1,R01,27,1505,12.9,480.8
2,2.1,R01,27,1505,13,481.2
2,2.1,R01,27,1505,13.1,481.7
2,2.1,R01,27,1505,13.2,482
2,2.1,R01,27,1505,13.3,482.4
2,2.1,R01,27,1505,13.4,482.7
2,2.1,R01,27,1505,13.5,482.9
2,2.1,R01,27,1505,13.6,483.3
2,2.1,R01,27,1505,13.7,483.5
2,2.1,R01,27,1505,13.8,483.8
2,2.1,R01,27,1505,13.9,484.1
2,2.1,R01,27,1505,14,484.4
2,2.1,R01,27,1505,14.1,484.5
2,2.1,R01,27,1505,14.2,484.6
2,2.1,R01,27,1505,14.3,484.7
2,2.1,R01,27,1505,14.4,484.8
2,2.1,R01,27,1505,14.5,484.9
2,2.1,R01,27,1505,14.6,485
2,2.1,R01,27,1505,14.7,485.1
2,2.1,R01,27,1505,14.8,485.2
2,2.1,R01,27,1505,14.9,485.4
2,2.1,R01,27,1505,15,485.6
2,2.1,R01,27,1505,15.1,485.8
2,2.1,R01,27,1505,15.2,485.9
2,2.1,R01,27,1505,15.3,486.1
2,2.1,R01,27,1505,15.4,486.2
2,2.1,R01,27,1505,15.5,486.3
2,2.1,R01,27,1505,15.6,486.4
2,2.1,R01,27,1505,15.7,486.5
2,2.1,R01,27,1505,15.8,486.6
2,2.1,R01,27,1505,15.9,486.8
2,2.1,R01,27,1505,16,486.9
2,2.1,R01,27,1505,16.1,487
2,2.1,R01,27,1505,16.2,487.1
2,2.1,R01,27,1505,16.3,487.2
2,2.1,R01,27,1505,16.4,487.3
2,2.1,R01,27,1505,16.5,487.4
2,2.1,R01,27,1505,16.6,487.5
2,2.1,R01,27,1505,16.7,487.6
2,2.1,R01,27,1505,16.8,487.7
2,2.1,R01,27,1505,16.9,487.8
2,2.1,R01,27,1505,17,487.9
2,2.1,R01,27,1505,17.1,488
2,2.1,R01,27,1505,17.2,488
2,2.1,R01,27,1505,17.3,488.1
2,2.1,R01,27,1505,17.4,488.2
2,2.1,R01,27,1505,17.5,488.3
2,2.1,R01,27,1505,17.6,488.4
2,2.1,R01,27,1505,17.7,488.5
2,2.1,R01,27,1505,17.8,488.5
2,2.1,R01,27,1505,17.9,488.6
2,2.1,R01,27,1505,18,488.7
2,2.1,R01,27,1505,18.1,488.8
2,2.1,R01,27,1505,18.2,488.8
2,2.1,R01,27,1505,18.3,488.9
2,2.1,R01,27,1505,18.4,488.9
2,2.1,R01,27,1505,18.5,489
2,2.1,R01,27,1505,18.6,489.1
2,2.1,R01,27,1505,18.7,489.1
2,2.1,R01,27,1505,18.8,489.2
2,2.1,R01,27,1505,18.9,489.3
2,2.1,R01,27,1505,19,489.3
2,2.1,R01,27,1505,19.1,489.4
2,2.1,R01,27,1505,19.2,489.4
2,2.1,R01,27,1505,19.3,489.5
2,2.1,R01,27,1505,19.4,489.5
2,2.1,R01,27,1505,19.5,489.6
2,2.1,R01,27,1505,19.6,489.6
2,2.1,R01,27,1505,19.7,489.7
2,2.1,R01,27,1505,19.8,489.7
2,2.1,R01,27,1505,19.9,489.8
2,2.1,R01,27,1505,20,489.8
2,2.1,R01,27,1505,20.1,489.8
2,2.1,R01,27,1505,20.2,489.9
2,2.1,R01,27,1505,20.3,489.9
2,2.1,R01,27,1505,20.4,489.9
2,2.1,R01,27,1505,20.5,490
2,2.1,R01,27,1505,20.6,490
2,2.1,R01,27,1505,20.7,490
2,2.1,R01,27,1505,20.8,490
2,2.1,R01,27,1505,20.9,490.1
2,2.1,R01,27,1505,21,490.1
2,2.1,R01,27,1505,21.1,490.2
2,2.1,R01,27,1505,21.2,490.2
2,2.1,R01,27,1505,21.3,490.3
2,2.1,R01,27,1505,21.4,490.3
2,2.1,R01,27,1505,21.5,490.4
2,2.1,R01,27,1505,21.6,490.4
2,2.1,R01,27,1505,21.7,490.5
2,2.1,R01,27,1505,21.8,490.5
2,2.1,R01,27,1505,21.9,490.6
2,2.1,R01,27,1505,22,490.6
2,2.1,R01,27,1505,22.1,490.5
2,2.1,R01,27,1505,22.2,490.5
2,2.1,R01,27,1505,22.3,490.5
2,2.1,R01,27,1505,22.4,490.5
2,2.1,R01,27,1505,22.5,490.5
2,2.1,R01,27,1505,22.6,490.5
2,2.1,R01,27,1505,22.7,490.5
2,2.1,R01,27,1505,22.8,490.5
2,2.1,R01,27,1505,22.9,490.5
2,2.1,R01,27,1505,23,490.5
2,2.1,R01,27,1505,23.1,490.5
2,2.1,R01,27,1505,23.2,490.5
2,2.1,R01,27,1505,23.3,490.5
2,2.1,R01,27,1505,23.4,490.5
2,2.1,R01,27,1505,23.5,490.5
2,2.1,R01,27,1505,23.6,490.6
2,2.1,R01,27,1505,23.7,490.6
2,2.1,R01,27,1505,23.8,490.6
2,2.1,R01,27,1505,23.9,490.6
2,2.1,R01,27,1505,24,490.6
2,2.1,R01,27,1505,24.1,490.6
2,2.1,R01,27,1505,24.2,490.6
2,2.1,R01,27,1505,24.3,490.7
2,2.1,R01,27,1505,24.4,490.7
2,2.1,R01,27,1505,24.5,490.7
2,2.1,R01,27,1505,24.6,490.7
2,2.1,R01,27,1505,24.7,490.7
2,2.1,R01,27,1505,24.8,490.8
2,2.1,R01,27,1505,24.9,490.8
2,2.1,R01,27,1505,25,490.9
2,2.1,R01,27,1505,25.1,490.9
2,2.1,R01,27,1505,25.2,490.9
2,2.1,R01,27,1505,25.3,491
2,2.1,R01,27,1505,25.4,491
2,2.1,R01,27,1505,25.5,491.1
2,2.1,R01,27,1505,25.6,491.1
2,2.1,R01,27,1505,25.7,491.2
2,2.1,R01,27,1505,25.8,491.2
2,2.1,R01,27,1505,25.9,491.3
2,2.1,R01,27,1505,26,491.3
2,2.1,R01,27,1505,26.1,491.4
2,2.1,R01,27,1505,26.2,491.4
2,2.1,R01,27,1505,26.3,491.5
2,2.1,R01,27,1505,26.4,491.5
2,2.1,R01,27,1505,26.5,491.6
2,2.1,R01,27,1505,26.6,491.6
2,2.1,R01,27,1505,26.7,491.7
2,2.1,R01,27,1505,26.8,491.7
2,2.1,R01,27,1505,26.9,491.8
2,2.1,R01,27,1505,27,491.8
2,2.1,R01,27,1505,27.1,491.8
2,2.1,R01,27,1505,27.2,491.8
2,2.1,R01,27,1505,27.3,491.8
2,2.1,R01,27,1505,27.4,491.8
2,2.1,R01,27,1505,27.5,491.8
2,2.1,R01,27,1505,27.6,491.8
2,2.1,R01,27,1505,27.7,491.9
2,2.1,R01,27,1505,27.8,491.9
2,2.1,R01,27,1505,27.9,491.9
2,2.1,R01,27,1505,28,491.9
2,2.1,R01,27,1505,28.1,491.9
2,2.1,R01,27,1505,28.2,491.9
2,2.1,R01,27,1505,28.3,491.9
2,2.1,R01,27,1505,28.4,491.9
2,2.1,R01,27,1505,28.5,491.9
2,2.1,R01,27,1505,28.6,492
2,2.1,R01,27,1505,28.7,492
2,2.1,R01,27,1505,28.8,492
2,2.1,R01,27,1505,28.9,492
2,2.1,R01,27,1505,29,492
2,2.1,R01,27,1505,29.1,492
2,2.1,R01,27,1505,29.2,492
2,2.1,R01,27,1505,29.3,492
2,2.1,R01,27,1505,29.4,492
2,2.1,R01,27,1505,29.5,492
2,2.1,R01,27,1505,29.6,492
2,2.1,R01,27,1505,29.7,492
2,2.1,R01,27,1505,29.8,492
2,2.1,R01,27,1505,29.9,492
2,2.1,R01,27,1505,30,492
2,2.1,R01,27,1505,30.1,492
2,2.1,R01,27,1505,30.2,492
2,2.1,R01,27,1505,30.3,492
2,2.1,R01,27,1505,30.4,492
2,2.1,R01,27,1505,30.5,492
2,2.1,R01,27,1505,30.6,492
2,2.1,R01,27,1505,30.7,492
2,2.1,R01,27,1505,30.8,492.1
2,2.1,R01,27,1505,30.9,492.1
2,2.1,R01,27,1505,31,492.2
2,2.1,R01,27,1505,31.1,492.2
2,2.1,R01,27,1505,31.2,492.2
2,2.1,R01,27,1505,31.3,492.3
2,2.1,R01,27,1505,31.4,492.3
2,2.1,R01,27,1505,31.5,492.3
2,2.1,R01,27,1505,31.6,492.4
2,2.1,R01,27,1505,31.7,492.4
2,2.1,R01,27,1505,31.8,492.4
2,2.1,R01,27,1505,31.9,492.5
2,2.1,R01,27,1505,32,492.5
2,2.1,R01,27,1505,32.1,492.6
2,2.1,R01,27,1505,32.2,492.6
2,2.1,R01,27,1505,32.3,492.6
2,2.1,R01,27,1505,32.4,492.7
2,2.1,R01,27,1505,32.5,492.7
2,2.1,R01,27,1505,32.6,492.7
2,2.1,R01,27,1505,32.7,492.8
2,2.1,R01,27,1505,32.8,492.8
2,2.1,R01,27,1505,32.9,492.8
2,2.1,R01,27,1505,33,492.9
2,2.1,R01,27,1505,33.1,492.9
2,2.1,R01,27,1505,33.2,492.9
2,2.1,R01,27,1505,33.3,493
2,2.1,R01,27,1505,33.4,493
2,2.1,R01,27,1505,33.5,493
2,2.1,R01,27,1505,33.6,493.1
2,2.1,R01,27,1505,33.7,493.1
2,2.1,R01,27,1505,33.8,493.2
2,2.1,R01,27,1505,33.9,493.2
2,2.1,R01,27,1505,34,493.3
2,2.1,R01,27,1505,34.1,493.3
2,2.1,R01,27,1505,34.2,493.3
2,2.1,R01,27,1505,34.3,493.4
2,2.1,R01,27,1505,34.4,493.4
2,2.1,R01,27,1505,34.5,493.5
2,2.1,R01,27,1505,34.6,493.5
2,2.1,R01,27,1505,34.7,493.6
2,2.1,R01,27,1505,34.8,493.6
2,2.1,R01,27,1505,34.9,493.6
2,2.1,R01,27,1505,35,493.7
2,2.1,R01,27,1505,35.1,493.7
2,2.1,R01,27,1505,35.2,493.8
2,2.1,R01,27,1505,35.3,493.8
2,2.1,R01,27,1505,35.4,493.9
2,2.1,R01,27,1505,35.5,493.9
2,2.1,R01,27,1505,35.6,494
2,2.1,R01,27,1505,35.7,494
2,2.1,R01,27,1505,35.8,493.9
2,2.1,R01,27,1505,35.9,493.9
2,2.1,R01,27,1505,36,493.9
2,2.1,R01,27,1505,36.1,493.9
2,2.1,R01,27,1505,36.2,493.9
2,2.1,R01,27,1505,36.3,493.9
2,2.1,R01,27,1505,36.4,493.9
2,2.1,R01,27,1505,36.5,493.8
2,2.1,R01,27,1505,36.6,493.8
2,2.1,R01,27,1505,36.7,493.8
2,2.1,R01,27,1505,36.8,493.8
2,2.1,R01,27,1505,36.9,493.8
2,2.1,R01,27,1505,37,493.8
2,2.1,R01,27,1505,37.1,493.8
2,2.1,R01,27,1505,37.2,493.8
2,2.1,R01,27,1505,37.3,493.8
2,2.1,R01,27,1505,37.4,493.8
2,2.1,R01,27,1505,37.5,493.8
2,2.1,R01,27,1505,37.6,493.8
2,2.1,R01,27,1505,37.7,493.8
2,2.1,R01,27,1505,37.8,493.8
2,2.1,R01,27,1507,0,0
2,2.1,R01,27,1507,0.1,-0.1121
2,2.1,R01,27,1507,0.2,0.189
2,2.1,R01,27,1507,0.3,0.7846
2,2.1,R01,27,1507,0.4,1.432
2,2.1,R01,27,1507,0.5,2.36
2,2.1,R01,27,1507,0.6,4.64
2,2.1,R01,27,1507,0.7,7.232
2,2.1,R01,27,1507,0.8,10.79
2,2.1,R01,27,1507,0.9,19.58
2,2.1,R01,27,1507,1,27.66
2,2.1,R01,27,1507,1.1,41.87
2,2.1,R01,27,1507,1.2,52.36
2,2.1,R01,27,1507,1.3,68.27
2,2.1,R01,27,1507,1.4,79.01
2,2.1,R01,27,1507,1.5,89.68
2,2.1,R01,27,1507,1.6,105.4
2,2.1,R01,27,1507,1.7,115.2
2,2.1,R01,27,1507,1.8,125.6
2,2.1,R01,27,1507,1.9,140.3
2,2.1,R01,27,1507,2,150.5
2,2.1,R01,27,1507,2.1,165.3
2,2.1,R01,27,1507,2.2,175.8
2,2.1,R01,27,1507,2.3,191
2,2.1,R01,27,1507,2.4,201.9
2,2.1,R01,27,1507,2.5,213
2,2.1,R01,27,1507,2.6,230
2,2.1,R01,27,1507,2.7,241.6
2,2.1,R01,27,1507,2.8,253.4
2,2.1,R01,27,1507,2.9,270
2,2.1,R01,27,1507,3,279.2
2,2.1,R01,27,1507,3.1,290.6
2,2.1,R01,27,1507,3.2,297.9
2,2.1,R01,27,1507,3.3,307.7
2,2.1,R01,27,1507,3.4,312.4
2,2.1,R01,27,1507,3.5,316.7
2,2.1,R01,27,1507,3.6,322.6
2,2.1,R01,27,1507,3.7,325.9
2,2.1,R01,27,1507,3.8,328.9
2,2.1,R01,27,1507,3.9,332.5
2,2.1,R01,27,1507,4,334.8
2,2.1,R01,27,1507,4.1,337.7
2,2.1,R01,27,1507,4.2,339.3
2,2.1,R01,27,1507,4.3,341.7
2,2.1,R01,27,1507,4.4,343
2,2.1,R01,27,1507,4.5,344.2
2,2.1,R01,27,1507,4.6,345.9
2,2.1,R01,27,1507,4.7,347
2,2.1,R01,27,1507,4.8,348
2,2.1,R01,27,1507,4.9,349.4
2,2.1,R01,27,1507,5,350.2
2,2.1,R01,27,1507,5.1,351.4
2,2.1,R01,27,1507,5.2,351.9
2,2.1,R01,27,1507,5.3,352.9
2,2.1,R01,27,1507,5.4,353.6
2,2.1,R01,27,1507,5.5,354.1
2,2.1,R01,27,1507,5.6,354.9
2,2.1,R01,27,1507,5.7,355.4
2,2.1,R01,27,1507,5.8,355.8
2,2.1,R01,27,1507,5.9,356.5
2,2.1,R01,27,1507,6,356.9
2,2.1,R01,27,1507,6.1,357.5
2,2.1,R01,27,1507,6.2,358
2,2.1,R01,27,1507,6.3,358.5
2,2.1,R01,27,1507,6.4,358.9
2,2.1,R01,27,1507,6.5,359.2
2,2.1,R01,27,1507,6.6,359.7
2,2.1,R01,27,1507,6.7,360.1
2,2.1,R01,27,1507,6.8,360.4
2,2.1,R01,27,1507,6.9,360.9
2,2.1,R01,27,1507,7,361.2
2,2.1,R01,27,1507,7.1,361.6
2,2.1,R01,27,1507,7.2,361.9
2,2.1,R01,27,1507,7.3,362.3
2,2.1,R01,27,1507,7.4,362.5
2,2.1,R01,27,1507,7.5,362.8
2,2.1,R01,27,1507,7.6,363.2
2,2.1,R01,27,1507,7.7,363.5
2,2.1,R01,27,1507,7.8,363.7
2,2.1,R01,27,1507,7.9,364.1
2,2.1,R01,27,1507,8,364.4
2,2.1,R01,27,1507,8.1,364.8
2,2.1,R01,27,1507,8.2,365
2,2.1,R01,27,1507,8.3,365.4
2,2.1,R01,27,1507,8.4,365.6
2,2.1,R01,27,1507,8.5,365.9
2,2.1,R01,27,1507,8.6,366.2
2,2.1,R01,27,1507,8.7,366.5
2,2.1,R01,27,1507,8.8,366.7
2,2.1,R01,27,1507,8.9,367.1
2,2.1,R01,27,1507,9,367.3
2,2.1,R01,27,1507,9.1,367.6
2,2.1,R01,27,1507,9.2,367.8
2,2.1,R01,27,1507,9.3,368.1
2,2.1,R01,27,1507,9.4,368.3
2,2.1,R01,27,1507,9.5,368.5
2,2.1,R01,27,1507,9.6,368.8
2,2.1,R01,27,1507,9.7,368.9
2,2.1,R01,27,1507,9.8,369.1
2,2.1,R01,27,1507,9.9,369.5
2,2.1,R01,27,1507,10,369.7
2,2.1,R01,27,1507,10.1,369.9
2,2.1,R01,27,1507,10.2,370
2,2.1,R01,27,1507,10.3,370.2
2,2.1,R01,27,1507,10.4,370.4
2,2.1,R01,27,1507,10.5,370.5
2,2.1,R01,27,1507,10.6,370.7
2,2.1,R01,27,1507,10.7,370.9
2,2.1,R01,27,1507,10.8,371.1
2,2.1,R01,27,1507,10.9,371.3
2,2.1,R01,27,1507,11,371.5
2,2.1,R01,27,1507,11.1,371.7
2,2.1,R01,27,1507,11.2,371.9
2,2.1,R01,27,1507,11.3,372.1
2,2.1,R01,27,1507,11.4,372.2
2,2.1,R01,27,1507,11.5,372.4
2,2.1,R01,27,1507,11.6,372.6
2,2.1,R01,27,1507,11.7,372.7
2,2.1,R01,27,1507,11.8,372.9
2,2.1,R01,27,1507,11.9,373.1
2,2.1,R01,27,1507,12,373.2
2,2.1,R01,27,1507,12.1,373.4
2,2.1,R01,27,1507,12.2,373.5
2,2.1,R01,27,1507,12.3,373.7
2,2.1,R01,27,1507,12.4,373.9
2,2.1,R01,27,1507,12.5,374
2,2.1,R01,27,1507,12.6,374.2
2,2.1,R01,27,1507,12.7,374.3
2,2.1,R01,27,1507,12.8,374.5
2,2.1,R01,27,1507,12.9,374.7
2,2.1,R01,27,1507,13,374.8
2,2.1,R01,27,1507,13.1,375
2,2.1,R01,27,1507,13.2,375.1
2,2.1,R01,27,1507,13.3,375.3
2,2.1,R01,27,1507,13.4,375.4
2,2.1,R01,27,1507,13.5,375.5
2,2.1,R01,27,1507,13.6,375.7
2,2.1,R01,27,1507,13.7,375.8
2,2.1,R01,27,1507,13.8,375.9
2,2.1,R01,27,1507,13.9,376.1
2,2.1,R01,27,1507,14,376.2
2,2.1,R01,27,1507,14.1,376.4
2,2.1,R01,27,1507,14.2,376.5
2,2.1,R01,27,1507,14.3,376.7
2,2.1,R01,27,1507,14.4,376.8
2,2.1,R01,27,1507,14.5,376.9
2,2.1,R01,27,1507,14.6,377
2,2.1,R01,27,1507,14.7,377.1
2,2.1,R01,27,1507,14.8,377.2
2,2.1,R01,27,1507,14.9,377.4
2,2.1,R01,27,1507,15,377.5
2,2.1,R01,27,1507,15.1,377.7
2,2.1,R01,27,1507,15.2,377.8
2,2.1,R01,27,1507,15.3,378
2,2.1,R01,27,1507,15.4,378.1
2,2.1,R01,27,1507,15.5,378.2
2,2.1,R01,27,1507,15.6,378.4
2,2.1,R01,27,1507,15.7,378.5
2,2.1,R01,27,1507,15.8,378.6
2,2.1,R01,27,1507,15.9,378.8
2,2.1,R01,27,1507,16,378.9
2,2.1,R01,27,1507,16.1,379.1
2,2.1,R01,27,1507,16.2,379.2
2,2.1,R01,27,1507,16.3,379.4
2,2.1,R01,27,1507,16.4,379.5
2,2.1,R01,27,1507,16.5,379.6
2,2.1,R01,27,1507,16.6,379.7
2,2.1,R01,27,1507,16.7,379.8
2,2.1,R01,27,1507,16.8,379.9
2,2.1,R01,27,1507,16.9,380.1
2,2.1,R01,27,1507,17,380.2
2,2.1,R01,27,1507,17.1,380.3
2,2.1,R01,27,1507,17.2,380.4
2,2.1,R01,27,1507,17.3,380.6
2,2.1,R01,27,1507,17.4,380.7
2,2.1,R01,27,1507,17.5,380.8
2,2.1,R01,27,1507,17.6,380.9
2,2.1,R01,27,1507,17.7,381
2,2.1,R01,27,1507,17.8,381.1
2,2.1,R01,27,1507,17.9,381.3
2,2.1,R01,27,1507,18,381.4
2,2.1,R01,27,1507,18.1,381.5
2,2.1,R01,27,1507,18.2,381.6
2,2.1,R01,27,1507,18.3,381.7
2,2.1,R01,27,1507,18.4,381.8
2,2.1,R01,27,1507,18.5,381.9
2,2.1,R01,27,1507,18.6,382
2,2.1,R01,27,1507,18.7,382.1
2,2.1,R01,27,1507,18.8,382.2
2,2.1,R01,27,1507,18.9,382.4
2,2.1,R01,27,1507,19,382.5
2,2.1,R01,27,1507,19.1,382.6
2,2.1,R01,27,1507,19.2,382.7
2,2.1,R01,27,1507,19.3,382.9
2,2.1,R01,27,1507,19.4,383
2,2.1,R01,27,1507,19.5,383.1
2,2.1,R01,27,1507,19.6,383.2
2,2.1,R01,27,1507,19.7,383.3
2,2.1,R01,27,1507,19.8,383.5
2,2.1,R01,27,1507,19.9,383.6
2,2.1,R01,27,1507,20,383.7
2,2.1,R01,27,1507,20.1,383.9
2,2.1,R01,27,1507,20.2,384
2,2.1,R01,27,1507,20.3,384.1
2,2.1,R01,27,1507,20.4,384.2
2,2.1,R01,27,1507,20.5,384.3
2,2.1,R01,27,1507,20.6,384.5
2,2.1,R01,27,1507,20.7,384.6
2,2.1,R01,27,1507,20.8,384.7
2,2.1,R01,27,1507,20.9,384.9
2,2.1,R01,27,1507,21,385
2,2.1,R01,27,1507,21.1,385.2
2,2.1,R01,27,1507,21.2,385.3
2,2.1,R01,27,1507,21.3,385.5
2,2.1,R01,27,1507,21.4,385.6
2,2.1,R01,27,1507,21.5,385.7
2,2.1,R01,27,1507,21.6,385.8
2,2.1,R01,27,1507,21.7,385.9
2,2.1,R01,27,1507,21.8,386
2,2.1,R01,27,1507,21.9,386.1
2,2.1,R01,27,1507,22,386.2
2,2.1,R01,27,1507,22.1,386.4
2,2.1,R01,27,1507,22.2,386.4
2,2.1,R01,27,1507,22.3,386.6
2,2.1,R01,27,1507,22.4,386.6
2,2.1,R01,27,1507,22.5,386.7
2,2.1,R01,27,1507,22.6,386.7
2,2.1,R01,27,1507,22.7,386.8
2,2.1,R01,27,1507,22.8,386.8
2,2.1,R01,27,1507,22.9,386.9
2,2.1,R01,27,1507,23,387
2,2.1,R01,27,1507,23.1,387.1
2,2.1,R01,27,1507,23.2,387.1
2,2.1,R01,27,1507,23.3,387.2
2,2.1,R01,27,1507,23.4,387.3
2,2.1,R01,27,1507,23.5,387.4
2,2.1,R01,27,1507,23.6,387.5
2,2.1,R01,27,1507,23.7,387.5
2,2.1,R01,27,1507,23.8,387.6
2,2.1,R01,27,1507,23.9,387.7
2,2.1,R01,27,1507,24,387.8
2,2.1,R01,27,1507,24.1,388
2,2.1,R01,27,1507,24.2,388.1
2,2.1,R01,27,1507,24.3,388.2
2,2.1,R01,27,1507,24.4,388.3
2,2.1,R01,27,1507,24.5,388.4
2,2.1,R01,27,1507,24.6,388.6
2,2.1,R01,27,1507,24.7,388.7
2,2.1,R01,27,1507,24.8,388.8
2,2.1,R01,27,1507,24.9,388.9
2,2.1,R01,27,1507,25,389
2,2.1,R01,27,1507,25.1,389.1
2,2.1,R01,27,1507,25.2,389.2
2,2.1,R01,27,1507,25.3,389.3
2,2.1,R01,27,1507,25.4,389.4
2,2.1,R01,27,1507,25.5,389.5
2,2.1,R01,27,1507,25.6,389.6
2,2.1,R01,27,1507,25.7,389.7
2,2.1,R01,27,1507,25.8,389.8
2,2.1,R01,27,1507,25.9,389.9
2,2.1,R01,27,1507,26,390
2,2.1,R01,27,1507,26.1,390.2
2,2.1,R01,27,1507,26.2,390.3
2,2.1,R01,27,1507,26.3,390.4
2,2.1,R01,27,1507,26.4,390.4
2,2.1,R01,27,1507,26.5,390.5
2,2.1,R01,27,1507,26.6,390.6
2,2.1,R01,27,1507,26.7,390.7
2,2.1,R01,27,1507,26.8,390.7
2,2.1,R01,27,1507,26.9,390.8
2,2.1,R01,27,1507,27,390.9
2,2.1,R01,27,1507,27.1,390.9
2,2.1,R01,27,1507,27.2,391
2,2.1,R01,27,1507,27.3,391.1
2,2.1,R01,27,1507,27.4,391.2
2,2.1,R01,27,1507,27.5,391.2
2,2.1,R01,27,1507,27.6,391.3
2,2.1,R01,27,1507,27.7,391.4
2,2.1,R01,27,1507,27.8,391.4
2,2.1,R01,27,1507,27.9,391.5
2,2.1,R01,27,1507,28,391.6
2,2.1,R01,27,1507,28.1,391.7
2,2.1,R01,27,1507,28.2,391.7
2,2.1,R01,27,1507,28.3,391.9
2,2.1,R01,27,1507,28.4,391.9
2,2.1,R01,27,1507,28.5,392
2,2.1,R01,27,1507,28.6,392.1
2,2.1,R01,27,1507,28.7,392.2
2,2.1,R01,27,1507,28.8,392.3
2,2.1,R01,27,1507,28.9,392.4
2,2.1,R01,27,1507,29,392.5
2,2.1,R01,27,1507,29.1,392.6
2,2.1,R01,27,1507,29.2,392.6
2,2.1,R01,27,1507,29.3,392.8
2,2.1,R01,27,1507,29.4,392.8
2,2.1,R01,27,1507,29.5,392.9
2,2.1,R01,27,1507,29.6,393
2,2.1,R01,27,1507,29.7,393.1
2,2.1,R01,27,1507,29.8,393.1
2,2.1,R01,27,1507,29.9,393.2
2,2.1,R01,27,1507,30,393.3
2,2.1,R01,27,1507,30.1,393.4
2,2.1,R01,27,1507,30.2,393.4
2,2.1,R01,27,1507,30.3,393.5
2,2.1,R01,27,1507,30.4,393.6
2,2.1,R01,27,1507,30.5,393.7
2,2.1,R01,27,1507,30.6,393.7
2,2.1,R01,27,1507,30.7,393.8
2,2.1,R01,27,1507,30.8,393.9
2,2.1,R01,27,1507,30.9,393.9
2,2.1,R01,27,1507,31,394
2,2.1,R01,27,1507,31.1,394.1
2,2.1,R01,27,1507,31.2,394.1
2,2.1,R01,27,1507,31.3,394.2
2,2.1,R01,27,1507,31.4,394.3
2,2.1,R01,27,1507,31.5,394.3
2,2.1,R01,27,1507,31.6,394.4
2,2.1,R01,27,1507,31.7,394.4
2,2.1,R01,27,1507,31.8,394.5
2,2.1,R01,27,1507,31.9,394.5
2,2.1,R01,27,1507,32,394.6
2,2.1,R01,27,1507,32.1,394.6
2,2.1,R01,27,1507,32.2,394.7
2,2.1,R01,27,1507,32.3,394.7
2,2.1,R01,27,1507,32.4,394.8
2,2.1,R01,27,1507,32.5,394.8
2,2.1,R01,27,1507,32.6,394.9
2,2.1,R01,27,1507,32.7,394.9
2,2.1,R01,27,1507,32.8,395
2,2.1,R01,27,1507,32.9,395.1
2,2.1,R01,27,1507,33,395.1
2,2.1,R01,27,1507,33.1,395.1
2,2.1,R01,27,1507,33.2,395.1
2,2.1,R01,27,1507,33.3,395.2
2,2.1,R01,27,1507,33.4,395.2
2,2.1,R01,27,1507,33.5,395.3
2,2.1,R01,27,1507,33.6,395.3
2,2.1,R01,27,1507,33.7,395.3
2,2.1,R01,27,1507,33.8,395.4
2,2.1,R01,27,1507,33.9,395.4
2,2.1,R01,27,1507,34,395.4
2,2.1,R01,27,1507,34.1,395.5
2,2.1,R01,27,1507,34.2,395.5
2,2.1,R01,27,1507,34.3,395.6
2,2.1,R01,27,1507,34.4,395.6
2,2.1,R01,27,1507,34.5,395.6
2,2.1,R01,27,1507,34.6,395.7
2,2.1,R01,27,1507,34.7,395.7
2,2.1,R01,27,1507,34.8,395.7
2,2.1,R01,27,1507,34.9,395.8
2,2.1,R01,27,1507,35,395.8
2,2.1,R01,27,1507,35.1,395.9
2,2.1,R01,27,1507,35.2,395.9
2,2.1,R01,27,1507,35.3,395.9
2,2.1,R01,27,1507,35.4,396
2,2.1,R01,27,1507,35.5,396
2,2.1,R01,27,1507,35.6,396.1
2,2.1,R01,27,1507,35.7,396.1
2,2.1,R01,27,1507,35.8,396.1
2,2.1,R01,27,1507,35.9,396.2
2,2.1,R01,27,1507,36,396.2
2,2.1,R01,27,1507,36.1,396.1
2,2.1,R01,27,1507,36.2,396.1
2,2.1,R01,27,1507,36.3,396.1
2,2.1,R01,27,1507,36.4,396.1
2,2.1,R01,27,1507,36.5,396.1
2,2.1,R01,27,1507,36.6,396.1
2,2.1,R01,27,1507,36.7,396.1
2,2.1,R01,27,1507,36.8,396.1
2,2.1,R01,27,1507,36.9,396.1
2,2.1,R01,27,1507,37,396.1
2,2.1,R01,27,1507,37.1,396.1
2,2.1,R01,27,1507,37.2,396.1
2,2.1,R01,27,1507,37.3,396.1
2,2.1,R01,27,1507,37.4,396.1
2,2.1,R01,27,1507,37.5,396.1
2,2.1,R01,27,1507,37.6,396.1
2,2.1,R01,27,1507,37.7,396.1
2,2.1,R01,27,1507,37.8,396.1
2,2.1,R01,27,1508,0,0
2,2.1,R01,27,1508,0.1,3.704
2,2.1,R01,27,1508,0.2,9.001
2,2.1,R01,27,1508,0.3,19.73
2,2.1,R01,27,1508,0.4,27.68
2,2.1,R01,27,1508,0.5,39.29
2,2.1,R01,27,1508,0.6,62.53
2,2.1,R01,27,1508,0.7,73.74
2,2.1,R01,27,1508,0.8,83.82
2,2.1,R01,27,1508,0.9,98.06
2,2.1,R01,27,1508,1,107.6
2,2.1,R01,27,1508,1.1,122.3
2,2.1,R01,27,1508,1.2,132.7
2,2.1,R01,27,1508,1.3,149
2,2.1,R01,27,1508,1.4,159.9
2,2.1,R01,27,1508,1.5,169.9
2,2.1,R01,27,1508,1.6,184.5
2,2.1,R01,27,1508,1.7,194.4
2,2.1,R01,27,1508,1.8,204.8
2,2.1,R01,27,1508,1.9,221
2,2.1,R01,27,1508,2,232.2
2,2.1,R01,27,1508,2.1,249.7
2,2.1,R01,27,1508,2.2,261.6
2,2.1,R01,27,1508,2.3,279.1
2,2.1,R01,27,1508,2.4,290.2
2,2.1,R01,27,1508,2.5,297.6
2,2.1,R01,27,1508,2.6,306.2
2,2.1,R01,27,1508,2.7,313.1
2,2.1,R01,27,1508,2.8,320.3
2,2.1,R01,27,1508,2.9,328.2
2,2.1,R01,27,1508,3,330.8
2,2.1,R01,27,1508,3.1,334.5
2,2.1,R01,27,1508,3.2,337
2,2.1,R01,27,1508,3.3,340.2
2,2.1,R01,27,1508,3.4,342.6
2,2.1,R01,27,1508,3.5,344.6
2,2.1,R01,27,1508,3.6,347.5
2,2.1,R01,27,1508,3.7,348.8
2,2.1,R01,27,1508,3.8,350.2
2,2.1,R01,27,1508,3.9,352.1
2,2.1,R01,27,1508,4,353.2
2,2.1,R01,27,1508,4.1,355
2,2.1,R01,27,1508,4.2,356
2,2.1,R01,27,1508,4.3,357.6
2,2.1,R01,27,1508,4.4,358.5
2,2.1,R01,27,1508,4.5,359.5
2,2.1,R01,27,1508,4.6,360.8
2,2.1,R01,27,1508,4.7,361.7
2,2.1,R01,27,1508,4.8,362.6
2,2.1,R01,27,1508,4.9,363.9
2,2.1,R01,27,1508,5,364.7
2,2.1,R01,27,1508,5.1,365.9
2,2.1,R01,27,1508,5.2,366.7
2,2.1,R01,27,1508,5.3,367.8
2,2.1,R01,27,1508,5.4,368.5
2,2.1,R01,27,1508,5.5,369.2
2,2.1,R01,27,1508,5.6,370.3
2,2.1,R01,27,1508,5.7,370.9
2,2.1,R01,27,1508,5.8,371.5
2,2.1,R01,27,1508,5.9,372.5
2,2.1,R01,27,1508,6,373.2
2,2.1,R01,27,1508,6.1,374.1
2,2.1,R01,27,1508,6.2,374.6
2,2.1,R01,27,1508,6.3,375.2
2,2.1,R01,27,1508,6.4,375.8
2,2.1,R01,27,1508,6.5,376.3
2,2.1,R01,27,1508,6.6,377
2,2.1,R01,27,1508,6.7,377.5
2,2.1,R01,27,1508,6.8,377.9
2,2.1,R01,27,1508,6.9,378.6
2,2.1,R01,27,1508,7,379
2,2.1,R01,27,1508,7.1,379.6
2,2.1,R01,27,1508,7.2,380.1
2,2.1,R01,27,1508,7.3,380.8
2,2.1,R01,27,1508,7.4,381.2
2,2.1,R01,27,1508,7.5,381.6
2,2.1,R01,27,1508,7.6,382.2
2,2.1,R01,27,1508,7.7,382.6
2,2.1,R01,27,1508,7.8,383
2,2.1,R01,27,1508,7.9,383.6
2,2.1,R01,27,1508,8,383.9
2,2.1,R01,27,1508,8.1,384.5
2,2.1,R01,27,1508,8.2,384.8
2,2.1,R01,27,1508,8.3,385.3
2,2.1,R01,27,1508,8.4,385.6
2,2.1,R01,27,1508,8.5,385.9
2,2.1,R01,27,1508,8.6,386.4
2,2.1,R01,27,1508,8.7,386.8
2,2.1,R01,27,1508,8.8,387.1
2,2.1,R01,27,1508,8.9,387.6
2,2.1,R01,27,1508,9,387.9
2,2.1,R01,27,1508,9.1,388.3
2,2.1,R01,27,1508,9.2,388.6
2,2.1,R01,27,1508,9.3,389
2,2.1,R01,27,1508,9.4,389.2
2,2.1,R01,27,1508,9.5,389.5
2,2.1,R01,27,1508,9.6,389.9
2,2.1,R01,27,1508,9.7,390.1
2,2.1,R01,27,1508,9.8,390.4
2,2.1,R01,27,1508,9.9,390.7
2,2.1,R01,27,1508,10,391
2,2.1,R01,27,1508,10.1,391.3
2,2.1,R01,27,1508,10.2,391.6
2,2.1,R01,27,1508,10.3,391.9
2,2.1,R01,27,1508,10.4,392.2
2,2.1,R01,27,1508,10.5,392.4
2,2.1,R01,27,1508,10.6,392.9
2,2.1,R01,27,1508,10.7,393.2
2,2.1,R01,27,1508,10.8,393.5
2,2.1,R01,27,1508,10.9,393.9
2,2.1,R01,27,1508,11,394.2
2,2.1,R01,27,1508,11.1,394.7
2,2.1,R01,27,1508,11.2,395
2,2.1,R01,27,1508,11.3,395.3
2,2.1,R01,27,1508,11.4,395.5
2,2.1,R01,27,1508,11.5,395.7
2,2.1,R01,27,1508,11.6,396.1
2,2.1,R01,27,1508,11.7,396.3
2,2.1,R01,27,1508,11.8,396.5
2,2.1,R01,27,1508,11.9,396.8
2,2.1,R01,27,1508,12,397
2,2.1,R01,27,1508,12.1,397.3
2,2.1,R01,27,1508,12.2,397.5
2,2.1,R01,27,1508,12.3,397.7
2,2.1,R01,27,1508,12.4,397.9
2,2.1,R01,27,1508,12.5,398
2,2.1,R01,27,1508,12.6,398.3
2,2.1,R01,27,1508,12.7,398.5
2,2.1,R01,27,1508,12.8,398.7
2,2.1,R01,27,1508,12.9,399
2,2.1,R01,27,1508,13,399.2
2,2.1,R01,27,1508,13.1,399.5
2,2.1,R01,27,1508,13.2,399.7
2,2.1,R01,27,1508,13.3,400
2,2.1,R01,27,1508,13.4,400.2
2,2.1,R01,27,1508,13.5,400.4
2,2.1,R01,27,1508,13.6,400.6
2,2.1,R01,27,1508,13.7,400.8
2,2.1,R01,27,1508,13.8,401
2,2.1,R01,27,1508,13.9,401.2
2,2.1,R01,27,1508,14,401.4
2,2.1,R01,27,1508,14.1,401.6
2,2.1,R01,27,1508,14.2,401.8
2,2.1,R01,27,1508,14.3,402.1
2,2.1,R01,27,1508,14.4,402.3
2,2.1,R01,27,1508,14.5,402.4
2,2.1,R01,27,1508,14.6,402.6
2,2.1,R01,27,1508,14.7,402.8
2,2.1,R01,27,1508,14.8,403
2,2.1,R01,27,1508,14.9,403.2
2,2.1,R01,27,1508,15,403.3
2,2.1,R01,27,1508,15.1,403.5
2,2.1,R01,27,1508,15.2,403.7
2,2.1,R01,27,1508,15.3,403.9
2,2.1,R01,27,1508,15.4,404.1
2,2.1,R01,27,1508,15.5,404.2
2,2.1,R01,27,1508,15.6,404.4
2,2.1,R01,27,1508,15.7,404.5
2,2.1,R01,27,1508,15.8,404.6
2,2.1,R01,27,1508,15.9,404.8
2,2.1,R01,27,1508,16,404.9
2,2.1,R01,27,1508,16.1,405.1
2,2.1,R01,27,1508,16.2,405.2
2,2.1,R01,27,1508,16.3,405.4
2,2.1,R01,27,1508,16.4,405.6
2,2.1,R01,27,1508,16.5,405.7
2,2.1,R01,27,1508,16.6,405.9
2,2.1,R01,27,1508,16.7,406
2,2.1,R01,27,1508,16.8,406.1
2,2.1,R01,27,1508,16.9,406.3
2,2.1,R01,27,1508,17,406.4
2,2.1,R01,27,1508,17.1,406.6
2,2.1,R01,27,1508,17.2,406.7
2,2.1,R01,27,1508,17.3,406.8
2,2.1,R01,27,1508,17.4,406.9
2,2.1,R01,27,1508,17.5,407
2,2.1,R01,27,1508,17.6,407.1
2,2.1,R01,27,1508,17.7,407.2
2,2.1,R01,27,1508,17.8,407.3
2,2.1,R01,27,1508,17.9,407.4
2,2.1,R01,27,1508,18,407.5
2,2.1,R01,27,1508,18.1,407.7
2,2.1,R01,27,1508,18.2,407.7
2,2.1,R01,27,1508,18.3,407.9
2,2.1,R01,27,1508,18.4,408
2,2.1,R01,27,1508,18.5,408
2,2.1,R01,27,1508,18.6,408.2
2,2.1,R01,27,1508,18.7,408.3
2,2.1,R01,27,1508,18.8,408.4
2,2.1,R01,27,1508,18.9,408.5
2,2.1,R01,27,1508,19,408.6
2,2.1,R01,27,1508,19.1,408.8
2,2.1,R01,27,1508,19.2,408.9
2,2.1,R01,27,1508,19.3,409
2,2.1,R01,27,1508,19.4,409.1
2,2.1,R01,27,1508,19.5,409.2
2,2.1,R01,27,1508,19.6,409.4
2,2.1,R01,27,1508,19.7,409.5
2,2.1,R01,27,1508,19.8,409.6
2,2.1,R01,27,1508,19.9,409.7
2,2.1,R01,27,1508,20,409.9
2,2.1,R01,27,1508,20.1,410
2,2.1,R01,27,1508,20.2,410.1
2,2.1,R01,27,1508,20.3,410.3
2,2.1,R01,27,1508,20.4,410.4
2,2.1,R01,27,1508,20.5,410.4
2,2.1,R01,27,1508,20.6,410.6
2,2.1,R01,27,1508,20.7,410.7
2,2.1,R01,27,1508,20.8,410.7
2,2.1,R01,27,1508,20.9,410.9
2,2.1,R01,27,1508,21,411
2,2.1,R01,27,1508,21.1,411.2
2,2.1,R01,27,1508,21.2,411.3
2,2.1,R01,27,1508,21.3,411.5
2,2.1,R01,27,1508,21.4,411.6
2,2.1,R01,27,1508,21.5,411.6
2,2.1,R01,27,1508,21.6,411.8
2,2.1,R01,27,1508,21.7,411.9
2,2.1,R01,27,1508,21.8,412
2,2.1,R01,27,1508,21.9,412.1
2,2.1,R01,27,1508,22,412.2
2,2.1,R01,27,1508,22.1,412.3
2,2.1,R01,27,1508,22.2,412.4
2,2.1,R01,27,1508,22.3,412.5
2,2.1,R01,27,1508,22.4,412.6
2,2.1,R01,27,1508,22.5,412.7
2,2.1,R01,27,1508,22.6,412.7
2,2.1,R01,27,1508,22.7,412.8
2,2.1,R01,27,1508,22.8,412.8
2,2.1,R01,27,1508,22.9,412.9
2,2.1,R01,27,1508,23,413
2,2.1,R01,27,1508,23.1,413.1
2,2.1,R01,27,1508,23.2,413.1
2,2.1,R01,27,1508,23.3,413.2
2,2.1,R01,27,1508,23.4,413.3
2,2.1,R01,27,1508,23.5,413.4
2,2.1,R01,27,1508,23.6,413.4
2,2.1,R01,27,1508,23.7,413.5
2,2.1,R01,27,1508,23.8,413.6
2,2.1,R01,27,1508,23.9,413.7
2,2.1,R01,27,1508,24,413.8
2,2.1,R01,27,1508,24.1,413.9
2,2.1,R01,27,1508,24.2,414
2,2.1,R01,27,1508,24.3,414.1
2,2.1,R01,27,1508,24.4,414.2
2,2.1,R01,27,1508,24.5,414.3
2,2.1,R01,27,1508,24.6,414.5
2,2.1,R01,27,1508,24.7,414.6
2,2.1,R01,27,1508,24.8,414.7
2,2.1,R01,27,1508,24.9,414.8
2,2.1,R01,27,1508,25,414.9
2,2.1,R01,27,1508,25.1,415
2,2.1,R01,27,1508,25.2,415.1
2,2.1,R01,27,1508,25.3,415.2
2,2.1,R01,27,1508,25.4,415.3
2,2.1,R01,27,1508,25.5,415.4
2,2.1,R01,27,1508,25.6,415.5
2,2.1,R01,27,1508,25.7,415.6
2,2.1,R01,27,1508,25.8,415.7
2,2.1,R01,27,1508,25.9,415.8
2,2.1,R01,27,1508,26,415.9
2,2.1,R01,27,1508,26.1,416
2,2.1,R01,27,1508,26.2,416.1
2,2.1,R01,27,1508,26.3,416.2
2,2.1,R01,27,1508,26.4,416.3
2,2.1,R01,27,1508,26.5,416.4
2,2.1,R01,27,1508,26.6,416.5
2,2.1,R01,27,1508,26.7,416.5
2,2.1,R01,27,1508,26.8,416.6
2,2.1,R01,27,1508,26.9,416.6
2,2.1,R01,27,1508,27,416.7
2,2.1,R01,27,1508,27.1,416.7
2,2.1,R01,27,1508,27.2,416.8
2,2.1,R01,27,1508,27.3,416.8
2,2.1,R01,27,1508,27.4,416.9
2,2.1,R01,27,1508,27.5,416.9
2,2.1,R01,27,1508,27.6,417
2,2.1,R01,27,1508,27.7,417
2,2.1,R01,27,1508,27.8,417.1
2,2.1,R01,27,1508,27.9,417.2
2,2.1,R01,27,1508,28,417.2
2,2.1,R01,27,1508,28.1,417.3
2,2.1,R01,27,1508,28.2,417.3
2,2.1,R01,27,1508,28.3,417.4
2,2.1,R01,27,1508,28.4,417.4
2,2.1,R01,27,1508,28.5,417.5
2,2.1,R01,27,1508,28.6,417.5
2,2.1,R01,27,1508,28.7,417.6
2,2.1,R01,27,1508,28.8,417.6
2,2.1,R01,27,1508,28.9,417.7
2,2.1,R01,27,1508,29,417.7
2,2.1,R01,27,1508,29.1,417.8
2,2.1,R01,27,1508,29.2,417.8
2,2.1,R01,27,1508,29.3,417.9
2,2.1,R01,27,1508,29.4,417.9
2,2.1,R01,27,1508,29.5,418
2,2.1,R01,27,1508,29.6,418
2,2.1,R01,27,1508,29.7,418.1
2,2.1,R01,27,1508,29.8,418.1
2,2.1,R01,27,1508,29.9,418.2
2,2.1,R01,27,1508,30,418.2
2,2.1,R01,27,1508,30.1,418.3
2,2.1,R01,27,1508,30.2,418.4
2,2.1,R01,27,1508,30.3,418.4
2,2.1,R01,27,1508,30.4,418.5
2,2.1,R01,27,1508,30.5,418.5
2,2.1,R01,27,1508,30.6,418.6
2,2.1,R01,27,1508,30.7,418.6
2,2.1,R01,27,1508,30.8,418.7
2,2.1,R01,27,1508,30.9,418.8
2,2.1,R01,27,1508,31,418.9
2,2.1,R01,27,1508,31.1,419
2,2.1,R01,27,1508,31.2,419
2,2.1,R01,27,1508,31.3,419.1
2,2.1,R01,27,1508,31.4,419.2
2,2.1,R01,27,1508,31.5,419.3
2,2.1,R01,27,1508,31.6,419.4
2,2.1,R01,27,1508,31.7,419.4
2,2.1,R01,27,1508,31.8,419.5
2,2.1,R01,27,1508,31.9,419.6
2,2.1,R01,27,1508,32,419.7
2,2.1,R01,27,1508,32.1,419.7
2,2.1,R01,27,1508,32.2,419.7
2,2.1,R01,27,1508,32.3,419.8
2,2.1,R01,27,1508,32.4,419.8
2,2.1,R01,27,1508,32.5,419.8
2,2.1,R01,27,1508,32.6,419.8
2,2.1,R01,27,1508,32.7,419.8
2,2.1,R01,27,1508,32.8,419.8
2,2.1,R01,27,1508,32.9,419.8
2,2.1,R01,27,1508,33,419.8
2,2.1,R01,27,1508,33.1,419.9
2,2.1,R01,27,1508,33.2,419.9
2,2.1,R01,27,1508,33.3,419.9
2,2.1,R01,27,1508,33.4,420
2,2.1,R01,27,1508,33.5,420
2,2.1,R01,27,1508,33.6,420
2,2.1,R01,27,1508,33.7,420.1
2,2.1,R01,27,1508,33.8,420.1
2,2.1,R01,27,1508,33.9,420.1
2,2.1,R01,27,1508,34,420.2
2,2.1,R01,27,1508,34.1,420.2
2,2.1,R01,27,1508,34.2,420.2
2,2.1,R01,27,1508,34.3,420.3
2,2.1,R01,27,1508,34.4,420.3
2,2.1,R01,27,1508,34.5,420.3
2,2.1,R01,27,1508,34.6,420.4
2,2.1,R01,27,1508,34.7,420.4
2,2.1,R01,27,1508,34.8,420.4
2,2.1,R01,27,1508,34.9,420.5
2,2.1,R01,27,1508,35,420.5
2,2.1,R01,27,1508,35.1,420.6
2,2.1,R01,27,1508,35.2,420.6
2,2.1,R01,27,1508,35.3,420.7
2,2.1,R01,27,1508,35.4,420.8
2,2.1,R01,27,1508,35.5,420.9
2,2.1,R01,27,1508,35.6,421
2,2.1,R01,27,1508,35.7,421
2,2.1,R01,27,1508,35.8,421.1
2,2.1,R01,27,1508,35.9,421.2
2,2.1,R01,27,1508,36,421.3
2,2.1,R01,27,1508,36.1,421.4
2,2.1,R01,27,1508,36.2,421.5
2,2.1,R01,27,1508,36.3,421.7
2,2.1,R01,27,1508,36.4,421.7
2,2.1,R01,27,1508,36.5,421.8
2,2.1,R01,27,1508,36.6,422
2,2.1,R01,27,1508,36.7,422
2,2.1,R01,27,1508,36.8,422.1
2,2.1,R01,27,1508,36.9,422.3
2,2.1,R01,27,1508,37,422.3
2,2.1,R01,27,1508,37.1,422.3
2,2.1,R01,27,1508,37.2,422.3
2,2.1,R01,27,1508,37.3,422.3
2,2.1,R01,27,1508,37.4,422.3
2,2.1,R01,27,1508,37.5,422.3
2,2.1,R01,27,1508,37.6,422.3
2,2.1,R01,27,1508,37.7,422.3
2,2.1,R01,27,1508,37.8,422.3
2,2.1,R01,27,1509,0,0
2,2.1,R01,27,1509,0.1,8.73
2,2.1,R01,27,1509,0.2,16.51
2,2.1,R01,27,1509,0.3,29.64
2,2.1,R01,27,1509,0.4,40.04
2,2.1,R01,27,1509,0.5,53.13
2,2.1,R01,27,1509,0.6,68.53
2,2.1,R01,27,1509,0.7,78.08
2,2.1,R01,27,1509,0.8,86.86
2,2.1,R01,27,1509,0.9,99.14
2,2.1,R01,27,1509,1,107.5
2,2.1,R01,27,1509,1.1,119.7
2,2.1,R01,27,1509,1.2,126.8
2,2.1,R01,27,1509,1.3,137.6
2,2.1,R01,27,1509,1.4,145.2
2,2.1,R01,27,1509,1.5,153.2
2,2.1,R01,27,1509,1.6,165
2,2.1,R01,27,1509,1.7,173.5
2,2.1,R01,27,1509,1.8,182
2,2.1,R01,27,1509,1.9,195.2
2,2.1,R01,27,1509,2,203.9
2,2.1,R01,27,1509,2.1,218
2,2.1,R01,27,1509,2.2,226.8
2,2.1,R01,27,1509,2.3,240.4
2,2.1,R01,27,1509,2.4,249.5
2,2.1,R01,27,1509,2.5,258.7
2,2.1,R01,27,1509,2.6,271.3
2,2.1,R01,27,1509,2.7,280
2,2.1,R01,27,1509,2.8,287.2
2,2.1,R01,27,1509,2.9,294.1
2,2.1,R01,27,1509,3,295.9
2,2.1,R01,27,1509,3.1,297.6
2,2.1,R01,27,1509,3.2,298.8
2,2.1,R01,27,1509,3.3,300.8
2,2.1,R01,27,1509,3.4,302.1
2,2.1,R01,27,1509,3.5,303.2
2,2.1,R01,27,1509,3.6,305.1
2,2.1,R01,27,1509,3.7,306.1
2,2.1,R01,27,1509,3.8,307.4
2,2.1,R01,27,1509,3.9,309
2,2.1,R01,27,1509,4,310.1
2,2.1,R01,27,1509,4.1,311.8
2,2.1,R01,27,1509,4.2,312.7
2,2.1,R01,27,1509,4.3,314.2
2,2.1,R01,27,1509,4.4,315.3
2,2.1,R01,27,1509,4.5,316.3
2,2.1,R01,27,1509,4.6,317.7
2,2.1,R01,27,1509,4.7,318.7
2,2.1,R01,27,1509,4.8,319.6
2,2.1,R01,27,1509,4.9,321.1
2,2.1,R01,27,1509,5,322
2,2.1,R01,27,1509,5.1,323.3
2,2.1,R01,27,1509,5.2,324.1
2,2.1,R01,27,1509,5.3,325.3
2,2.1,R01,27,1509,5.4,326.1
2,2.1,R01,27,1509,5.5,327.1
2,2.1,R01,27,1509,5.6,328.4
2,2.1,R01,27,1509,5.7,329.3
2,2.1,R01,27,1509,5.8,330.2
2,2.1,R01,27,1509,5.9,331.7
2,2.1,R01,27,1509,6,332.8
2,2.1,R01,27,1509,6.1,334.5
2,2.1,R01,27,1509,6.2,335.5
2,2.1,R01,27,1509,6.3,336.8
2,2.1,R01,27,1509,6.4,337.6
2,2.1,R01,27,1509,6.5,338.5
2,2.1,R01,27,1509,6.6,339.8
2,2.1,R01,27,1509,6.7,340.8
2,2.1,R01,27,1509,6.8,341.8
2,2.1,R01,27,1509,6.9,343.5
2,2.1,R01,27,1509,7,344.6
2,2.1,R01,27,1509,7.1,346.6
2,2.1,R01,27,1509,7.2,347.9
2,2.1,R01,27,1509,7.3,350
2,2.1,R01,27,1509,7.4,351.4
2,2.1,R01,27,1509,7.5,353
2,2.1,R01,27,1509,7.6,355.5
2,2.1,R01,27,1509,7.7,357.3
2,2.1,R01,27,1509,7.8,359.1
2,2.1,R01,27,1509,7.9,362
2,2.1,R01,27,1509,8,363.8
2,2.1,R01,27,1509,8.1,366.3
2,2.1,R01,27,1509,8.2,368
2,2.1,R01,27,1509,8.3,370.8
2,2.1,R01,27,1509,8.4,372.6
2,2.1,R01,27,1509,8.5,374.5
2,2.1,R01,27,1509,8.6,377.8
2,2.1,R01,27,1509,8.7,380.1
2,2.1,R01,27,1509,8.8,382.7
2,2.1,R01,27,1509,8.9,387.1
2,2.1,R01,27,1509,9,390.4
2,2.1,R01,27,1509,9.1,395.5
2,2.1,R01,27,1509,9.2,399.4
2,2.1,R01,27,1509,9.3,405.2
2,2.1,R01,27,1509,9.4,408.9
2,2.1,R01,27,1509,9.5,412.9
2,2.1,R01,27,1509,9.6,419
2,2.1,R01,27,1509,9.7,422.8
2,2.1,R01,27,1509,9.8,426.4
2,2.1,R01,27,1509,9.9,431.5
2,2.1,R01,27,1509,10,434.9
2,2.1,R01,27,1509,10.1,439.4
2,2.1,R01,27,1509,10.2,442.5
2,2.1,R01,27,1509,10.3,448
2,2.1,R01,27,1509,10.4,452
2,2.1,R01,27,1509,10.5,456.1
2,2.1,R01,27,1509,10.6,460.9
2,2.1,R01,27,1509,10.7,462.2
2,2.1,R01,27,1509,10.8,462.8
2,2.1,R01,27,1509,10.9,463.8
2,2.1,R01,27,1509,11,464.3
2,2.1,R01,27,1509,11.1,465.2
2,2.1,R01,27,1509,11.2,465.8
2,2.1,R01,27,1509,11.3,466.8
2,2.1,R01,27,1509,11.4,467.4
2,2.1,R01,27,1509,11.5,468
2,2.1,R01,27,1509,11.6,468.9
2,2.1,R01,27,1509,11.7,469.6
2,2.1,R01,27,1509,11.8,470.2
2,2.1,R01,27,1509,11.9,471.2
2,2.1,R01,27,1509,12,472
2,2.1,R01,27,1509,12.1,473.1
2,2.1,R01,27,1509,12.2,473.6
2,2.1,R01,27,1509,12.3,474.3
2,2.1,R01,27,1509,12.4,474.8
2,2.1,R01,27,1509,12.5,475.2
2,2.1,R01,27,1509,12.6,475.7
2,2.1,R01,27,1509,12.7,476.1
2,2.1,R01,27,1509,12.8,476.4
2,2.1,R01,27,1509,12.9,477
2,2.1,R01,27,1509,13,477.4
2,2.1,R01,27,1509,13.1,478
2,2.1,R01,27,1509,13.2,478.4
2,2.1,R01,27,1509,13.3,478.9
2,2.1,R01,27,1509,13.4,479.2
2,2.1,R01,27,1509,13.5,479.4
2,2.1,R01,27,1509,13.6,479.6
2,2.1,R01,27,1509,13.7,479.8
2,2.1,R01,27,1509,13.8,480
2,2.1,R01,27,1509,13.9,480.2
2,2.1,R01,27,1509,14,480.3
2,2.1,R01,27,1509,14.1,480.5
2,2.1,R01,27,1509,14.2,480.7
2,2.1,R01,27,1509,14.3,480.9
2,2.1,R01,27,1509,14.4,481
2,2.1,R01,27,1509,14.5,481.2
2,2.1,R01,27,1509,14.6,481.3
2,2.1,R01,27,1509,14.7,481.5
2,2.1,R01,27,1509,14.8,481.6
2,2.1,R01,27,1509,14.9,481.8
2,2.1,R01,27,1509,15,481.9
2,2.1,R01,27,1509,15.1,482.1
2,2.1,R01,27,1509,15.2,482.2
2,2.1,R01,27,1509,15.3,482.4
2,2.1,R01,27,1509,15.4,482.5
2,2.1,R01,27,1509,15.5,482.6
2,2.1,R01,27,1509,15.6,482.7
2,2.1,R01,27,1509,15.7,482.9
2,2.1,R01,27,1509,15.8,483
2,2.1,R01,27,1509,15.9,483.1
2,2.1,R01,27,1509,16,483.2
2,2.1,R01,27,1509,16.1,483.4
2,2.1,R01,27,1509,16.2,483.5
2,2.1,R01,27,1509,16.3,483.6
2,2.1,R01,27,1509,16.4,483.7
2,2.1,R01,27,1509,16.5,483.8
2,2.1,R01,27,1509,16.6,484
2,2.1,R01,27,1509,16.7,484.1
2,2.1,R01,27,1509,16.8,484.1
2,2.1,R01,27,1509,16.9,484.3
2,2.1,R01,27,1509,17,484.4
2,2.1,R01,27,1509,17.1,484.5
2,2.1,R01,27,1509,17.2,484.6
2,2.1,R01,27,1509,17.3,484.7
2,2.1,R01,27,1509,17.4,484.8
2,2.1,R01,27,1509,17.5,484.9
2,2.1,R01,27,1509,17.6,485
2,2.1,R01,27,1509,17.7,485
2,2.1,R01,27,1509,17.8,485.1
2,2.1,R01,27,1509,17.9,485.2
2,2.1,R01,27,1509,18,485.2
2,2.1,R01,27,1509,18.1,485.3
2,2.1,R01,27,1509,18.2,485.4
2,2.1,R01,27,1509,18.3,485.5
2,2.1,R01,27,1509,18.4,485.6
2,2.1,R01,27,1509,18.5,485.6
2,2.1,R01,27,1509,18.6,485.7
2,2.1,R01,27,1509,18.7,485.8
2,2.1,R01,27,1509,18.8,485.8
2,2.1,R01,27,1509,18.9,485.9
2,2.1,R01,27,1509,19,486
2,2.1,R01,27,1509,19.1,486
2,2.1,R01,27,1509,19.2,486.1
2,2.1,R01,27,1509,19.3,486.2
2,2.1,R01,27,1509,19.4,486.2
2,2.1,R01,27,1509,19.5,486.3
2,2.1,R01,27,1509,19.6,486.3
2,2.1,R01,27,1509,19.7,486.4
2,2.1,R01,27,1509,19.8,486.4
2,2.1,R01,27,1509,19.9,486.5
2,2.1,R01,27,1509,20,486.5
2,2.1,R01,27,1509,20.1,486.6
2,2.1,R01,27,1509,20.2,486.7
2,2.1,R01,27,1509,20.3,486.8
2,2.1,R01,27,1509,20.4,486.8
2,2.1,R01,27,1509,20.5,486.9
2,2.1,R01,27,1509,20.6,486.9
2,2.1,R01,27,1509,20.7,487
2,2.1,R01,27,1509,20.8,487.1
2,2.1,R01,27,1509,20.9,487.2
2,2.1,R01,27,1509,21,487.2
2,2.1,R01,27,1509,21.1,487.2
2,2.1,R01,27,1509,21.2,487.2
2,2.1,R01,27,1509,21.3,487.3
2,2.1,R01,27,1509,21.4,487.3
2,2.1,R01,27,1509,21.5,487.3
2,2.1,R01,27,1509,21.6,487.4
2,2.1,R01,27,1509,21.7,487.4
2,2.1,R01,27,1509,21.8,487.4
2,2.1,R01,27,1509,21.9,487.4
2,2.1,R01,27,1509,22,487.5
2,2.1,R01,27,1509,22.1,487.5
2,2.1,R01,27,1509,22.2,487.5
2,2.1,R01,27,1509,22.3,487.5
2,2.1,R01,27,1509,22.4,487.6
2,2.1,R01,27,1509,22.5,487.6
2,2.1,R01,27,1509,22.6,487.6
2,2.1,R01,27,1509,22.7,487.7
2,2.1,R01,27,1509,22.8,487.7
2,2.1,R01,27,1509,22.9,487.7
2,2.1,R01,27,1509,23,487.7
2,2.1,R01,27,1509,23.1,487.8
2,2.1,R01,27,1509,23.2,487.8
2,2.1,R01,27,1509,23.3,487.8
2,2.1,R01,27,1509,23.4,487.8
2,2.1,R01,27,1509,23.5,487.9
2,2.1,R01,27,1509,23.6,487.9
2,2.1,R01,27,1509,23.7,487.9
2,2.1,R01,27,1509,23.8,488
2,2.1,R01,27,1509,23.9,488
2,2.1,R01,27,1509,24,488
2,2.1,R01,27,1509,24.1,488.1
2,2.1,R01,27,1509,24.2,488.1
2,2.1,R01,27,1509,24.3,488.1
2,2.1,R01,27,1509,24.4,488.2
2,2.1,R01,27,1509,24.5,488.2
2,2.1,R01,27,1509,24.6,488.2
2,2.1,R01,27,1509,24.7,488.3
2,2.1,R01,27,1509,24.8,488.3
2,2.1,R01,27,1509,24.9,488.3
2,2.1,R01,27,1509,25,488.4
2,2.1,R01,27,1509,25.1,488.4
2,2.1,R01,27,1509,25.2,488.4
2,2.1,R01,27,1509,25.3,488.4
2,2.1,R01,27,1509,25.4,488.5
2,2.1,R01,27,1509,25.5,488.5
2,2.1,R01,27,1509,25.6,488.5
2,2.1,R01,27,1509,25.7,488.5
2,2.1,R01,27,1509,25.8,488.5
2,2.1,R01,27,1509,25.9,488.6
2,2.1,R01,27,1509,26,488.6
2,2.1,R01,27,1509,26.1,488.6
2,2.1,R01,27,1509,26.2,488.6
2,2.1,R01,27,1509,26.3,488.7
2,2.1,R01,27,1509,26.4,488.7
2,2.1,R01,27,1509,26.5,488.7
2,2.1,R01,27,1509,26.6,488.7
2,2.1,R01,27,1509,26.7,488.8
2,2.1,R01,27,1509,26.8,488.8
2,2.1,R01,27,1509,26.9,488.8
2,2.1,R01,27,1509,27,488.8
2,2.1,R01,27,1509,27.1,488.9
2,2.1,R01,27,1509,27.2,488.9
2,2.1,R01,27,1509,27.3,488.9
2,2.1,R01,27,1509,27.4,488.9
2,2.1,R01,27,1509,27.5,488.9
2,2.1,R01,27,1509,27.6,489
2,2.1,R01,27,1509,27.7,489
2,2.1,R01,27,1509,27.8,489
2,2.1,R01,27,1509,27.9,489.1
2,2.1,R01,27,1509,28,489.1
2,2.1,R01,27,1509,28.1,489.1
2,2.1,R01,27,1509,28.2,489.1
2,2.1,R01,27,1509,28.3,489.2
2,2.1,R01,27,1509,28.4,489.2
2,2.1,R01,27,1509,28.5,489.2
2,2.1,R01,27,1509,28.6,489.3
2,2.1,R01,27,1509,28.7,489.3
2,2.1,R01,27,1509,28.8,489.3
2,2.1,R01,27,1509,28.9,489.3
2,2.1,R01,27,1509,29,489.4
2,2.1,R01,27,1509,29.1,489.4
2,2.1,R01,27,1509,29.2,489.4
2,2.1,R01,27,1509,29.3,489.5
2,2.1,R01,27,1509,29.4,489.5
2,2.1,R01,27,1509,29.5,489.5
2,2.1,R01,27,1509,29.6,489.5
2,2.1,R01,27,1509,29.7,489.6
2,2.1,R01,27,1509,29.8,489.6
2,2.1,R01,27,1509,29.9,489.6
2,2.1,R01,27,1509,30,489.6
2,2.1,R01,27,1509,30.1,489.7
2,2.1,R01,27,1509,30.2,489.7
2,2.1,R01,27,1509,30.3,489.7
2,2.1,R01,27,1509,30.4,489.7
2,2.1,R01,27,1509,30.5,489.8
2,2.1,R01,27,1509,30.6,489.8
2,2.1,R01,27,1509,30.7,489.8
2,2.1,R01,27,1509,30.8,489.8
2,2.1,R01,27,1509,30.9,489.9
2,2.1,R01,27,1509,31,489.9
2,2.1,R01,27,1509,31.1,489.9
2,2.1,R01,27,1509,31.2,490
2,2.1,R01,27,1509,31.3,490
2,2.1,R01,27,1509,31.4,490
2,2.1,R01,27,1509,31.5,490.1
2,2.1,R01,27,1509,31.6,490.1
2,2.1,R01,27,1509,31.7,490.1
2,2.1,R01,27,1509,31.8,490.2
2,2.1,R01,27,1509,31.9,490.2
2,2.1,R01,27,1509,32,490.2
2,2.1,R01,27,1509,32.1,490.3
2,2.1,R01,27,1509,32.2,490.3
2,2.1,R01,27,1509,32.3,490.3
2,2.1,R01,27,1509,32.4,490.4
2,2.1,R01,27,1509,32.5,490.4
2,2.1,R01,27,1509,32.6,490.5
2,2.1,R01,27,1509,32.7,490.5
2,2.1,R01,27,1509,32.8,490.5
2,2.1,R01,27,1509,32.9,490.6
2,2.1,R01,27,1509,33,490.6
2,2.1,R01,27,1509,33.1,490.6
2,2.1,R01,27,1509,33.2,490.6
2,2.1,R01,27,1509,33.3,490.7
2,2.1,R01,27,1509,33.4,490.7
2,2.1,R01,27,1509,33.5,490.8
2,2.1,R01,27,1509,33.6,490.8
2,2.1,R01,27,1509,33.7,490.8
2,2.1,R01,27,1509,33.8,490.9
2,2.1,R01,27,1509,33.9,490.9
2,2.1,R01,27,1509,34,490.9
2,2.1,R01,27,1509,34.1,491
2,2.1,R01,27,1509,34.2,491
2,2.1,R01,27,1509,34.3,491.1
2,2.1,R01,27,1509,34.4,491.1
2,2.1,R01,27,1509,34.5,491.1
2,2.1,R01,27,1509,34.6,491.2
2,2.1,R01,27,1509,34.7,491.2
2,2.1,R01,27,1509,34.8,491.2
2,2.1,R01,27,1509,34.9,491.3
2,2.1,R01,27,1509,35,491.3
2,2.1,R01,27,1509,35.1,491.3
2,2.1,R01,27,1509,35.2,491.4
2,2.1,R01,27,1509,35.3,491.4
2,2.1,R01,27,1509,35.4,491.4
2,2.1,R01,27,1509,35.5,491.5
2,2.1,R01,27,1509,35.6,491.5
2,2.1,R01,27,1509,35.7,491.5
2,2.1,R01,27,1509,35.8,491.6
2,2.1,R01,27,1509,35.9,491.6
2,2.1,R01,27,1509,36,491.7
2,2.1,R01,27,1509,36.1,491.8
2,2.1,R01,27,1509,36.2,491.8
2,2.1,R01,27,1509,36.3,491.8
2,2.1,R01,27,1509,36.4,491.8
2,2.1,R01,27,1509,36.5,491.7
2,2.1,R01,27,1509,36.6,491.7
2,2.1,R01,27,1509,36.7,491.7
2,2.1,R01,27,1509,36.8,491.7
2,2.1,R01,27,1509,36.9,491.7
2,2.1,R01,27,1509,37,491.7
2,2.1,R01,27,1509,37.1,491.7
2,2.1,R01,27,1509,37.2,491.7
2,2.1,R01,27,1509,37.3,491.7
2,2.1,R01,27,1509,37.4,491.7
2,2.1,R01,27,1509,37.5,491.7
2,2.1,R01,27,1509,37.6,491.7
2,2.1,R01,27,1509,37.7,491.7
2,2.1,R01,27,1509,37.8,491.7
2,2.1,R01,27,1510,0,0
2,2.1,R01,27,1510,0.1,6.899
2,2.1,R01,27,1510,0.2,14.43
2,2.1,R01,27,1510,0.3,27.23
2,2.1,R01,27,1510,0.4,37.63
2,2.1,R01,27,1510,0.5,50.13
2,2.1,R01,27,1510,0.6,65.46
2,2.1,R01,27,1510,0.7,74.47
2,2.1,R01,27,1510,0.8,83.81
2,2.1,R01,27,1510,0.9,95.9
2,2.1,R01,27,1510,1,104
2,2.1,R01,27,1510,1.1,114.7
2,2.1,R01,27,1510,1.2,121.7
2,2.1,R01,27,1510,1.3,132.3
2,2.1,R01,27,1510,1.4,139.6
2,2.1,R01,27,1510,1.5,147.3
2,2.1,R01,27,1510,1.6,159.1
2,2.1,R01,27,1510,1.7,167.2
2,2.1,R01,27,1510,1.8,175.6
2,2.1,R01,27,1510,1.9,188.6
2,2.1,R01,27,1510,2,197.7
2,2.1,R01,27,1510,2.1,211.1
2,2.1,R01,27,1510,2.2,220.5
2,2.1,R01,27,1510,2.3,234
2,2.1,R01,27,1510,2.4,243.1
2,2.1,R01,27,1510,2.5,251.6
2,2.1,R01,27,1510,2.6,264.8
2,2.1,R01,27,1510,2.7,273.1
2,2.1,R01,27,1510,2.8,281.1
2,2.1,R01,27,1510,2.9,290
2,2.1,R01,27,1510,3,293.1
2,2.1,R01,27,1510,3.1,295
2,2.1,R01,27,1510,3.2,295.9
2,2.1,R01,27,1510,3.3,297.5
2,2.1,R01,27,1510,3.4,298.4
2,2.1,R01,27,1510,3.5,299.4
2,2.1,R01,27,1510,3.6,300.8
2,2.1,R01,27,1510,3.7,301.8
2,2.1,R01,27,1510,3.8,302.7
2,2.1,R01,27,1510,3.9,304.1
2,2.1,R01,27,1510,4,305
2,2.1,R01,27,1510,4.1,306.2
2,2.1,R01,27,1510,4.2,307.1
2,2.1,R01,27,1510,4.3,308.6
2,2.1,R01,27,1510,4.4,309.5
2,2.1,R01,27,1510,4.5,310.7
2,2.1,R01,27,1510,4.6,312.5
2,2.1,R01,27,1510,4.7,313.4
2,2.1,R01,27,1510,4.8,314.2
2,2.1,R01,27,1510,4.9,315.4
2,2.1,R01,27,1510,5,316
2,2.1,R01,27,1510,5.1,317.3
2,2.1,R01,27,1510,5.2,317.9
2,2.1,R01,27,1510,5.3,318.8
2,2.1,R01,27,1510,5.4,319.5
2,2.1,R01,27,1510,5.5,320.1
2,2.1,R01,27,1510,5.6,321.1
2,2.1,R01,27,1510,5.7,321.8
2,2.1,R01,27,1510,5.8,322.5
2,2.1,R01,27,1510,5.9,323.5
2,2.1,R01,27,1510,6,324.3
2,2.1,R01,27,1510,6.1,325.5
2,2.1,R01,27,1510,6.2,326.1
2,2.1,R01,27,1510,6.3,327.2
2,2.1,R01,27,1510,6.4,328
2,2.1,R01,27,1510,6.5,328.7
2,2.1,R01,27,1510,6.6,329.7
2,2.1,R01,27,1510,6.7,330.4
2,2.1,R01,27,1510,6.8,331.2
2,2.1,R01,27,1510,6.9,332.7
2,2.1,R01,27,1510,7,333.7
2,2.1,R01,27,1510,7.1,335.2
2,2.1,R01,27,1510,7.2,336.3
2,2.1,R01,27,1510,7.3,338
2,2.1,R01,27,1510,7.4,339.2
2,2.1,R01,27,1510,7.5,340.5
2,2.1,R01,27,1510,7.6,342.8
2,2.1,R01,27,1510,7.7,344.5
2,2.1,R01,27,1510,7.8,346.2
2,2.1,R01,27,1510,7.9,349.1
2,2.1,R01,27,1510,8,351.4
2,2.1,R01,27,1510,8.1,355.2
2,2.1,R01,27,1510,8.2,357.7
2,2.1,R01,27,1510,8.3,361.5
2,2.1,R01,27,1510,8.4,364.1
2,2.1,R01,27,1510,8.5,366.8
2,2.1,R01,27,1510,8.6,371.1
2,2.1,R01,27,1510,8.7,373.7
2,2.1,R01,27,1510,8.8,376.8
2,2.1,R01,27,1510,8.9,381.8
2,2.1,R01,27,1510,9,385.5
2,2.1,R01,27,1510,9.1,391.8
2,2.1,R01,27,1510,9.2,396.3
2,2.1,R01,27,1510,9.3,403.4
2,2.1,R01,27,1510,9.4,408.2
2,2.1,R01,27,1510,9.5,413.3
2,2.1,R01,27,1510,9.6,421.4
2,2.1,R01,27,1510,9.7,427
2,2.1,R01,27,1510,9.8,432.9
2,2.1,R01,27,1510,9.9,440.8
2,2.1,R01,27,1510,10,445.7
2,2.1,R01,27,1510,10.1,452.6
2,2.1,R01,27,1510,10.2,454.8
2,2.1,R01,27,1510,10.3,456.2
2,2.1,R01,27,1510,10.4,456.7
2,2.1,R01,27,1510,10.5,457.3
2,2.1,R01,27,1510,10.6,458.2
2,2.1,R01,27,1510,10.7,458.8
2,2.1,R01,27,1510,10.8,459.4
2,2.1,R01,27,1510,10.9,460.4
2,2.1,R01,27,1510,11,461
2,2.1,R01,27,1510,11.1,461.8
2,2.1,R01,27,1510,11.2,462.4
2,2.1,R01,27,1510,11.3,463.4
2,2.1,R01,27,1510,11.4,464
2,2.1,R01,27,1510,11.5,464.6
2,2.1,R01,27,1510,11.6,465.5
2,2.1,R01,27,1510,11.7,466.1
2,2.1,R01,27,1510,11.8,466.8
2,2.1,R01,27,1510,11.9,467.9
2,2.1,R01,27,1510,12,468.6
2,2.1,R01,27,1510,12.1,469.3
2,2.1,R01,27,1510,12.2,469.6
2,2.1,R01,27,1510,12.3,470.2
2,2.1,R01,27,1510,12.4,470.5
2,2.1,R01,27,1510,12.5,470.8
2,2.1,R01,27,1510,12.6,471.3
2,2.1,R01,27,1510,12.7,471.7
2,2.1,R01,27,1510,12.8,472
2,2.1,R01,27,1510,12.9,472.6
2,2.1,R01,27,1510,13,472.9
2,2.1,R01,27,1510,13.1,473.3
2,2.1,R01,27,1510,13.2,473.6
2,2.1,R01,27,1510,13.3,473.9
2,2.1,R01,27,1510,13.4,474.2
2,2.1,R01,27,1510,13.5,474.4
2,2.1,R01,27,1510,13.6,474.8
2,2.1,R01,27,1510,13.7,475.1
2,2.1,R01,27,1510,13.8,475.3
2,2.1,R01,27,1510,13.9,475.7
2,2.1,R01,27,1510,14,476
2,2.1,R01,27,1510,14.1,476.4
2,2.1,R01,27,1510,14.2,476.6
2,2.1,R01,27,1510,14.3,477
2,2.1,R01,27,1510,14.4,477.3
2,2.1,R01,27,1510,14.5,477.6
2,2.1,R01,27,1510,14.6,478
2,2.1,R01,27,1510,14.7,478.2
2,2.1,R01,27,1510,14.8,478.5
2,2.1,R01,27,1510,14.9,478.8
2,2.1,R01,27,1510,15,479.1
2,2.1,R01,27,1510,15.1,479.3
2,2.1,R01,27,1510,15.2,479.4
2,2.1,R01,27,1510,15.3,479.5
2,2.1,R01,27,1510,15.4,479.5
2,2.1,R01,27,1510,15.5,479.6
2,2.1,R01,27,1510,15.6,479.7
2,2.1,R01,27,1510,15.7,479.7
2,2.1,R01,27,1510,15.8,479.8
2,2.1,R01,27,1510,15.9,479.9
2,2.1,R01,27,1510,16,480
2,2.1,R01,27,1510,16.1,480.1
2,2.1,R01,27,1510,16.2,480.2
2,2.1,R01,27,1510,16.3,480.3
2,2.1,R01,27,1510,16.4,480.4
2,2.1,R01,27,1510,16.5,480.5
2,2.1,R01,27,1510,16.6,480.6
2,2.1,R01,27,1510,16.7,480.7
2,2.1,R01,27,1510,16.8,480.8
2,2.1,R01,27,1510,16.9,480.9
2,2.1,R01,27,1510,17,480.9
2,2.1,R01,27,1510,17.1,481
2,2.1,R01,27,1510,17.2,481
2,2.1,R01,27,1510,17.3,481.1
2,2.1,R01,27,1510,17.4,481.1
2,2.1,R01,27,1510,17.5,481.2
2,2.1,R01,27,1510,17.6,481.2
2,2.1,R01,27,1510,17.7,481.3
2,2.1,R01,27,1510,17.8,481.3
2,2.1,R01,27,1510,17.9,481.4
2,2.1,R01,27,1510,18,481.4
2,2.1,R01,27,1510,18.1,481.4
2,2.1,R01,27,1510,18.2,481.4
2,2.1,R01,27,1510,18.3,481.5
2,2.1,R01,27,1510,18.4,481.5
2,2.1,R01,27,1510,18.5,481.5
2,2.1,R01,27,1510,18.6,481.5
2,2.1,R01,27,1510,18.7,481.5
2,2.1,R01,27,1510,18.8,481.5
2,2.1,R01,27,1510,18.9,481.5
2,2.1,R01,27,1510,19,481.5
2,2.1,R01,27,1510,19.1,481.6
2,2.1,R01,27,1510,19.2,481.6
2,2.1,R01,27,1510,19.3,481.6
2,2.1,R01,27,1510,19.4,481.6
2,2.1,R01,27,1510,19.5,481.6
2,2.1,R01,27,1510,19.6,481.6
2,2.1,R01,27,1510,19.7,481.6
2,2.1,R01,27,1510,19.8,481.7
2,2.1,R01,27,1510,19.9,481.7
2,2.1,R01,27,1510,20,481.7
2,2.1,R01,27,1510,20.1,481.7
2,2.1,R01,27,1510,20.2,481.7
2,2.1,R01,27,1510,20.3,481.7
2,2.1,R01,27,1510,20.4,481.8
2,2.1,R01,27,1510,20.5,481.8
2,2.1,R01,27,1510,20.6,481.8
2,2.1,R01,27,1510,20.7,481.8
2,2.1,R01,27,1510,20.8,481.8
2,2.1,R01,27,1510,20.9,481.9
2,2.1,R01,27,1510,21,481.9
2,2.1,R01,27,1510,21.1,482
2,2.1,R01,27,1510,21.2,482
2,2.1,R01,27,1510,21.3,481.9
2,2.1,R01,27,1510,21.4,481.9
2,2.1,R01,27,1510,21.5,481.9
2,2.1,R01,27,1510,21.6,481.9
2,2.1,R01,27,1510,21.7,481.8
2,2.1,R01,27,1510,21.8,481.8
2,2.1,R01,27,1510,21.9,481.8
2,2.1,R01,27,1510,22,481.8
2,2.1,R01,27,1510,22.1,481.8
2,2.1,R01,27,1510,22.2,481.7
2,2.1,R01,27,1510,22.3,481.7
2,2.1,R01,27,1510,22.4,481.7
2,2.1,R01,27,1510,22.5,481.7
2,2.1,R01,27,1510,22.6,481.7
2,2.1,R01,27,1510,22.7,481.7
2,2.1,R01,27,1510,22.8,481.7
2,2.1,R01,27,1510,22.9,481.6
2,2.1,R01,27,1510,23,481.7
2,2.1,R01,27,1510,23.1,481.7
2,2.1,R01,27,1510,23.2,481.7
2,2.1,R01,27,1510,23.3,481.7
2,2.1,R01,27,1510,23.4,481.7
2,2.1,R01,27,1510,23.5,481.7
2,2.1,R01,27,1510,23.6,481.7
2,2.1,R01,27,1510,23.7,481.7
2,2.1,R01,27,1510,23.8,481.7
2,2.1,R01,27,1510,23.9,481.7
2,2.1,R01,27,1510,24,481.7
2,2.1,R01,27,1510,24.1,481.7
2,2.1,R01,27,1510,24.2,481.7
2,2.1,R01,27,1510,24.3,481.7
2,2.1,R01,27,1510,24.4,481.7
2,2.1,R01,27,1510,24.5,481.7
2,2.1,R01,27,1510,24.6,481.7
2,2.1,R01,27,1510,24.7,481.7
2,2.1,R01,27,1510,24.8,481.6
2,2.1,R01,27,1510,24.9,481.6
2,2.1,R01,27,1510,25,481.6
2,2.1,R01,27,1510,25.1,481.6
2,2.1,R01,27,1510,25.2,481.6
2,2.1,R01,27,1510,25.3,481.6
2,2.1,R01,27,1510,25.4,481.6
2,2.1,R01,27,1510,25.5,481.6
2,2.1,R01,27,1510,25.6,481.6
2,2.1,R01,27,1510,25.7,481.6
2,2.1,R01,27,1510,25.8,481.6
2,2.1,R01,27,1510,25.9,481.6
2,2.1,R01,27,1510,26,481.6
2,2.1,R01,27,1510,26.1,481.6
2,2.1,R01,27,1510,26.2,481.6
2,2.1,R01,27,1510,26.3,481.6
2,2.1,R01,27,1510,26.4,481.6
2,2.1,R01,27,1510,26.5,481.6
2,2.1,R01,27,1510,26.6,481.6
2,2.1,R01,27,1510,26.7,481.6
2,2.1,R01,27,1510,26.8,481.6
2,2.1,R01,27,1510,26.9,481.6
2,2.1,R01,27,1510,27,481.6
2,2.1,R01,27,1510,27.1,481.6
2,2.1,R01,27,1510,27.2,481.6
2,2.1,R01,27,1510,27.3,481.6
2,2.1,R01,27,1510,27.4,481.6
2,2.1,R01,27,1510,27.5,481.6
2,2.1,R01,27,1510,27.6,481.6
2,2.1,R01,27,1510,27.7,481.6
2,2.1,R01,27,1510,27.8,481.6
2,2.1,R01,27,1510,27.9,481.6
2,2.1,R01,27,1510,28,481.6
2,2.1,R01,27,1510,28.1,481.6
2,2.1,R01,27,1510,28.2,481.6
2,2.1,R01,27,1510,28.3,481.6
2,2.1,R01,27,1510,28.4,481.6
2,2.1,R01,27,1510,28.5,481.6
2,2.1,R01,27,1510,28.6,481.5
2,2.1,R01,27,1510,28.7,481.5
2,2.1,R01,27,1510,28.8,481.5
2,2.1,R01,27,1510,28.9,481.6
2,2.1,R01,27,1510,29,481.6
2,2.1,R01,27,1510,29.1,481.6
2,2.1,R01,27,1510,29.2,481.6
2,2.1,R01,27,1510,29.3,481.6
2,2.1,R01,27,1510,29.4,481.6
2,2.1,R01,27,1510,29.5,481.6
2,2.1,R01,27,1510,29.6,481.7
2,2.1,R01,27,1510,29.7,481.7
2,2.1,R01,27,1510,29.8,481.7
2,2.1,R01,27,1510,29.9,481.7
2,2.1,R01,27,1510,30,481.7
2,2.1,R01,27,1510,30.1,481.7
2,2.1,R01,27,1510,30.2,481.7
2,2.1,R01,27,1510,30.3,481.7
2,2.1,R01,27,1510,30.4,481.8
2,2.1,R01,27,1510,30.5,481.8
2,2.1,R01,27,1510,30.6,481.8
2,2.1,R01,27,1510,30.7,481.8
2,2.1,R01,27,1510,30.8,481.8
2,2.1,R01,27,1510,30.9,481.8
2,2.1,R01,27,1510,31,481.8
2,2.1,R01,27,1510,31.1,481.8
2,2.1,R01,27,1510,31.2,481.8
2,2.1,R01,27,1510,31.3,481.8
2,2.1,R01,27,1510,31.4,481.8
2,2.1,R01,27,1510,31.5,481.8
2,2.1,R01,27,1510,31.6,481.8
2,2.1,R01,27,1510,31.7,481.8
2,2.1,R01,27,1510,31.8,481.9
2,2.1,R01,27,1510,31.9,481.9
2,2.1,R01,27,1510,32,481.9
2,2.1,R01,27,1510,32.1,482
2,2.1,R01,27,1510,32.2,482.1
2,2.1,R01,27,1510,32.3,482.2
2,2.1,R01,27,1510,32.4,482.3
2,2.1,R01,27,1510,32.5,482.4
2,2.1,R01,27,1510,32.6,482.5
2,2.1,R01,27,1510,32.7,482.6
2,2.1,R01,27,1510,32.8,482.7
2,2.1,R01,27,1510,32.9,482.8
2,2.1,R01,27,1510,33,482.9
2,2.1,R01,27,1510,33.1,483.1
2,2.1,R01,27,1510,33.2,483.2
2,2.1,R01,27,1510,33.3,483.2
2,2.1,R01,27,1510,33.4,483.2
2,2.1,R01,27,1510,33.5,483.2
2,2.1,R01,27,1510,33.6,483.1
2,2.1,R01,27,1510,33.7,483.1
2,2.1,R01,27,1510,33.8,483.1
2,2.1,R01,27,1510,33.9,483
2,2.1,R01,27,1510,34,483
2,2.1,R01,27,1510,34.1,483
2,2.1,R01,27,1510,34.2,482.9
2,2.1,R01,27,1510,34.3,482.9
2,2.1,R01,27,1510,34.4,482.9
2,2.1,R01,27,1510,34.5,482.8
2,2.1,R01,27,1510,34.6,482.8
2,2.1,R01,27,1510,34.7,482.8
2,2.1,R01,27,1510,34.8,482.7
2,2.1,R01,27,1510,34.9,482.7
2,2.1,R01,27,1510,35,482.7
2,2.1,R01,27,1510,35.1,482.6
2,2.1,R01,27,1510,35.2,482.6
2,2.1,R01,27,1510,35.3,482.5
2,2.1,R01,27,1510,35.4,482.5
2,2.1,R01,27,1510,35.5,482.5
2,2.1,R01,27,1510,35.6,482.4
2,2.1,R01,27,1510,35.7,482.4
2,2.1,R01,27,1510,35.8,482.4
2,2.1,R01,27,1510,35.9,482.4
2,2.1,R01,27,1510,36,482.3
2,2.1,R01,27,1510,36.1,482.3
2,2.1,R01,27,1510,36.2,482.3
2,2.1,R01,27,1510,36.3,482.3
2,2.1,R01,27,1510,36.4,482.3
2,2.1,R01,27,1510,36.5,482.3
2,2.1,R01,27,1510,36.6,482.3
2,2.1,R01,27,1510,36.7,482.3
2,2.1,R01,27,1510,36.8,482.3
2,2.1,R01,27,1510,36.9,482.3
2,2.1,R01,27,1510,37,482.3
2,2.1,R01,27,1510,37.1,482.2
2,2.1,R01,27,1510,37.2,482.2
2,2.1,R01,27,1510,37.3,482.2
2,2.1,R01,27,1510,37.4,482.2
2,2.1,R01,27,1510,37.5,482.2
2,2.1,R01,27,1510,37.6,482.2
2,2.1,R01,27,1510,37.7,482.2
2,2.1,R01,27,1510,37.8,482.2
2,2.1,R01,27,1513,0,0
2,2.1,R01,27,1513,0.1,-0.4182
2,2.1,R01,27,1513,0.2,-0.1651
2,2.1,R01,27,1513,0.3,0.3271
2,2.1,R01,27,1513,0.4,1.115
2,2.1,R01,27,1513,0.5,2.002
2,2.1,R01,27,1513,0.6,4.156
2,2.1,R01,27,1513,0.7,6.627
2,2.1,R01,27,1513,0.8,9.877
2,2.1,R01,27,1513,0.9,17.96
2,2.1,R01,27,1513,1,24.82
2,2.1,R01,27,1513,1.1,38.27
2,2.1,R01,27,1513,1.2,47.67
2,2.1,R01,27,1513,1.3,62.68
2,2.1,R01,27,1513,1.4,72.77
2,2.1,R01,27,1513,1.5,82.81
2,2.1,R01,27,1513,1.6,97.83
2,2.1,R01,27,1513,1.7,107.2
2,2.1,R01,27,1513,1.8,117
2,2.1,R01,27,1513,1.9,131.1
2,2.1,R01,27,1513,2,140.7
2,2.1,R01,27,1513,2.1,154.8
2,2.1,R01,27,1513,2.2,164.5
2,2.1,R01,27,1513,2.3,178.9
2,2.1,R01,27,1513,2.4,189
2,2.1,R01,27,1513,2.5,199.3
2,2.1,R01,27,1513,2.6,215.2
2,2.1,R01,27,1513,2.7,226.1
2,2.1,R01,27,1513,2.8,237.2
2,2.1,R01,27,1513,2.9,253.5
2,2.1,R01,27,1513,3,263.2
2,2.1,R01,27,1513,3.1,274.9
2,2.1,R01,27,1513,3.2,282
2,2.1,R01,27,1513,3.3,290.9
2,2.1,R01,27,1513,3.4,295.8
2,2.1,R01,27,1513,3.5,300.1
2,2.1,R01,27,1513,3.6,305.8
2,2.1,R01,27,1513,3.7,309.1
2,2.1,R01,27,1513,3.8,312
2,2.1,R01,27,1513,3.9,315.9
2,2.1,R01,27,1513,4,318.2
2,2.1,R01,27,1513,4.1,321.1
2,2.1,R01,27,1513,4.2,322.9
2,2.1,R01,27,1513,4.3,325.4
2,2.1,R01,27,1513,4.4,326.8
2,2.1,R01,27,1513,4.5,328.2
2,2.1,R01,27,1513,4.6,330.1
2,2.1,R01,27,1513,4.7,331.2
2,2.1,R01,27,1513,4.8,332.4
2,2.1,R01,27,1513,4.9,333.9
2,2.1,R01,27,1513,5,334.8
2,2.1,R01,27,1513,5.1,336.1
2,2.1,R01,27,1513,5.2,336.8
2,2.1,R01,27,1513,5.3,337.8
2,2.1,R01,27,1513,5.4,338.4
2,2.1,R01,27,1513,5.5,339.1
2,2.1,R01,27,1513,5.6,340
2,2.1,R01,27,1513,5.7,340.5
2,2.1,R01,27,1513,5.8,341
2,2.1,R01,27,1513,5.9,341.8
2,2.1,R01,27,1513,6,342.3
2,2.1,R01,27,1513,6.1,343
2,2.1,R01,27,1513,6.2,343.5
2,2.1,R01,27,1513,6.3,344.1
2,2.1,R01,27,1513,6.4,344.5
2,2.1,R01,27,1513,6.5,344.8
2,2.1,R01,27,1513,6.6,345.3
2,2.1,R01,27,1513,6.7,345.7
2,2.1,R01,27,1513,6.8,346
2,2.1,R01,27,1513,6.9,346.5
2,2.1,R01,27,1513,7,346.9
2,2.1,R01,27,1513,7.1,347.4
2,2.1,R01,27,1513,7.2,347.8
2,2.1,R01,27,1513,7.3,348.3
2,2.1,R01,27,1513,7.4,348.6
2,2.1,R01,27,1513,7.5,348.9
2,2.1,R01,27,1513,7.6,349.4
2,2.1,R01,27,1513,7.7,349.7
2,2.1,R01,27,1513,7.8,350
2,2.1,R01,27,1513,7.9,350.5
2,2.1,R01,27,1513,8,350.8
2,2.1,R01,27,1513,8.1,351.2
2,2.1,R01,27,1513,8.2,351.5
2,2.1,R01,27,1513,8.3,351.9
2,2.1,R01,27,1513,8.4,352.2
2,2.1,R01,27,1513,8.5,352.5
2,2.1,R01,27,1513,8.6,352.9
2,2.1,R01,27,1513,8.7,353.2
2,2.1,R01,27,1513,8.8,353.5
2,2.1,R01,27,1513,8.9,353.9
2,2.1,R01,27,1513,9,354.2
2,2.1,R01,27,1513,9.1,354.6
2,2.1,R01,27,1513,9.2,354.9
2,2.1,R01,27,1513,9.3,355.2
2,2.1,R01,27,1513,9.4,355.4
2,2.1,R01,27,1513,9.5,355.6
2,2.1,R01,27,1513,9.6,355.9
2,2.1,R01,27,1513,9.7,356.2
2,2.1,R01,27,1513,9.8,356.4
2,2.1,R01,27,1513,9.9,356.8
2,2.1,R01,27,1513,10,356.9
2,2.1,R01,27,1513,10.1,357.2
2,2.1,R01,27,1513,10.2,357.4
2,2.1,R01,27,1513,10.3,357.8
2,2.1,R01,27,1513,10.4,357.9
2,2.1,R01,27,1513,10.5,358.1
2,2.1,R01,27,1513,10.6,358.4
2,2.1,R01,27,1513,10.7,358.6
2,2.1,R01,27,1513,10.8,358.8
2,2.1,R01,27,1513,10.9,359.1
2,2.1,R01,27,1513,11,359.4
2,2.1,R01,27,1513,11.1,359.7
2,2.1,R01,27,1513,11.2,359.9
2,2.1,R01,27,1513,11.3,360.1
2,2.1,R01,27,1513,11.4,360.3
2,2.1,R01,27,1513,11.5,360.4
2,2.1,R01,27,1513,11.6,360.7
2,2.1,R01,27,1513,11.7,360.9
2,2.1,R01,27,1513,11.8,361.1
2,2.1,R01,27,1513,11.9,361.4
2,2.1,R01,27,1513,12,361.6
2,2.1,R01,27,1513,12.1,361.8
2,2.1,R01,27,1513,12.2,362
2,2.1,R01,27,1513,12.3,362.2
2,2.1,R01,27,1513,12.4,362.3
2,2.1,R01,27,1513,12.5,362.5
2,2.1,R01,27,1513,12.6,362.7
2,2.1,R01,27,1513,12.7,362.9
2,2.1,R01,27,1513,12.8,363
2,2.1,R01,27,1513,12.9,363.3
2,2.1,R01,27,1513,13,363.5
2,2.1,R01,27,1513,13.1,363.7
2,2.1,R01,27,1513,13.2,363.8
2,2.1,R01,27,1513,13.3,364
2,2.1,R01,27,1513,13.4,364.1
2,2.1,R01,27,1513,13.5,364.3
2,2.1,R01,27,1513,13.6,364.5
2,2.1,R01,27,1513,13.7,364.6
2,2.1,R01,27,1513,13.8,364.7
2,2.1,R01,27,1513,13.9,364.9
2,2.1,R01,27,1513,14,365.1
2,2.1,R01,27,1513,14.1,365.3
2,2.1,R01,27,1513,14.2,365.4
2,2.1,R01,27,1513,14.3,365.6
2,2.1,R01,27,1513,14.4,365.8
2,2.1,R01,27,1513,14.5,365.9
2,2.1,R01,27,1513,14.6,366.1
2,2.1,R01,27,1513,14.7,366.2
2,2.1,R01,27,1513,14.8,366.4
2,2.1,R01,27,1513,14.9,366.6
2,2.1,R01,27,1513,15,366.8
2,2.1,R01,27,1513,15.1,367
2,2.1,R01,27,1513,15.2,367.2
2,2.1,R01,27,1513,15.3,367.4
2,2.1,R01,27,1513,15.4,367.6
2,2.1,R01,27,1513,15.5,367.7
2,2.1,R01,27,1513,15.6,367.9
2,2.1,R01,27,1513,15.7,368
2,2.1,R01,27,1513,15.8,368.2
2,2.1,R01,27,1513,15.9,368.4
2,2.1,R01,27,1513,16,368.5
2,2.1,R01,27,1513,16.1,368.7
2,2.1,R01,27,1513,16.2,368.8
2,2.1,R01,27,1513,16.3,369
2,2.1,R01,27,1513,16.4,369.2
2,2.1,R01,27,1513,16.5,369.3
2,2.1,R01,27,1513,16.6,369.5
2,2.1,R01,27,1513,16.7,369.6
2,2.1,R01,27,1513,16.8,369.8
2,2.1,R01,27,1513,16.9,369.9
2,2.1,R01,27,1513,17,370.1
2,2.1,R01,27,1513,17.1,370.3
2,2.1,R01,27,1513,17.2,370.4
2,2.1,R01,27,1513,17.3,370.6
2,2.1,R01,27,1513,17.4,370.7
2,2.1,R01,27,1513,17.5,370.8
2,2.1,R01,27,1513,17.6,371.1
2,2.1,R01,27,1513,17.7,371.2
2,2.1,R01,27,1513,17.8,371.4
2,2.1,R01,27,1513,17.9,371.6
2,2.1,R01,27,1513,18,371.7
2,2.1,R01,27,1513,18.1,371.9
2,2.1,R01,27,1513,18.2,372
2,2.1,R01,27,1513,18.3,372.2
2,2.1,R01,27,1513,18.4,372.3
2,2.1,R01,27,1513,18.5,372.4
2,2.1,R01,27,1513,18.6,372.6
2,2.1,R01,27,1513,18.7,372.7
2,2.1,R01,27,1513,18.8,372.8
2,2.1,R01,27,1513,18.9,373
2,2.1,R01,27,1513,19,373.1
2,2.1,R01,27,1513,19.1,373.3
2,2.1,R01,27,1513,19.2,373.4
2,2.1,R01,27,1513,19.3,373.6
2,2.1,R01,27,1513,19.4,373.7
2,2.1,R01,27,1513,19.5,373.8
2,2.1,R01,27,1513,19.6,374
2,2.1,R01,27,1513,19.7,374.1
2,2.1,R01,27,1513,19.8,374.3
2,2.1,R01,27,1513,19.9,374.5
2,2.1,R01,27,1513,20,374.6
2,2.1,R01,27,1513,20.1,374.8
2,2.1,R01,27,1513,20.2,375
2,2.1,R01,27,1513,20.3,375.2
2,2.1,R01,27,1513,20.4,375.3
2,2.1,R01,27,1513,20.5,375.5
2,2.1,R01,27,1513,20.6,375.7
2,2.1,R01,27,1513,20.7,375.8
2,2.1,R01,27,1513,20.8,375.9
2,2.1,R01,27,1513,20.9,376.1
2,2.1,R01,27,1513,21,376.3
2,2.1,R01,27,1513,21.1,376.5
2,2.1,R01,27,1513,21.2,376.6
2,2.1,R01,27,1513,21.3,376.8
2,2.1,R01,27,1513,21.4,377
2,2.1,R01,27,1513,21.5,377.1
2,2.1,R01,27,1513,21.6,377.3
2,2.1,R01,27,1513,21.7,377.5
2,2.1,R01,27,1513,21.8,377.6
2,2.1,R01,27,1513,21.9,377.8
2,2.1,R01,27,1513,22,377.9
2,2.1,R01,27,1513,22.1,378
2,2.1,R01,27,1513,22.2,378.2
2,2.1,R01,27,1513,22.3,378.3
2,2.1,R01,27,1513,22.4,378.4
2,2.1,R01,27,1513,22.5,378.5
2,2.1,R01,27,1513,22.6,378.7
2,2.1,R01,27,1513,22.7,378.8
2,2.1,R01,27,1513,22.8,378.9
2,2.1,R01,27,1513,22.9,379.1
2,2.1,R01,27,1513,23,379.2
2,2.1,R01,27,1513,23.1,379.4
2,2.1,R01,27,1513,23.2,379.5
2,2.1,R01,27,1513,23.3,379.6
2,2.1,R01,27,1513,23.4,379.8
2,2.1,R01,27,1513,23.5,379.9
2,2.1,R01,27,1513,23.6,380
2,2.1,R01,27,1513,23.7,380.2
2,2.1,R01,27,1513,23.8,380.3
2,2.1,R01,27,1513,23.9,380.5
2,2.1,R01,27,1513,24,380.6
2,2.1,R01,27,1513,24.1,380.8
2,2.1,R01,27,1513,24.2,380.9
2,2.1,R01,27,1513,24.3,381.1
2,2.1,R01,27,1513,24.4,381.2
2,2.1,R01,27,1513,24.5,381.3
2,2.1,R01,27,1513,24.6,381.5
2,2.1,R01,27,1513,24.7,381.6
2,2.1,R01,27,1513,24.8,381.8
2,2.1,R01,27,1513,24.9,382
2,2.1,R01,27,1513,25,382.1
2,2.1,R01,27,1513,25.1,382.3
2,2.1,R01,27,1513,25.2,382.5
2,2.1,R01,27,1513,25.3,382.7
2,2.1,R01,27,1513,25.4,382.8
2,2.1,R01,27,1513,25.5,383
2,2.1,R01,27,1513,25.6,383.2
2,2.1,R01,27,1513,25.7,383.3
2,2.1,R01,27,1513,25.8,383.5
2,2.1,R01,27,1513,25.9,383.7
2,2.1,R01,27,1513,26,383.8
2,2.1,R01,27,1513,26.1,384
2,2.1,R01,27,1513,26.2,384.1
2,2.1,R01,27,1513,26.3,384.3
2,2.1,R01,27,1513,26.4,384.5
2,2.1,R01,27,1513,26.5,384.6
2,2.1,R01,27,1513,26.6,384.7
2,2.1,R01,27,1513,26.7,384.8
2,2.1,R01,27,1513,26.8,384.9
2,2.1,R01,27,1513,26.9,385
2,2.1,R01,27,1513,27,385.1
2,2.1,R01,27,1513,27.1,385.2
2,2.1,R01,27,1513,27.2,385.3
2,2.1,R01,27,1513,27.3,385.4
2,2.1,R01,27,1513,27.4,385.5
2,2.1,R01,27,1513,27.5,385.5
2,2.1,R01,27,1513,27.6,385.7
2,2.1,R01,27,1513,27.7,385.7
2,2.1,R01,27,1513,27.8,385.8
2,2.1,R01,27,1513,27.9,385.9
2,2.1,R01,27,1513,28,386
2,2.1,R01,27,1513,28.1,386.2
2,2.1,R01,27,1513,28.2,386.3
2,2.1,R01,27,1513,28.3,386.5
2,2.1,R01,27,1513,28.4,386.7
2,2.1,R01,27,1513,28.5,386.8
2,2.1,R01,27,1513,28.6,387
2,2.1,R01,27,1513,28.7,387.1
2,2.1,R01,27,1513,28.8,387.2
2,2.1,R01,27,1513,28.9,387.4
2,2.1,R01,27,1513,29,387.5
2,2.1,R01,27,1513,29.1,387.6
2,2.1,R01,27,1513,29.2,387.7
2,2.1,R01,27,1513,29.3,387.8
2,2.1,R01,27,1513,29.4,387.9
2,2.1,R01,27,1513,29.5,388
2,2.1,R01,27,1513,29.6,388.1
2,2.1,R01,27,1513,29.7,388.1
2,2.1,R01,27,1513,29.8,388.2
2,2.1,R01,27,1513,29.9,388.3
2,2.1,R01,27,1513,30,388.4
2,2.1,R01,27,1513,30.1,388.5
2,2.1,R01,27,1513,30.2,388.6
2,2.1,R01,27,1513,30.3,388.7
2,2.1,R01,27,1513,30.4,388.8
2,2.1,R01,27,1513,30.5,388.9
2,2.1,R01,27,1513,30.6,389.1
2,2.1,R01,27,1513,30.7,389.2
2,2.1,R01,27,1513,30.8,389.3
2,2.1,R01,27,1513,30.9,389.4
2,2.1,R01,27,1513,31,389.5
2,2.1,R01,27,1513,31.1,389.7
2,2.1,R01,27,1513,31.2,389.8
2,2.1,R01,27,1513,31.3,389.9
2,2.1,R01,27,1513,31.4,390
2,2.1,R01,27,1513,31.5,390.1
2,2.1,R01,27,1513,31.6,390.3
2,2.1,R01,27,1513,31.7,390.3
2,2.1,R01,27,1513,31.8,390.4
2,2.1,R01,27,1513,31.9,390.6
2,2.1,R01,27,1513,32,390.6
2,2.1,R01,27,1513,32.1,390.8
2,2.1,R01,27,1513,32.2,390.8
2,2.1,R01,27,1513,32.3,391
2,2.1,R01,27,1513,32.4,391
2,2.1,R01,27,1513,32.5,391.1
2,2.1,R01,27,1513,32.6,391.3
2,2.1,R01,27,1513,32.7,391.3
2,2.1,R01,27,1513,32.8,391.4
2,2.1,R01,27,1513,32.9,391.5
2,2.1,R01,27,1513,33,391.5
2,2.1,R01,27,1513,33.1,391.6
2,2.1,R01,27,1513,33.2,391.7
2,2.1,R01,27,1513,33.3,391.8
2,2.1,R01,27,1513,33.4,391.9
2,2.1,R01,27,1513,33.5,392
2,2.1,R01,27,1513,33.6,392.1
2,2.1,R01,27,1513,33.7,392.1
2,2.1,R01,27,1513,33.8,392.2
2,2.1,R01,27,1513,33.9,392.3
2,2.1,R01,27,1513,34,392.4
2,2.1,R01,27,1513,34.1,392.5
2,2.1,R01,27,1513,34.2,392.6
2,2.1,R01,27,1513,34.3,392.7
2,2.1,R01,27,1513,34.4,392.8
2,2.1,R01,27,1513,34.5,392.9
2,2.1,R01,27,1513,34.6,393.1
2,2.1,R01,27,1513,34.7,393.2
2,2.1,R01,27,1513,34.8,393.3
2,2.1,R01,27,1513,34.9,393.5
2,2.1,R01,27,1513,35,393.6
2,2.1,R01,27,1513,35.1,393.8
2,2.1,R01,27,1513,35.2,393.9
2,2.1,R01,27,1513,35.3,394
2,2.1,R01,27,1513,35.4,394.2
2,2.1,R01,27,1513,35.5,394.3
2,2.1,R01,27,1513,35.6,394.5
2,2.1,R01,27,1513,35.7,394.6
2,2.1,R01,27,1513,35.8,394.7
2,2.1,R01,27,1513,35.9,394.9
2,2.1,R01,27,1513,36,395
2,2.1,R01,27,1513,36.1,395.3
2,2.1,R01,27,1513,36.2,395.4
2,2.1,R01,27,1513,36.3,395.6
2,2.1,R01,27,1513,36.4,395.8
2,2.1,R01,27,1513,36.5,395.9
2,2.1,R01,27,1513,36.6,396.1
2,2.1,R01,27,1513,36.7,396.1
2,2.1,R01,27,1513,36.8,396.1
2,2.1,R01,27,1513,36.9,396.1
2,2.1,R01,27,1513,37,396.1
2,2.1,R01,27,1513,37.1,396.1
2,2.1,R01,27,1513,37.2,396.1
2,2.1,R01,27,1513,37.3,396.1
2,2.1,R01,27,1513,37.4,396.1
2,2.1,R01,27,1513,37.5,396.1
2,2.1,R01,27,1513,37.6,396.1
2,2.1,R01,27,1513,37.7,396.1
2,2.1,R01,27,1513,37.8,396.1
2,2.1,R01,27,1514,0,0
2,2.1,R01,27,1514,0.1,4.514
2,2.1,R01,27,1514,0.2,10.58
2,2.1,R01,27,1514,0.3,20.14
2,2.1,R01,27,1514,0.4,28.62
2,2.1,R01,27,1514,0.5,41.74
2,2.1,R01,27,1514,0.6,64.81
2,2.1,R01,27,1514,0.7,74.63
2,2.1,R01,27,1514,0.8,83.33
2,2.1,R01,27,1514,0.9,96.31
2,2.1,R01,27,1514,1,105.5
2,2.1,R01,27,1514,1.1,119.6
2,2.1,R01,27,1514,1.2,129.1
2,2.1,R01,27,1514,1.3,144.7
2,2.1,R01,27,1514,1.4,154.6
2,2.1,R01,27,1514,1.5,163.6
2,2.1,R01,27,1514,1.6,177
2,2.1,R01,27,1514,1.7,186.5
2,2.1,R01,27,1514,1.8,196.3
2,2.1,R01,27,1514,1.9,211.5
2,2.1,R01,27,1514,2,222.2
2,2.1,R01,27,1514,2.1,239
2,2.1,R01,27,1514,2.2,250.3
2,2.1,R01,27,1514,2.3,267.5
2,2.1,R01,27,1514,2.4,278.4
2,2.1,R01,27,1514,2.5,287
2,2.1,R01,27,1514,2.6,294.4
2,2.1,R01,27,1514,2.7,300.9
2,2.1,R01,27,1514,2.8,307.1
2,2.1,R01,27,1514,2.9,316.2
2,2.1,R01,27,1514,3,319.1
2,2.1,R01,27,1514,3.1,322.6
2,2.1,R01,27,1514,3.2,324.9
2,2.1,R01,27,1514,3.3,327.9
2,2.1,R01,27,1514,3.4,330
2,2.1,R01,27,1514,3.5,331.9
2,2.1,R01,27,1514,3.6,334.9
2,2.1,R01,27,1514,3.7,336.7
2,2.1,R01,27,1514,3.8,337.9
2,2.1,R01,27,1514,3.9,339.7
2,2.1,R01,27,1514,4,340.8
2,2.1,R01,27,1514,4.1,342.3
2,2.1,R01,27,1514,4.2,343.2
2,2.1,R01,27,1514,4.3,344.8
2,2.1,R01,27,1514,4.4,345.8
2,2.1,R01,27,1514,4.5,346.7
2,2.1,R01,27,1514,4.6,348
2,2.1,R01,27,1514,4.7,348.8
2,2.1,R01,27,1514,4.8,349.6
2,2.1,R01,27,1514,4.9,350.8
2,2.1,R01,27,1514,5,351.6
2,2.1,R01,27,1514,5.1,352.8
2,2.1,R01,27,1514,5.2,353.6
2,2.1,R01,27,1514,5.3,354.6
2,2.1,R01,27,1514,5.4,355.4
2,2.1,R01,27,1514,5.5,356.1
2,2.1,R01,27,1514,5.6,357.2
2,2.1,R01,27,1514,5.7,357.8
2,2.1,R01,27,1514,5.8,358.4
2,2.1,R01,27,1514,5.9,359.4
2,2.1,R01,27,1514,6,360.1
2,2.1,R01,27,1514,6.1,361
2,2.1,R01,27,1514,6.2,361.6
2,2.1,R01,27,1514,6.3,362.4
2,2.1,R01,27,1514,6.4,362.9
2,2.1,R01,27,1514,6.5,363.3
2,2.1,R01,27,1514,6.6,364
2,2.1,R01,27,1514,6.7,364.4
2,2.1,R01,27,1514,6.8,364.8
2,2.1,R01,27,1514,6.9,365.5
2,2.1,R01,27,1514,7,366
2,2.1,R01,27,1514,7.1,366.7
2,2.1,R01,27,1514,7.2,367.1
2,2.1,R01,27,1514,7.3,367.7
2,2.1,R01,27,1514,7.4,368.2
2,2.1,R01,27,1514,7.5,368.5
2,2.1,R01,27,1514,7.6,369.1
2,2.1,R01,27,1514,7.7,369.5
2,2.1,R01,27,1514,7.8,369.9
2,2.1,R01,27,1514,7.9,370.5
2,2.1,R01,27,1514,8,370.9
2,2.1,R01,27,1514,8.1,371.6
2,2.1,R01,27,1514,8.2,371.8
2,2.1,R01,27,1514,8.3,372.3
2,2.1,R01,27,1514,8.4,372.6
2,2.1,R01,27,1514,8.5,372.9
2,2.1,R01,27,1514,8.6,373.3
2,2.1,R01,27,1514,8.7,373.6
2,2.1,R01,27,1514,8.8,374
2,2.1,R01,27,1514,8.9,374.5
2,2.1,R01,27,1514,9,374.8
2,2.1,R01,27,1514,9.1,375.2
2,2.1,R01,27,1514,9.2,375.5
2,2.1,R01,27,1514,9.3,375.9
2,2.1,R01,27,1514,9.4,376.2
2,2.1,R01,27,1514,9.5,376.5
2,2.1,R01,27,1514,9.6,376.9
2,2.1,R01,27,1514,9.7,377.1
2,2.1,R01,27,1514,9.8,377.4
2,2.1,R01,27,1514,9.9,377.7
2,2.1,R01,27,1514,10,377.9
2,2.1,R01,27,1514,10.1,378.3
2,2.1,R01,27,1514,10.2,378.5
2,2.1,R01,27,1514,10.3,378.9
2,2.1,R01,27,1514,10.4,379.1
2,2.1,R01,27,1514,10.5,379.4
2,2.1,R01,27,1514,10.6,379.9
2,2.1,R01,27,1514,10.7,380.1
2,2.1,R01,27,1514,10.8,380.4
2,2.1,R01,27,1514,10.9,380.8
2,2.1,R01,27,1514,11,381.1
2,2.1,R01,27,1514,11.1,381.6
2,2.1,R01,27,1514,11.2,381.9
2,2.1,R01,27,1514,11.3,382.3
2,2.1,R01,27,1514,11.4,382.6
2,2.1,R01,27,1514,11.5,382.9
2,2.1,R01,27,1514,11.6,383.4
2,2.1,R01,27,1514,11.7,383.6
2,2.1,R01,27,1514,11.8,383.9
2,2.1,R01,27,1514,11.9,384.3
2,2.1,R01,27,1514,12,384.6
2,2.1,R01,27,1514,12.1,384.8
2,2.1,R01,27,1514,12.2,385
2,2.1,R01,27,1514,12.3,385.2
2,2.1,R01,27,1514,12.4,385.4
2,2.1,R01,27,1514,12.5,385.5
2,2.1,R01,27,1514,12.6,385.7
2,2.1,R01,27,1514,12.7,385.9
2,2.1,R01,27,1514,12.8,386.1
2,2.1,R01,27,1514,12.9,386.3
2,2.1,R01,27,1514,13,386.5
2,2.1,R01,27,1514,13.1,386.7
2,2.1,R01,27,1514,13.2,386.8
2,2.1,R01,27,1514,13.3,387
2,2.1,R01,27,1514,13.4,387.1
2,2.1,R01,27,1514,13.5,387.2
2,2.1,R01,27,1514,13.6,387.4
2,2.1,R01,27,1514,13.7,387.5
2,2.1,R01,27,1514,13.8,387.6
2,2.1,R01,27,1514,13.9,387.8
2,2.1,R01,27,1514,14,387.9
2,2.1,R01,27,1514,14.1,388.1
2,2.1,R01,27,1514,14.2,388.2
2,2.1,R01,27,1514,14.3,388.3
2,2.1,R01,27,1514,14.4,388.4
2,2.1,R01,27,1514,14.5,388.5
2,2.1,R01,27,1514,14.6,388.7
2,2.1,R01,27,1514,14.7,388.8
2,2.1,R01,27,1514,14.8,389
2,2.1,R01,27,1514,14.9,389.1
2,2.1,R01,27,1514,15,389.2
2,2.1,R01,27,1514,15.1,389.4
2,2.1,R01,27,1514,15.2,389.5
2,2.1,R01,27,1514,15.3,389.7
2,2.1,R01,27,1514,15.4,389.9
2,2.1,R01,27,1514,15.5,390
2,2.1,R01,27,1514,15.6,390.2
2,2.1,R01,27,1514,15.7,390.3
2,2.1,R01,27,1514,15.8,390.4
2,2.1,R01,27,1514,15.9,390.5
2,2.1,R01,27,1514,16,390.6
2,2.1,R01,27,1514,16.1,390.8
2,2.1,R01,27,1514,16.2,390.9
2,2.1,R01,27,1514,16.3,391
2,2.1,R01,27,1514,16.4,391.1
2,2.1,R01,27,1514,16.5,391.2
2,2.1,R01,27,1514,16.6,391.3
2,2.1,R01,27,1514,16.7,391.4
2,2.1,R01,27,1514,16.8,391.5
2,2.1,R01,27,1514,16.9,391.6
2,2.1,R01,27,1514,17,391.7
2,2.1,R01,27,1514,17.1,391.9
2,2.1,R01,27,1514,17.2,391.9
2,2.1,R01,27,1514,17.3,392.1
2,2.1,R01,27,1514,17.4,392.1
2,2.1,R01,27,1514,17.5,392.2
2,2.1,R01,27,1514,17.6,392.3
2,2.1,R01,27,1514,17.7,392.4
2,2.1,R01,27,1514,17.8,392.5
2,2.1,R01,27,1514,17.9,392.6
2,2.1,R01,27,1514,18,392.7
2,2.1,R01,27,1514,18.1,392.8
2,2.1,R01,27,1514,18.2,392.9
2,2.1,R01,27,1514,18.3,393
2,2.1,R01,27,1514,18.4,393.1
2,2.1,R01,27,1514,18.5,393.2
2,2.1,R01,27,1514,18.6,393.3
2,2.1,R01,27,1514,18.7,393.4
2,2.1,R01,27,1514,18.8,393.5
2,2.1,R01,27,1514,18.9,393.6
2,2.1,R01,27,1514,19,393.7
2,2.1,R01,27,1514,19.1,393.8
2,2.1,R01,27,1514,19.2,393.9
2,2.1,R01,27,1514,19.3,394
2,2.1,R01,27,1514,19.4,394.1
2,2.1,R01,27,1514,19.5,394.2
2,2.1,R01,27,1514,19.6,394.3
2,2.1,R01,27,1514,19.7,394.4
2,2.1,R01,27,1514,19.8,394.5
2,2.1,R01,27,1514,19.9,394.6
2,2.1,R01,27,1514,20,394.6
2,2.1,R01,27,1514,20.1,394.8
2,2.1,R01,27,1514,20.2,394.8
2,2.1,R01,27,1514,20.3,394.9
2,2.1,R01,27,1514,20.4,395
2,2.1,R01,27,1514,20.5,395.1
2,2.1,R01,27,1514,20.6,395.2
2,2.1,R01,27,1514,20.7,395.3
2,2.1,R01,27,1514,20.8,395.3
2,2.1,R01,27,1514,20.9,395.5
2,2.1,R01,27,1514,21,395.6
2,2.1,R01,27,1514,21.1,395.7
2,2.1,R01,27,1514,21.2,395.7
2,2.1,R01,27,1514,21.3,395.9
2,2.1,R01,27,1514,21.4,396
2,2.1,R01,27,1514,21.5,396
2,2.1,R01,27,1514,21.6,396.2
2,2.1,R01,27,1514,21.7,396.2
2,2.1,R01,27,1514,21.8,396.3
2,2.1,R01,27,1514,21.9,396.4
2,2.1,R01,27,1514,22,396.5
2,2.1,R01,27,1514,22.1,396.6
2,2.1,R01,27,1514,22.2,396.6
2,2.1,R01,27,1514,22.3,396.6
2,2.1,R01,27,1514,22.4,396.7
2,2.1,R01,27,1514,22.5,396.7
2,2.1,R01,27,1514,22.6,396.7
2,2.1,R01,27,1514,22.7,396.8
2,2.1,R01,27,1514,22.8,396.8
2,2.1,R01,27,1514,22.9,396.9
2,2.1,R01,27,1514,23,396.9
2,2.1,R01,27,1514,23.1,397
2,2.1,R01,27,1514,23.2,397
2,2.1,R01,27,1514,23.3,397.1
2,2.1,R01,27,1514,23.4,397.2
2,2.1,R01,27,1514,23.5,397.2
2,2.1,R01,27,1514,23.6,397.3
2,2.1,R01,27,1514,23.7,397.4
2,2.1,R01,27,1514,23.8,397.4
2,2.1,R01,27,1514,23.9,397.6
2,2.1,R01,27,1514,24,397.6
2,2.1,R01,27,1514,24.1,397.7
2,2.1,R01,27,1514,24.2,397.8
2,2.1,R01,27,1514,24.3,397.9
2,2.1,R01,27,1514,24.4,398
2,2.1,R01,27,1514,24.5,398.1
2,2.1,R01,27,1514,24.6,398.2
2,2.1,R01,27,1514,24.7,398.3
2,2.1,R01,27,1514,24.8,398.4
2,2.1,R01,27,1514,24.9,398.5
2,2.1,R01,27,1514,25,398.6
2,2.1,R01,27,1514,25.1,398.7
2,2.1,R01,27,1514,25.2,398.8
2,2.1,R01,27,1514,25.3,398.9
2,2.1,R01,27,1514,25.4,398.9
2,2.1,R01,27,1514,25.5,399
2,2.1,R01,27,1514,25.6,399.1
2,2.1,R01,27,1514,25.7,399.2
2,2.1,R01,27,1514,25.8,399.3
2,2.1,R01,27,1514,25.9,399.4
2,2.1,R01,27,1514,26,399.5
2,2.1,R01,27,1514,26.1,399.6
2,2.1,R01,27,1514,26.2,399.6
2,2.1,R01,27,1514,26.3,399.8
2,2.1,R01,27,1514,26.4,399.8
2,2.1,R01,27,1514,26.5,399.9
2,2.1,R01,27,1514,26.6,400
2,2.1,R01,27,1514,26.7,400
2,2.1,R01,27,1514,26.8,400
2,2.1,R01,27,1514,26.9,400.1
2,2.1,R01,27,1514,27,400.1
2,2.1,R01,27,1514,27.1,400.2
2,2.1,R01,27,1514,27.2,400.2
2,2.1,R01,27,1514,27.3,400.3
2,2.1,R01,27,1514,27.4,400.3
2,2.1,R01,27,1514,27.5,400.4
2,2.1,R01,27,1514,27.6,400.4
2,2.1,R01,27,1514,27.7,400.5
2,2.1,R01,27,1514,27.8,400.5
2,2.1,R01,27,1514,27.9,400.6
2,2.1,R01,27,1514,28,400.6
2,2.1,R01,27,1514,28.1,400.7
2,2.1,R01,27,1514,28.2,400.7
2,2.1,R01,27,1514,28.3,400.7
2,2.1,R01,27,1514,28.4,400.8
2,2.1,R01,27,1514,28.5,400.8
2,2.1,R01,27,1514,28.6,400.9
2,2.1,R01,27,1514,28.7,400.9
2,2.1,R01,27,1514,28.8,400.9
2,2.1,R01,27,1514,28.9,401
2,2.1,R01,27,1514,29,401
2,2.1,R01,27,1514,29.1,401.1
2,2.1,R01,27,1514,29.2,401.1
2,2.1,R01,27,1514,29.3,401.2
2,2.1,R01,27,1514,29.4,401.2
2,2.1,R01,27,1514,29.5,401.3
2,2.1,R01,27,1514,29.6,401.3
2,2.1,R01,27,1514,29.7,401.4
2,2.1,R01,27,1514,29.8,401.4
2,2.1,R01,27,1514,29.9,401.5
2,2.1,R01,27,1514,30,401.5
2,2.1,R01,27,1514,30.1,401.6
2,2.1,R01,27,1514,30.2,401.6
2,2.1,R01,27,1514,30.3,401.7
2,2.1,R01,27,1514,30.4,401.7
2,2.1,R01,27,1514,30.5,401.8
2,2.1,R01,27,1514,30.6,401.8
2,2.1,R01,27,1514,30.7,401.9
2,2.1,R01,27,1514,30.8,401.9
2,2.1,R01,27,1514,30.9,401.9
2,2.1,R01,27,1514,31,402
2,2.1,R01,27,1514,31.1,402
2,2.1,R01,27,1514,31.2,402.1
2,2.1,R01,27,1514,31.3,402.1
2,2.1,R01,27,1514,31.4,402.2
2,2.1,R01,27,1514,31.5,402.2
2,2.1,R01,27,1514,31.6,402.2
2,2.1,R01,27,1514,31.7,402.3
2,2.1,R01,27,1514,31.8,402.3
2,2.1,R01,27,1514,31.9,402.4
2,2.1,R01,27,1514,32,402.4
2,2.1,R01,27,1514,32.1,402.5
2,2.1,R01,27,1514,32.2,402.5
2,2.1,R01,27,1514,32.3,402.5
2,2.1,R01,27,1514,32.4,402.6
2,2.1,R01,27,1514,32.5,402.6
2,2.1,R01,27,1514,32.6,402.7
2,2.1,R01,27,1514,32.7,402.7
2,2.1,R01,27,1514,32.8,402.7
2,2.1,R01,27,1514,32.9,402.8
2,2.1,R01,27,1514,33,402.8
2,2.1,R01,27,1514,33.1,402.8
2,2.1,R01,27,1514,33.2,402.8
2,2.1,R01,27,1514,33.3,402.9
2,2.1,R01,27,1514,33.4,402.9
2,2.1,R01,27,1514,33.5,402.9
2,2.1,R01,27,1514,33.6,403
2,2.1,R01,27,1514,33.7,403
2,2.1,R01,27,1514,33.8,403
2,2.1,R01,27,1514,33.9,403.1
2,2.1,R01,27,1514,34,403.1
2,2.1,R01,27,1514,34.1,403.1
2,2.1,R01,27,1514,34.2,403.2
2,2.1,R01,27,1514,34.3,403.2
2,2.1,R01,27,1514,34.4,403.2
2,2.1,R01,27,1514,34.5,403.2
2,2.1,R01,27,1514,34.6,403.3
2,2.1,R01,27,1514,34.7,403.3
2,2.1,R01,27,1514,34.8,403.3
2,2.1,R01,27,1514,34.9,403.4
2,2.1,R01,27,1514,35,403.4
2,2.1,R01,27,1514,35.1,403.4
2,2.1,R01,27,1514,35.2,403.5
2,2.1,R01,27,1514,35.3,403.5
2,2.1,R01,27,1514,35.4,403.5
2,2.1,R01,27,1514,35.5,403.6
2,2.1,R01,27,1514,35.6,403.6
2,2.1,R01,27,1514,35.7,403.6
2,2.1,R01,27,1514,35.8,403.7
2,2.1,R01,27,1514,35.9,403.7
2,2.1,R01,27,1514,36,403.8
2,2.1,R01,27,1514,36.1,403.8
2,2.1,R01,27,1514,36.2,403.8
2,2.1,R01,27,1514,36.3,403.7
2,2.1,R01,27,1514,36.4,403.7
2,2.1,R01,27,1514,36.5,403.7
2,2.1,R01,27,1514,36.6,403.7
2,2.1,R01,27,1514,36.7,403.7
2,2.1,R01,27,1514,36.8,403.7
2,2.1,R01,27,1514,36.9,403.7
2,2.1,R01,27,1514,37,403.7
2,2.1,R01,27,1514,37.1,403.7
2,2.1,R01,27,1514,37.2,403.7
2,2.1,R01,27,1514,37.3,403.7
2,2.1,R01,27,1514,37.4,403.7
2,2.1,R01,27,1514,37.5,403.7
2,2.1,R01,27,1514,37.6,403.7
2,2.1,R01,27,1514,37.7,403.7
2,2.1,R01,27,1514,37.8,403.7
2,2.1,R01,27,1515,0,0
2,2.1,R01,27,1515,0.1,6.569
2,2.1,R01,27,1515,0.2,13.83
2,2.1,R01,27,1515,0.3,26.33
2,2.1,R01,27,1515,0.4,36.48
2,2.1,R01,27,1515,0.5,48.76
2,2.1,R01,27,1515,0.6,63.83
2,2.1,R01,27,1515,0.7,72.46
2,2.1,R01,27,1515,0.8,80.96
2,2.1,R01,27,1515,0.9,92.61
2,2.1,R01,27,1515,1,100.7
2,2.1,R01,27,1515,1.1,111.1
2,2.1,R01,27,1515,1.2,117.7
2,2.1,R01,27,1515,1.3,127.9
2,2.1,R01,27,1515,1.4,135
2,2.1,R01,27,1515,1.5,142.2
2,2.1,R01,27,1515,1.6,153.5
2,2.1,R01,27,1515,1.7,161.7
2,2.1,R01,27,1515,1.8,169.3
2,2.1,R01,27,1515,1.9,181.8
2,2.1,R01,27,1515,2,190.7
2,2.1,R01,27,1515,2.1,203.8
2,2.1,R01,27,1515,2.2,212.4
2,2.1,R01,27,1515,2.3,225.5
2,2.1,R01,27,1515,2.4,234.2
2,2.1,R01,27,1515,2.5,243.1
2,2.1,R01,27,1515,2.6,255.5
2,2.1,R01,27,1515,2.7,264.2
2,2.1,R01,27,1515,2.8,271.8
2,2.1,R01,27,1515,2.9,281.2
2,2.1,R01,27,1515,3,285.1
2,2.1,R01,27,1515,3.1,287.3
2,2.1,R01,27,1515,3.2,288.3
2,2.1,R01,27,1515,3.3,289.5
2,2.1,R01,27,1515,3.4,290.4
2,2.1,R01,27,1515,3.5,291.3
2,2.1,R01,27,1515,3.6,292.6
2,2.1,R01,27,1515,3.7,293.5
2,2.1,R01,27,1515,3.8,294.4
2,2.1,R01,27,1515,3.9,295.7
2,2.1,R01,27,1515,4,296.5
2,2.1,R01,27,1515,4.1,297.6
2,2.1,R01,27,1515,4.2,298.5
2,2.1,R01,27,1515,4.3,299.7
2,2.1,R01,27,1515,4.4,300.6
2,2.1,R01,27,1515,4.5,301.4
2,2.1,R01,27,1515,4.6,302.5
2,2.1,R01,27,1515,4.7,303.2
2,2.1,R01,27,1515,4.8,304
2,2.1,R01,27,1515,4.9,305.3
2,2.1,R01,27,1515,5,306.1
2,2.1,R01,27,1515,5.1,307.3
2,2.1,R01,27,1515,5.2,307.9
2,2.1,R01,27,1515,5.3,309
2,2.1,R01,27,1515,5.4,309.7
2,2.1,R01,27,1515,5.5,310.5
2,2.1,R01,27,1515,5.6,311.7
2,2.1,R01,27,1515,5.7,312.6
2,2.1,R01,27,1515,5.8,313.4
2,2.1,R01,27,1515,5.9,314.5
2,2.1,R01,27,1515,6,315.3
2,2.1,R01,27,1515,6.1,316.3
2,2.1,R01,27,1515,6.2,317
2,2.1,R01,27,1515,6.3,318
2,2.1,R01,27,1515,6.4,318.7
2,2.1,R01,27,1515,6.5,319.4
2,2.1,R01,27,1515,6.6,320.8
2,2.1,R01,27,1515,6.7,321.3
2,2.1,R01,27,1515,6.8,321.9
2,2.1,R01,27,1515,6.9,323
2,2.1,R01,27,1515,7,324
2,2.1,R01,27,1515,7.1,325.5
2,2.1,R01,27,1515,7.2,326.5
2,2.1,R01,27,1515,7.3,327.9
2,2.1,R01,27,1515,7.4,329.1
2,2.1,R01,27,1515,7.5,330.4
2,2.1,R01,27,1515,7.6,332.3
2,2.1,R01,27,1515,7.7,333.8
2,2.1,R01,27,1515,7.8,335.4
2,2.1,R01,27,1515,7.9,338.1
2,2.1,R01,27,1515,8,340.3
2,2.1,R01,27,1515,8.1,343.5
2,2.1,R01,27,1515,8.2,345.9
2,2.1,R01,27,1515,8.3,349.8
2,2.1,R01,27,1515,8.4,352.7
2,2.1,R01,27,1515,8.5,355.4
2,2.1,R01,27,1515,8.6,359.4
2,2.1,R01,27,1515,8.7,362.3
2,2.1,R01,27,1515,8.8,365.3
2,2.1,R01,27,1515,8.9,370.2
2,2.1,R01,27,1515,9,373.9
2,2.1,R01,27,1515,9.1,380
2,2.1,R01,27,1515,9.2,384.6
2,2.1,R01,27,1515,9.3,391.7
2,2.1,R01,27,1515,9.4,396.8
2,2.1,R01,27,1515,9.5,401.9
2,2.1,R01,27,1515,9.6,410.1
2,2.1,R01,27,1515,9.7,415.7
2,2.1,R01,27,1515,9.8,421.2
2,2.1,R01,27,1515,9.9,428.7
2,2.1,R01,27,1515,10,433.5
2,2.1,R01,27,1515,10.1,440.3
2,2.1,R01,27,1515,10.2,442.3
2,2.1,R01,27,1515,10.3,443.7
2,2.1,R01,27,1515,10.4,444.2
2,2.1,R01,27,1515,10.5,444.7
2,2.1,R01,27,1515,10.6,445.5
2,2.1,R01,27,1515,10.7,445.9
2,2.1,R01,27,1515,10.8,446.5
2,2.1,R01,27,1515,10.9,447.4
2,2.1,R01,27,1515,11,448
2,2.1,R01,27,1515,11.1,448.8
2,2.1,R01,27,1515,11.2,449.4
2,2.1,R01,27,1515,11.3,450.2
2,2.1,R01,27,1515,11.4,450.8
2,2.1,R01,27,1515,11.5,451.3
2,2.1,R01,27,1515,11.6,452.1
2,2.1,R01,27,1515,11.7,452.6
2,2.1,R01,27,1515,11.8,453.3
2,2.1,R01,27,1515,11.9,454.2
2,2.1,R01,27,1515,12,454.8
2,2.1,R01,27,1515,12.1,455.7
2,2.1,R01,27,1515,12.2,456.3
2,2.1,R01,27,1515,12.3,457.1
2,2.1,R01,27,1515,12.4,457.7
2,2.1,R01,27,1515,12.5,458.3
2,2.1,R01,27,1515,12.6,459.1
2,2.1,R01,27,1515,12.7,459.5
2,2.1,R01,27,1515,12.8,459.9
2,2.1,R01,27,1515,12.9,460.5
2,2.1,R01,27,1515,13,460.8
2,2.1,R01,27,1515,13.1,461.4
2,2.1,R01,27,1515,13.2,461.7
2,2.1,R01,27,1515,13.3,462.1
2,2.1,R01,27,1515,13.4,462.4
2,2.1,R01,27,1515,13.5,462.6
2,2.1,R01,27,1515,13.6,463
2,2.1,R01,27,1515,13.7,463.3
2,2.1,R01,27,1515,13.8,463.7
2,2.1,R01,27,1515,13.9,464.2
2,2.1,R01,27,1515,14,464.5
2,2.1,R01,27,1515,14.1,464.7
2,2.1,R01,27,1515,14.2,464.9
2,2.1,R01,27,1515,14.3,465.1
2,2.1,R01,27,1515,14.4,465.3
2,2.1,R01,27,1515,14.5,465.5
2,2.1,R01,27,1515,14.6,465.9
2,2.1,R01,27,1515,14.7,466.1
2,2.1,R01,27,1515,14.8,466.4
2,2.1,R01,27,1515,14.9,466.8
2,2.1,R01,27,1515,15,467.2
2,2.1,R01,27,1515,15.1,467.6
2,2.1,R01,27,1515,15.2,467.9
2,2.1,R01,27,1515,15.3,468.4
2,2.1,R01,27,1515,15.4,468.7
2,2.1,R01,27,1515,15.5,469
2,2.1,R01,27,1515,15.6,469.4
2,2.1,R01,27,1515,15.7,469.7
2,2.1,R01,27,1515,15.8,469.8
2,2.1,R01,27,1515,15.9,470
2,2.1,R01,27,1515,16,470.2
2,2.1,R01,27,1515,16.1,470.4
2,2.1,R01,27,1515,16.2,470.5
2,2.1,R01,27,1515,16.3,470.7
2,2.1,R01,27,1515,16.4,470.8
2,2.1,R01,27,1515,16.5,470.9
2,2.1,R01,27,1515,16.6,470.9
2,2.1,R01,27,1515,16.7,471
2,2.1,R01,27,1515,16.8,471
2,2.1,R01,27,1515,16.9,471.1
2,2.1,R01,27,1515,17,471.1
2,2.1,R01,27,1515,17.1,471.2
2,2.1,R01,27,1515,17.2,471.2
2,2.1,R01,27,1515,17.3,471.3
2,2.1,R01,27,1515,17.4,471.4
2,2.1,R01,27,1515,17.5,471.4
2,2.1,R01,27,1515,17.6,471.5
2,2.1,R01,27,1515,17.7,471.5
2,2.1,R01,27,1515,17.8,471.5
2,2.1,R01,27,1515,17.9,471.6
2,2.1,R01,27,1515,18,471.6
2,2.1,R01,27,1515,18.1,471.7
2,2.1,R01,27,1515,18.2,471.7
2,2.1,R01,27,1515,18.3,471.8
2,2.1,R01,27,1515,18.4,471.8
2,2.1,R01,27,1515,18.5,471.9
2,2.1,R01,27,1515,18.6,471.9
2,2.1,R01,27,1515,18.7,472
2,2.1,R01,27,1515,18.8,472
2,2.1,R01,27,1515,18.9,472.1
2,2.1,R01,27,1515,19,472.1
2,2.1,R01,27,1515,19.1,472.2
2,2.1,R01,27,1515,19.2,472.3
2,2.1,R01,27,1515,19.3,472.3
2,2.1,R01,27,1515,19.4,472.4
2,2.1,R01,27,1515,19.5,472.4
2,2.1,R01,27,1515,19.6,472.5
2,2.1,R01,27,1515,19.7,472.5
2,2.1,R01,27,1515,19.8,472.6
2,2.1,R01,27,1515,19.9,472.6
2,2.1,R01,27,1515,20,472.7
2,2.1,R01,27,1515,20.1,472.7
2,2.1,R01,27,1515,20.2,472.7
2,2.1,R01,27,1515,20.3,472.7
2,2.1,R01,27,1515,20.4,472.7
2,2.1,R01,27,1515,20.5,472.7
2,2.1,R01,27,1515,20.6,472.7
2,2.1,R01,27,1515,20.7,472.8
2,2.1,R01,27,1515,20.8,472.8
2,2.1,R01,27,1515,20.9,472.8
2,2.1,R01,27,1515,21,472.9
2,2.1,R01,27,1515,21.1,472.9
2,2.1,R01,27,1515,21.2,473
2,2.1,R01,27,1515,21.3,473.1
2,2.1,R01,27,1515,21.4,473.1
2,2.1,R01,27,1515,21.5,473.1
2,2.1,R01,27,1515,21.6,473
2,2.1,R01,27,1515,21.7,473
2,2.1,R01,27,1515,21.8,473
2,2.1,R01,27,1515,21.9,473
2,2.1,R01,27,1515,22,472.9
2,2.1,R01,27,1515,22.1,472.9
2,2.1,R01,27,1515,22.2,472.9
2,2.1,R01,27,1515,22.3,472.8
2,2.1,R01,27,1515,22.4,472.8
2,2.1,R01,27,1515,22.5,472.8
2,2.1,R01,27,1515,22.6,472.8
2,2.1,R01,27,1515,22.7,472.8
2,2.1,R01,27,1515,22.8,472.7
2,2.1,R01,27,1515,22.9,472.7
2,2.1,R01,27,1515,23,472.7
2,2.1,R01,27,1515,23.1,472.7
2,2.1,R01,27,1515,23.2,472.7
2,2.1,R01,27,1515,23.3,472.7
2,2.1,R01,27,1515,23.4,472.7
2,2.1,R01,27,1515,23.5,472.7
2,2.1,R01,27,1515,23.6,472.7
2,2.1,R01,27,1515,23.7,472.7
2,2.1,R01,27,1515,23.8,472.7
2,2.1,R01,27,1515,23.9,472.7
2,2.1,R01,27,1515,24,472.7
2,2.1,R01,27,1515,24.1,472.7
2,2.1,R01,27,1515,24.2,472.7
2,2.1,R01,27,1515,24.3,472.8
2,2.1,R01,27,1515,24.4,472.8
2,2.1,R01,27,1515,24.5,472.8
2,2.1,R01,27,1515,24.6,472.8
2,2.1,R01,27,1515,24.7,472.8
2,2.1,R01,27,1515,24.8,472.8
2,2.1,R01,27,1515,24.9,472.8
2,2.1,R01,27,1515,25,472.8
2,2.1,R01,27,1515,25.1,472.8
2,2.1,R01,27,1515,25.2,472.8
2,2.1,R01,27,1515,25.3,472.8
2,2.1,R01,27,1515,25.4,472.8
2,2.1,R01,27,1515,25.5,472.8
2,2.1,R01,27,1515,25.6,472.8
2,2.1,R01,27,1515,25.7,472.8
2,2.1,R01,27,1515,25.8,472.8
2,2.1,R01,27,1515,25.9,472.8
2,2.1,R01,27,1515,26,472.8
2,2.1,R01,27,1515,26.1,472.8
2,2.1,R01,27,1515,26.2,472.8
2,2.1,R01,27,1515,26.3,472.8
2,2.1,R01,27,1515,26.4,472.8
2,2.1,R01,27,1515,26.5,472.8
2,2.1,R01,27,1515,26.6,472.8
2,2.1,R01,27,1515,26.7,472.8
2,2.1,R01,27,1515,26.8,472.8
2,2.1,R01,27,1515,26.9,472.9
2,2.1,R01,27,1515,27,472.9
2,2.1,R01,27,1515,27.1,472.9
2,2.1,R01,27,1515,27.2,472.9
2,2.1,R01,27,1515,27.3,472.9
2,2.1,R01,27,1515,27.4,472.9
2,2.1,R01,27,1515,27.5,472.9
2,2.1,R01,27,1515,27.6,472.9
2,2.1,R01,27,1515,27.7,472.9
2,2.1,R01,27,1515,27.8,472.9
2,2.1,R01,27,1515,27.9,472.9
2,2.1,R01,27,1515,28,472.9
2,2.1,R01,27,1515,28.1,472.9
2,2.1,R01,27,1515,28.2,472.9
2,2.1,R01,27,1515,28.3,473
2,2.1,R01,27,1515,28.4,473
2,2.1,R01,27,1515,28.5,473
2,2.1,R01,27,1515,28.6,473
2,2.1,R01,27,1515,28.7,473
2,2.1,R01,27,1515,28.8,473
2,2.1,R01,27,1515,28.9,473
2,2.1,R01,27,1515,29,473
2,2.1,R01,27,1515,29.1,473
2,2.1,R01,27,1515,29.2,473
2,2.1,R01,27,1515,29.3,473.1
2,2.1,R01,27,1515,29.4,473.1
2,2.1,R01,27,1515,29.5,473.1
2,2.1,R01,27,1515,29.6,473.1
2,2.1,R01,27,1515,29.7,473.1
2,2.1,R01,27,1515,29.8,473.2
2,2.1,R01,27,1515,29.9,473.2
2,2.1,R01,27,1515,30,473.2
2,2.1,R01,27,1515,30.1,473.2
2,2.1,R01,27,1515,30.2,473.2
2,2.1,R01,27,1515,30.3,473.3
2,2.1,R01,27,1515,30.4,473.3
2,2.1,R01,27,1515,30.5,473.3
2,2.1,R01,27,1515,30.6,473.3
2,2.1,R01,27,1515,30.7,473.3
2,2.1,R01,27,1515,30.8,473.3
2,2.1,R01,27,1515,30.9,473.4
2,2.1,R01,27,1515,31,473.4
2,2.1,R01,27,1515,31.1,473.4
2,2.1,R01,27,1515,31.2,473.4
2,2.1,R01,27,1515,31.3,473.4
2,2.1,R01,27,1515,31.4,473.4
2,2.1,R01,27,1515,31.5,473.4
2,2.1,R01,27,1515,31.6,473.4
2,2.1,R01,27,1515,31.7,473.4
2,2.1,R01,27,1515,31.8,473.5
2,2.1,R01,27,1515,31.9,473.6
2,2.1,R01,27,1515,32,473.6
2,2.1,R01,27,1515,32.1,473.7
2,2.1,R01,27,1515,32.2,473.8
2,2.1,R01,27,1515,32.3,473.9
2,2.1,R01,27,1515,32.4,474
2,2.1,R01,27,1515,32.5,474
2,2.1,R01,27,1515,32.6,474.1
2,2.1,R01,27,1515,32.7,474.2
2,2.1,R01,27,1515,32.8,474.3
2,2.1,R01,27,1515,32.9,474.4
2,2.1,R01,27,1515,33,474.4
2,2.1,R01,27,1515,33.1,474.6
2,2.1,R01,27,1515,33.2,474.6
2,2.1,R01,27,1515,33.3,474.7
2,2.1,R01,27,1515,33.4,474.6
2,2.1,R01,27,1515,33.5,474.6
2,2.1,R01,27,1515,33.6,474.6
2,2.1,R01,27,1515,33.7,474.5
2,2.1,R01,27,1515,33.8,474.5
2,2.1,R01,27,1515,33.9,474.5
2,2.1,R01,27,1515,34,474.4
2,2.1,R01,27,1515,34.1,474.4
2,2.1,R01,27,1515,34.2,474.4
2,2.1,R01,27,1515,34.3,474.3
2,2.1,R01,27,1515,34.4,474.3
2,2.1,R01,27,1515,34.5,474.3
2,2.1,R01,27,1515,34.6,474.2
2,2.1,R01,27,1515,34.7,474.2
2,2.1,R01,27,1515,34.8,474.2
2,2.1,R01,27,1515,34.9,474.1
2,2.1,R01,27,1515,35,474.1
2,2.1,R01,27,1515,35.1,474.1
2,2.1,R01,27,1515,35.2,474
2,2.1,R01,27,1515,35.3,474
2,2.1,R01,27,1515,35.4,474
2,2.1,R01,27,1515,35.5,473.9
2,2.1,R01,27,1515,35.6,473.9
2,2.1,R01,27,1515,35.7,473.9
2,2.1,R01,27,1515,35.8,473.8
2,2.1,R01,27,1515,35.9,473.8
2,2.1,R01,27,1515,36,473.8
2,2.1,R01,27,1515,36.1,473.8
2,2.1,R01,27,1515,36.2,473.8
2,2.1,R01,27,1515,36.3,473.8
2,2.1,R01,27,1515,36.4,473.8
2,2.1,R01,27,1515,36.5,473.8
2,2.1,R01,27,1515,36.6,473.7
2,2.1,R01,27,1515,36.7,473.7
2,2.1,R01,27,1515,36.8,473.7
2,2.1,R01,27,1515,36.9,473.7
2,2.1,R01,27,1515,37,473.7
2,2.1,R01,27,1515,37.1,473.7
2,2.1,R01,27,1515,37.2,473.7
2,2.1,R01,27,1515,37.3,473.7
2,2.1,R01,27,1515,37.4,473.7
2,2.1,R01,27,1515,37.5,473.7
2,2.1,R01,27,1515,37.6,473.7
2,2.1,R01,27,1515,37.7,473.7
2,2.1,R01,27,1515,37.8,473.7
2,2.1,R02,66,217,0,0
2,2.1,R02,66,217,2,25.23
2,2.1,R02,66,217,4,169.4
2,2.1,R02,66,217,7,362.5
2,2.1,R02,66,217,10,401.5
2,2.1,R02,66,217,14,424.8
2,2.1,R02,66,217,17,436.4
2,2.1,R02,66,218,0,0
2,2.1,R02,66,218,2,24.65
2,2.1,R02,66,218,4,170
2,2.1,R02,66,218,7,363.3
2,2.1,R02,66,218,10,404
2,2.1,R02,66,218,14,430.3
2,2.1,R02,66,218,17,441.4
2,2.1,R02,66,219,0,0
2,2.1,R02,66,219,2,23.93
2,2.1,R02,66,219,4,172.5
2,2.1,R02,66,219,7,375.8
2,2.1,R02,66,219,10,415.7
2,2.1,R02,66,219,14,436
2,2.1,R02,66,219,17,449.4
2,2.1,R02,66,220,0,0
2,2.1,R02,66,220,2,149.7
2,2.1,R02,66,220,4,323.4
2,2.1,R02,66,220,7,388.1
2,2.1,R02,66,220,10,418.9
2,2.1,R02,66,220,14,437.5
2,2.1,R02,66,220,17,445.9
2,2.1,R02,66,221,0,0
2,2.1,R02,66,221,2,147.3
2,2.1,R02,66,221,4,313.8
2,2.1,R02,66,221,7,387
2,2.1,R02,66,221,10,419.4
2,2.1,R02,66,221,14,439
2,2.1,R02,66,221,17,447.4
2,2.1,R02,66,222,0,0
2,2.1,R02,66,222,2,142.2
2,2.1,R02,66,222,4,315.5
2,2.1,R02,66,222,7,385.2
2,2.1,R02,66,222,10,416.6
2,2.1,R02,66,222,14,438.1
2,2.1,R02,66,222,17,445.8
2,2.1,R02,66,226,0,0
2,2.1,R02,66,226,2,138.1
2,2.1,R02,66,226,4,281.9
2,2.1,R02,66,226,7,406.3
2,2.1,R02,66,226,10,436
2,2.1,R02,66,226,14,443.4
2,2.1,R02,66,226,17,448.9
2,2.1,R02,66,227,0,0
2,2.1,R02,66,227,2,139
2,2.1,R02,66,227,4,283.6
2,2.1,R02,66,227,7,406.8
2,2.1,R02,66,227,10,437.6
2,2.1,R02,66,227,14,444.9
2,2.1,R02,66,227,17,451.3
2,2.1,R02,66,228,0,0
2,2.1,R02,66,228,2,138
2,2.1,R02,66,228,4,273.8
2,2.1,R02,66,228,7,394.7
2,2.1,R02,66,228,10,424.9
2,2.1,R02,66,228,14,431.9
2,2.1,R02,66,228,17,435.9
2,2.1,R03,37,1576,0,0
2,2.1,R03,37,1576,0.9,62.63
2,2.1,R03,37,1576,1.8,188.1
2,2.1,R03,37,1576,2.8,289.4
2,2.1,R03,37,1576,3.8,332.5
2,2.1,R03,37,1576,4.7,353.9
2,2.1,R03,37,1576,5.6,371
2,2.1,R03,37,1576,6.8,383
2,2.1,R03,37,1576,8.7,396.3
2,2.1,R03,37,1576,10.9,403.4
2,2.1,R03,37,1576,14.8,411.4
2,2.1,R03,37,1576,17.7,415.2
2,2.1,R03,37,1576,21.8,420.9
2,2.1,R03,37,1576,28.7,423.5
2,2.1,R03,37,1576,35.7,424.1
2,2.1,R03,37,1576,44.8,425.5
2,2.1,R03,37,1577,0,0
2,2.1,R03,37,1577,0.9,66.69
2,2.1,R03,37,1577,1.8,195.1
2,2.1,R03,37,1577,2.8,295.3
2,2.1,R03,37,1577,3.8,337.6
2,2.1,R03,37,1577,4.7,358.5
2,2.1,R03,37,1577,5.6,374.7
2,2.1,R03,37,1577,6.8,386.4
2,2.1,R03,37,1577,8.7,397.9
2,2.1,R03,37,1577,10.9,405
2,2.1,R03,37,1577,14.8,411.7
2,2.1,R03,37,1577,17.7,415
2,2.1,R03,37,1577,21.8,419.7
2,2.1,R03,37,1577,28.7,422.4
2,2.1,R03,37,1577,35.7,423.3
2,2.1,R03,37,1577,44.8,427.3
2,2.1,R03,37,1578,0,0
2,2.1,R03,37,1578,0.9,66.39
2,2.1,R03,37,1578,1.8,195.4
2,2.1,R03,37,1578,2.8,298.5
2,2.1,R03,37,1578,3.8,342.6
2,2.1,R03,37,1578,4.7,364
2,2.1,R03,37,1578,5.6,381.1
2,2.1,R03,37,1578,6.8,393.1
2,2.1,R03,37,1578,8.7,405
2,2.1,R03,37,1578,10.9,412.8
2,2.1,R03,37,1578,14.8,420.8
2,2.1,R03,37,1578,17.7,424.4
2,2.1,R03,37,1578,21.8,429
2,2.1,R03,37,1578,28.7,431.5
2,2.1,R03,37,1578,35.7,432.4
2,2.1,R03,37,1578,44.8,436.3
2,2.1,R03,37,1579,0,0
2,2.1,R03,37,1579,0.9,66.2
2,2.1,R03,37,1579,1.8,195.1
2,2.1,R03,37,1579,2.8,296.9
2,2.1,R03,37,1579,3.8,341.1
2,2.1,R03,37,1579,4.7,362.3
2,2.1,R03,37,1579,5.6,379.4
2,2.1,R03,37,1579,6.8,390.3
2,2.1,R03,37,1579,8.7,402.5
2,2.1,R03,37,1579,10.9,409.7
2,2.1,R03,37,1579,14.8,417.5
2,2.1,R03,37,1579,17.7,421.4
2,2.1,R03,37,1579,21.8,426.7
2,2.1,R03,37,1579,28.7,430.4
2,2.1,R03,37,1579,35.7,431.1
2,2.1,R03,37,1579,44.8,433.9
2,2.1,R03,37,1580,0,0
2,2.1,R03,37,1580,0.9,10.61
2,2.1,R03,37,1580,1.8,77.75
2,2.1,R03,37,1580,2.8,152.2
2,2.1,R03,37,1580,3.8,204.6
2,2.1,R03,37,1580,4.7,246.6
2,2.1,R03,37,1580,5.6,297.3
2,2.1,R03,37,1580,6.8,320.9
2,2.1,R03,37,1580,8.7,341
2,2.1,R03,37,1580,10.9,348.4
2,2.1,R03,37,1580,14.8,354.4
2,2.1,R03,37,1580,17.7,356.9
2,2.1,R03,37,1580,21.8,359.4
2,2.1,R03,37,1580,28.7,359.5
2,2.1,R03,37,1580,35.7,359.9
2,2.1,R03,37,1580,44.8,363.4
2,2.1,R03,37,1581,0,0
2,2.1,R03,37,1581,0.9,10.4
2,2.1,R03,37,1581,1.8,76.73
2,2.1,R03,37,1581,2.8,150.6
2,2.1,R03,37,1581,3.8,202.8
2,2.1,R03,37,1581,4.7,243.3
2,2.1,R03,37,1581,5.6,295.7
2,2.1,R03,37,1581,6.8,319.1
2,2.1,R03,37,1581,8.7,338.9
2,2.1,R03,37,1581,10.9,346.5
2,2.1,R03,37,1581,14.8,353.1
2,2.1,R03,37,1581,17.7,356.6
2,2.1,R03,37,1581,21.8,358
2,2.1,R03,37,1581,28.7,358.1
2,2.1,R03,37,1581,35.7,357.8
2,2.1,R03,37,1581,44.8,360.8
2,2.1,R03,37,1582,0,0
2,2.1,R03,37,1582,0.9,10.45
2,2.1,R03,37,1582,1.8,75.29
2,2.1,R03,37,1582,2.8,148.4
2,2.1,R03,37,1582,3.8,200.8
2,2.1,R03,37,1582,4.7,242.3
2,2.1,R03,37,1582,5.6,295.1
2,2.1,R03,37,1582,6.8,319.4
2,2.1,R03,37,1582,8.7,340
2,2.1,R03,37,1582,10.9,346.6
2,2.1,R03,37,1582,14.8,353.2
2,2.1,R03,37,1582,17.7,356.7
2,2.1,R03,37,1582,21.8,358.5
2,2.1,R03,37,1582,28.7,358.2
2,2.1,R03,37,1582,35.7,357.6
2,2.1,R03,37,1582,44.8,361.7
2,2.1,R03,37,1583,0,0
2,2.1,R03,37,1583,0.9,8.431
2,2.1,R03,37,1583,1.8,70.06
2,2.1,R03,37,1583,2.8,139.9
2,2.1,R03,37,1583,3.8,188.5
2,2.1,R03,37,1583,4.7,226
2,2.1,R03,37,1583,5.6,279
2,2.1,R03,37,1583,6.8,305.8
2,2.1,R03,37,1583,8.7,327.4
2,2.1,R03,37,1583,10.9,334.2
2,2.1,R03,37,1583,14.8,340.2
2,2.1,R03,37,1583,17.7,343.6
2,2.1,R03,37,1583,21.8,345.3
2,2.1,R03,37,1583,28.7,344.8
2,2.1,R03,37,1583,35.7,343.7
2,2.1,R03,37,1583,44.8,346.1
2,2.1,R03,37,1588,0,0
2,2.1,R03,37,1588,0.9,91.33
2,2.1,R03,37,1588,1.8,160.9
2,2.1,R03,37,1588,2.8,226.4
2,2.1,R03,37,1588,3.8,287.5
2,2.1,R03,37,1588,4.7,321.4
2,2.1,R03,37,1588,5.6,350.2
2,2.1,R03,37,1588,6.8,366
2,2.1,R03,37,1588,8.7,383.3
2,2.1,R03,37,1588,10.9,407.7
2,2.1,R03,37,1588,14.8,426.3
2,2.1,R03,37,1588,17.7,441.6
2,2.1,R03,37,1588,21.8,459.9
2,2.1,R03,37,1588,28.7,480.6
2,2.1,R03,37,1588,35.7,482.9
2,2.1,R03,37,1588,44.8,482.2
2,2.1,R03,37,1589,0,0
2,2.1,R03,37,1589,0.9,93.15
2,2.1,R03,37,1589,1.8,164.9
2,2.1,R03,37,1589,2.8,231
2,2.1,R03,37,1589,3.8,293.6
2,2.1,R03,37,1589,4.7,328.3
2,2.1,R03,37,1589,5.6,358
2,2.1,R03,37,1589,6.8,373
2,2.1,R03,37,1589,8.7,393.5
2,2.1,R03,37,1589,10.9,417.8
2,2.1,R03,37,1589,14.8,436.6
2,2.1,R03,37,1589,17.7,451.6
2,2.1,R03,37,1589,21.8,469.6
2,2.1,R03,37,1589,28.7,492
2,2.1,R03,37,1589,35.7,493.8
2,2.1,R03,37,1589,44.8,493
2,2.1,R03,37,1590,0,0
2,2.1,R03,37,1590,0.9,91.56
2,2.1,R03,37,1590,1.8,162.8
2,2.1,R03,37,1590,2.8,227.6
2,2.1,R03,37,1590,3.8,287.7
2,2.1,R03,37,1590,4.7,321.1
2,2.1,R03,37,1590,5.6,348.9
2,2.1,R03,37,1590,6.8,364.3
2,2.1,R03,37,1590,8.7,383.7
2,2.1,R03,37,1590,10.9,407.6
2,2.1,R03,37,1590,14.8,426.2
2,2.1,R03,37,1590,17.7,440.6
2,2.1,R03,37,1590,21.8,458.9
2,2.1,R03,37,1590,28.7,479.6
2,2.1,R03,37,1590,35.7,481
2,2.1,R03,37,1590,44.8,479.8
2,2.1,R03,37,1591,0,0
2,2.1,R03,37,1591,0.9,90.58
2,2.1,R03,37,1591,1.8,159.7
2,2.1,R03,37,1591,2.8,221.2
2,2.1,R03,37,1591,3.8,280.3
2,2.1,R03,37,1591,4.7,312.9
2,2.1,R03,37,1591,5.6,340.8
2,2.1,R03,37,1591,6.8,354.9
2,2.1,R03,37,1591,8.7,372.4
2,2.1,R03,37,1591,10.9,395.2
2,2.1,R03,37,1591,14.8,412.6
2,2.1,R03,37,1591,17.7,426.9
2,2.1,R03,37,1591,21.8,444.6
2,2.1,R03,37,1591,28.7,464.5
2,2.1,R03,37,1591,35.7,466
2,2.1,R03,37,1591,44.8,464
2,2.1,R04,52,103,0,-0.00448
2,2.1,R04,52,103,0.9,44.21
2,2.1,R04,52,103,2,101.8
2,2.1,R04,52,103,2.8,135.2
2,2.1,R04,52,103,5.8,253.9
2,2.1,R04,52,103,7.8,308.7
2,2.1,R04,52,103,9.8,339.7
2,2.1,R04,52,103,12.9,354.1
2,2.1,R04,52,103,14.8,357.5
2,2.1,R04,52,103,16.9,359.1
2,2.1,R04,52,103,20.9,360.8
2,2.1,R04,52,103,22.8,360.9
2,2.1,R04,52,103,27.9,362.9
2,2.1,R04,52,103,29.8,363.5
2,2.1,R04,52,104,0,-0.008842
2,2.1,R04,52,104,0.9,44.03
2,2.1,R04,52,104,2,101.7
2,2.1,R04,52,104,2.8,135.4
2,2.1,R04,52,104,5.8,251.9
2,2.1,R04,52,104,7.8,306.1
2,2.1,R04,52,104,9.8,337.2
2,2.1,R04,52,104,12.9,352
2,2.1,R04,52,104,14.8,356.2
2,2.1,R04,52,104,16.9,358
2,2.1,R04,52,104,20.9,361.6
2,2.1,R04,52,104,22.8,361.9
2,2.1,R04,52,104,27.9,364.4
2,2.1,R04,52,104,29.8,364.9
2,2.1,R04,52,105,0,-0.007912
2,2.1,R04,52,105,0.9,42.05
2,2.1,R04,52,105,2,100.1
2,2.1,R04,52,105,2.8,134.6
2,2.1,R04,52,105,5.8,251.2
2,2.1,R04,52,105,7.8,301.9
2,2.1,R04,52,105,9.8,333
2,2.1,R04,52,105,12.9,346
2,2.1,R04,52,105,14.8,347.7
2,2.1,R04,52,105,16.9,349.1
2,2.1,R04,52,105,20.9,350.5
2,2.1,R04,52,105,22.8,350.9
2,2.1,R04,52,105,27.9,352.6
2,2.1,R04,52,105,29.8,353.4
2,2.1,R04,52,109,0,-0.0167
2,2.1,R04,52,109,0.9,0.8808
2,2.1,R04,52,109,2,7.754
2,2.1,R04,52,109,2.8,54.93
2,2.1,R04,52,109,5.8,210.6
2,2.1,R04,52,109,7.8,279.8
2,2.1,R04,52,109,9.8,314.2
2,2.1,R04,52,109,12.9,336.8
2,2.1,R04,52,109,14.8,344.9
2,2.1,R04,52,109,16.9,347.7
2,2.1,R04,52,109,20.9,353.2
2,2.1,R04,52,109,22.8,353.8
2,2.1,R04,52,109,27.9,356.4
2,2.1,R04,52,109,29.8,356.6
2,2.1,R04,52,110,0,-0.01605
2,2.1,R04,52,110,0.9,0.2823
2,2.1,R04,52,110,2,5.664
2,2.1,R04,52,110,2.8,50.75
2,2.1,R04,52,110,5.8,202.1
2,2.1,R04,52,110,7.8,272.3
2,2.1,R04,52,110,9.8,308.4
2,2.1,R04,52,110,12.9,329.4
2,2.1,R04,52,110,14.8,335.7
2,2.1,R04,52,110,16.9,338.1
2,2.1,R04,52,110,20.9,342.1
2,2.1,R04,52,110,22.8,342.6
2,2.1,R04,52,110,27.9,345.3
2,2.1,R04,52,110,29.8,345.7
2,2.1,R04,52,111,0,-0.02072
2,2.1,R04,52,111,0.9,1.1
2,2.1,R04,52,111,2,6.971
2,2.1,R04,52,111,2.8,55.12
2,2.1,R04,52,111,5.8,207
2,2.1,R04,52,111,7.8,275.3
2,2.1,R04,52,111,9.8,311.1
2,2.1,R04,52,111,12.9,332.3
2,2.1,R04,52,111,14.8,339.6
2,2.1,R04,52,111,16.9,342.4
2,2.1,R04,52,111,20.9,347.8
2,2.1,R04,52,111,22.8,348.5
2,2.1,R04,52,111,27.9,351.7
2,2.1,R04,52,111,29.8,352.2
2,2.1,R04,52,112,0,-0.112
2,2.1,R04,52,112,0.9,94.3
2,2.1,R04,52,112,2,216.5
2,2.1,R04,52,112,2.8,276.9
2,2.1,R04,52,112,5.8,409.8
2,2.1,R04,52,112,7.8,436.6
2,2.1,R04,52,112,9.8,457.1
2,2.1,R04,52,112,12.9,465.8
2,2.1,R04,52,112,14.8,467.8
2,2.1,R04,52,112,16.9,468.3
2,2.1,R04,52,112,20.9,467.3
2,2.1,R04,52,112,22.8,466.2
2,2.1,R04,52,112,27.9,464.6
2,2.1,R04,52,112,29.8,464.4
2,2.1,R04,52,113,0,-0.1171
2,2.1,R04,52,113,0.9,98.25
2,2.1,R04,52,113,2,223.1
2,2.1,R04,52,113,2.8,283.7
2,2.1,R04,52,113,5.8,411.7
2,2.1,R04,52,113,7.8,435.4
2,2.1,R04,52,113,9.8,452.2
2,2.1,R04,52,113,12.9,458.7
2,2.1,R04,52,113,14.8,459.9
2,2.1,R04,52,113,16.9,460.2
2,2.1,R04,52,113,20.9,458.8
2,2.1,R04,52,113,22.8,457.5
2,2.1,R04,52,113,27.9,455.4
2,2.1,R04,52,113,29.8,455.4
2,2.1,R04,52,114,0,-0.1148
2,2.1,R04,52,114,0.9,101.1
2,2.1,R04,52,114,2,229.7
2,2.1,R04,52,114,2.8,291.1
2,2.1,R04,52,114,5.8,427.1
2,2.1,R04,52,114,7.8,456.8
2,2.1,R04,52,114,9.8,478.5
2,2.1,R04,52,114,12.9,487.5
2,2.1,R04,52,114,14.8,490.2
2,2.1,R04,52,114,16.9,490.3
2,2.1,R04,52,114,20.9,491.2
2,2.1,R04,52,114,22.8,490.3
2,2.1,R04,52,114,27.9,488.8
2,2.1,R04,52,114,29.8,488.6
2,2.1,R05,124,377,0,0
2,2.1,R05,124,377,1,152.7
2,2.1,R05,124,377,2,257.4
2,2.1,R05,124,377,3,315.8
2,2.1,R05,124,377,4,349.8
2,2.1,R05,124,377,5,363.4
2,2.1,R05,124,377,6,378.6
2,2.1,R05,124,377,7,389.8
2,2.1,R05,124,377,8,400.5
2,2.1,R05,124,377,9,410.8
2,2.1,R05,124,377,10,418.1
2,2.1,R05,124,377,11,423.9
2,2.1,R05,124,377,12,428.6
2,2.1,R05,124,377,13,432.1
2,2.1,R05,124,377,14,434.2
2,2.1,R05,124,377,15,435.2
2,2.1,R05,124,377,16,435.5
2,2.1,R05,124,377,17,434.4
2,2.1,R05,124,377,18,433.9
2,2.1,R05,124,377,19,432.5
2,2.1,R05,124,377,20,430.9
2,2.1,R05,124,377,21,429.4
2,2.1,R05,124,377,22,428.1
2,2.1,R05,124,377,23,426.9
2,2.1,R05,124,377,24,426.2
2,2.1,R05,124,377,25,427
2,2.1,R05,124,377,26,430
2,2.1,R05,124,377,27,435
2,2.1,R05,124,377,28,435.6
2,2.1,R05,124,377,29,436
2,2.1,R05,124,377,30,437.3
2,2.1,R05,124,377,31,439.6
2,2.1,R05,124,377,32,444.3
2,2.1,R05,124,377,33,448.7
2,2.1,R05,124,377,34,454.1
2,2.1,R05,124,377,35,459.5
2,2.1,R05,124,377,36,464.4
2,2.1,R05,124,378,0,0
2,2.1,R05,124,378,1,149.6
2,2.1,R05,124,378,2,254.4
2,2.1,R05,124,378,3,313.4
2,2.1,R05,124,378,4,347.5
2,2.1,R05,124,378,5,359.8
2,2.1,R05,124,378,6,374.6
2,2.1,R05,124,378,7,385.5
2,2.1,R05,124,378,8,396.1
2,2.1,R05,124,378,9,406
2,2.1,R05,124,378,10,413.5
2,2.1,R05,124,378,11,419.5
2,2.1,R05,124,378,12,424.3
2,2.1,R05,124,378,13,428.1
2,2.1,R05,124,378,14,430.5
2,2.1,R05,124,378,15,431.9
2,2.1,R05,124,378,16,431.9
2,2.1,R05,124,378,17,431.3
2,2.1,R05,124,378,18,430.5
2,2.1,R05,124,378,19,428.8
2,2.1,R05,124,378,20,427.2
2,2.1,R05,124,378,21,425.6
2,2.1,R05,124,378,22,424.2
2,2.1,R05,124,378,23,422.3
2,2.1,R05,124,378,24,421.6
2,2.1,R05,124,378,25,421.4
2,2.1,R05,124,378,26,423.3
2,2.1,R05,124,378,27,427.5
2,2.1,R05,124,378,28,428.2
2,2.1,R05,124,378,29,427.9
2,2.1,R05,124,378,30,428.5
2,2.1,R05,124,378,31,429.8
2,2.1,R05,124,378,32,433.3
2,2.1,R05,124,378,33,436.9
2,2.1,R05,124,378,34,441.6
2,2.1,R05,124,378,35,446.6
2,2.1,R05,124,378,36,451.3
2,2.1,R05,124,379,0,0
2,2.1,R05,124,379,1,149.9
2,2.1,R05,124,379,2,253
2,2.1,R05,124,379,3,311.2
2,2.1,R05,124,379,4,346.3
2,2.1,R05,124,379,5,360.8
2,2.1,R05,124,379,6,375.8
2,2.1,R05,124,379,7,386.8
2,2.1,R05,124,379,8,397.9
2,2.1,R05,124,379,9,408.4
2,2.1,R05,124,379,10,416
2,2.1,R05,124,379,11,421.9
2,2.1,R05,124,379,12,427
2,2.1,R05,124,379,13,430.8
2,2.1,R05,124,379,14,433.2
2,2.1,R05,124,379,15,434.5
2,2.1,R05,124,379,16,434.7
2,2.1,R05,124,379,17,434.3
2,2.1,R05,124,379,18,433.4
2,2.1,R05,124,379,19,432.1
2,2.1,R05,124,379,20,430.8
2,2.1,R05,124,379,21,429.4
2,2.1,R05,124,379,22,428.2
2,2.1,R05,124,379,23,426.7
2,2.1,R05,124,379,24,426.1
2,2.1,R05,124,379,25,426.7
2,2.1,R05,124,379,26,429.2
2,2.1,R05,124,379,27,434.4
2,2.1,R05,124,379,28,434.5
2,2.1,R05,124,379,29,434
2,2.1,R05,124,379,30,434.3
2,2.1,R05,124,379,31,435.3
2,2.1,R05,124,379,32,438.6
2,2.1,R05,124,379,33,442.3
2,2.1,R05,124,379,34,447.1
2,2.1,R05,124,379,35,452.1
2,2.1,R05,124,379,36,456.3
2,2.1,R05,124,382,0,0
2,2.1,R05,124,382,1,8.753
2,2.1,R05,124,382,2,97.63
2,2.1,R05,124,382,3,238.9
2,2.1,R05,124,382,4,309.8
2,2.1,R05,124,382,5,342.8
2,2.1,R05,124,382,6,352.7
2,2.1,R05,124,382,7,357.2
2,2.1,R05,124,382,8,360.4
2,2.1,R05,124,382,9,363
2,2.1,R05,124,382,10,364.5
2,2.1,R05,124,382,11,366.4
2,2.1,R05,124,382,12,368
2,2.1,R05,124,382,13,369
2,2.1,R05,124,382,14,370.3
2,2.1,R05,124,382,15,371.3
2,2.1,R05,124,382,16,372
2,2.1,R05,124,382,17,372.7
2,2.1,R05,124,382,18,373.6
2,2.1,R05,124,382,19,374.4
2,2.1,R05,124,382,20,375.3
2,2.1,R05,124,382,21,376
2,2.1,R05,124,382,22,376.8
2,2.1,R05,124,382,23,378.1
2,2.1,R05,124,382,24,379.8
2,2.1,R05,124,382,25,381.5
2,2.1,R05,124,382,26,383.5
2,2.1,R05,124,382,27,384.5
2,2.1,R05,124,382,28,385.6
2,2.1,R05,124,382,29,386.1
2,2.1,R05,124,382,30,386.8
2,2.1,R05,124,382,31,387.6
2,2.1,R05,124,382,32,388.5
2,2.1,R05,124,382,33,389.2
2,2.1,R05,124,382,34,390
2,2.1,R05,124,382,35,390.7
2,2.1,R05,124,382,36,391.7
2,2.1,R05,124,383,0,0
2,2.1,R05,124,383,1,10.21
2,2.1,R05,124,383,2,99.2
2,2.1,R05,124,383,3,244.7
2,2.1,R05,124,383,4,312.5
2,2.1,R05,124,383,5,346.7
2,2.1,R05,124,383,6,356.7
2,2.1,R05,124,383,7,361.1
2,2.1,R05,124,383,8,364.1
2,2.1,R05,124,383,9,366.5
2,2.1,R05,124,383,10,367.7
2,2.1,R05,124,383,11,368.9
2,2.1,R05,124,383,12,369.8
2,2.1,R05,124,383,13,370.5
2,2.1,R05,124,383,14,370.9
2,2.1,R05,124,383,15,371.1
2,2.1,R05,124,383,16,371.4
2,2.1,R05,124,383,17,371.6
2,2.1,R05,124,383,18,371.8
2,2.1,R05,124,383,19,372.1
2,2.1,R05,124,383,20,372.7
2,2.1,R05,124,383,21,373.8
2,2.1,R05,124,383,22,375
2,2.1,R05,124,383,23,376.5
2,2.1,R05,124,383,24,378.1
2,2.1,R05,124,383,25,379.4
2,2.1,R05,124,383,26,380.2
2,2.1,R05,124,383,27,380.9
2,2.1,R05,124,383,28,381.5
2,2.1,R05,124,383,29,381.8
2,2.1,R05,124,383,30,382.3
2,2.1,R05,124,383,31,382.3
2,2.1,R05,124,383,32,382.7
2,2.1,R05,124,383,33,382.8
2,2.1,R05,124,383,34,383
2,2.1,R05,124,383,35,383.2
2,2.1,R05,124,383,36,384
2,2.1,R05,124,384,0,0
2,2.1,R05,124,384,1,10.71
2,2.1,R05,124,384,2,99.9
2,2.1,R05,124,384,3,242.7
2,2.1,R05,124,384,4,316
2,2.1,R05,124,384,5,351.9
2,2.1,R05,124,384,6,364.2
2,2.1,R05,124,384,7,369.2
2,2.1,R05,124,384,8,372
2,2.1,R05,124,384,9,373.8
2,2.1,R05,124,384,10,374.3
2,2.1,R05,124,384,11,375.1
2,2.1,R05,124,384,12,375.8
2,2.1,R05,124,384,13,376.1
2,2.1,R05,124,384,14,376.2
2,2.1,R05,124,384,15,376.1
2,2.1,R05,124,384,16,375.6
2,2.1,R05,124,384,17,375.2
2,2.1,R05,124,384,18,375.3
2,2.1,R05,124,384,19,375.4
2,2.1,R05,124,384,20,375.6
2,2.1,R05,124,384,21,376.4
2,2.1,R05,124,384,22,377.4
2,2.1,R05,124,384,23,378.9
2,2.1,R05,124,384,24,380.7
2,2.1,R05,124,384,25,381.9
2,2.1,R05,124,384,26,383.1
2,2.1,R05,124,384,27,383.9
2,2.1,R05,124,384,28,384.6
2,2.1,R05,124,384,29,385.1
2,2.1,R05,124,384,30,385.8
2,2.1,R05,124,384,31,386.1
2,2.1,R05,124,384,32,386.7
2,2.1,R05,124,384,33,387
2,2.1,R05,124,384,34,387.5
2,2.1,R05,124,384,35,387.8
2,2.1,R05,124,384,36,387.2
2,2.1,R05,124,385,0,0
2,2.1,R05,124,385,1,138.1
2,2.1,R05,124,385,2,249.1
2,2.1,R05,124,385,3,305.9
2,2.1,R05,124,385,4,332.1
2,2.1,R05,124,385,5,344.5
2,2.1,R05,124,385,6,351.7
2,2.1,R05,124,385,7,356.5
2,2.1,R05,124,385,8,360.4
2,2.1,R05,124,385,9,364.1
2,2.1,R05,124,385,10,366.3
2,2.1,R05,124,385,11,368.2
2,2.1,R05,124,385,12,369.5
2,2.1,R05,124,385,13,370.4
2,2.1,R05,124,385,14,370.8
2,2.1,R05,124,385,15,371
2,2.1,R05,124,385,16,370.9
2,2.1,R05,124,385,17,370.9
2,2.1,R05,124,385,18,371.1
2,2.1,R05,124,385,19,370.8
2,2.1,R05,124,385,20,370.8
2,2.1,R05,124,385,21,370.7
2,2.1,R05,124,385,22,370.4
2,2.1,R05,124,385,23,370.2
2,2.1,R05,124,385,24,369.8
2,2.1,R05,124,385,25,369.7
2,2.1,R05,124,385,26,369.5
2,2.1,R05,124,385,27,369.1
2,2.1,R05,124,385,28,369
2,2.1,R05,124,385,29,368.7
2,2.1,R05,124,385,30,368.9
2,2.1,R05,124,385,31,368.8
2,2.1,R05,124,385,32,369.2
2,2.1,R05,124,385,33,369.2
2,2.1,R05,124,385,34,369.3
2,2.1,R05,124,385,35,369.3
2,2.1,R05,124,385,36,368.4
2,2.1,R05,124,386,0,0
2,2.1,R05,124,386,1,142.2
2,2.1,R05,124,386,2,257.6
2,2.1,R05,124,386,3,313
2,2.1,R05,124,386,4,339.3
2,2.1,R05,124,386,5,352.2
2,2.1,R05,124,386,6,359.7
2,2.1,R05,124,386,7,365
2,2.1,R05,124,386,8,369
2,2.1,R05,124,386,9,372.7
2,2.1,R05,124,386,10,375.6
2,2.1,R05,124,386,11,378
2,2.1,R05,124,386,12,379.9
2,2.1,R05,124,386,13,381.2
2,2.1,R05,124,386,14,382.1
2,2.1,R05,124,386,15,382.8
2,2.1,R05,124,386,16,383.2
2,2.1,R05,124,386,17,383.7
2,2.1,R05,124,386,18,384.2
2,2.1,R05,124,386,19,384.7
2,2.1,R05,124,386,20,385
2,2.1,R05,124,386,21,385.5
2,2.1,R05,124,386,22,385.8
2,2.1,R05,124,386,23,386.2
2,2.1,R05,124,386,24,386.4
2,2.1,R05,124,386,25,386.7
2,2.1,R05,124,386,26,387
2,2.1,R05,124,386,27,387.3
2,2.1,R05,124,386,28,387.8
2,2.1,R05,124,386,29,387.9
2,2.1,R05,124,386,30,388.4
2,2.1,R05,124,386,31,388.6
2,2.1,R05,124,386,32,389.3
2,2.1,R05,124,386,33,390
2,2.1,R05,124,386,34,390.7
2,2.1,R05,124,386,35,391.4
2,2.1,R05,124,386,36,392.1
2,2.1,R05,124,387,0,0
2,2.1,R05,124,387,1,140.3
2,2.1,R05,124,387,2,250.6
2,2.1,R05,124,387,3,308
2,2.1,R05,124,387,4,334.8
2,2.1,R05,124,387,5,347.8
2,2.1,R05,124,387,6,355.5
2,2.1,R05,124,387,7,360.8
2,2.1,R05,124,387,8,365.1
2,2.1,R05,124,387,9,369.3
2,2.1,R05,124,387,10,372.1
2,2.1,R05,124,387,11,374.6
2,2.1,R05,124,387,12,376.7
2,2.1,R05,124,387,13,378.2
2,2.1,R05,124,387,14,379.3
2,2.1,R05,124,387,15,380.2
2,2.1,R05,124,387,16,380.8
2,2.1,R05,124,387,17,381.4
2,2.1,R05,124,387,18,382
2,2.1,R05,124,387,19,382.5
2,2.1,R05,124,387,20,383
2,2.1,R05,124,387,21,383.5
2,2.1,R05,124,387,22,384.2
2,2.1,R05,124,387,23,384.5
2,2.1,R05,124,387,24,385.1
2,2.1,R05,124,387,25,385.5
2,2.1,R05,124,387,26,386.2
2,2.1,R05,124,387,27,386.4
2,2.1,R05,124,387,28,387.4
2,2.1,R05,124,387,29,387.5
2,2.1,R05,124,387,30,388.1
2,2.1,R05,124,387,31,388.7
2,2.1,R05,124,387,32,389.9
2,2.1,R05,124,387,33,390.5
2,2.1,R05,124,387,34,391.1
2,2.1,R05,124,387,35,392
2,2.1,R05,124,387,36,391.8
2,2.1,R06,72,793,0,0
2,2.1,R06,72,793,1.9,196.8
2,2.1,R06,72,793,4.9,328.1
2,2.1,R06,72,793,7,349.8
2,2.1,R06,72,793,8.9,359
2,2.1,R06,72,793,11.9,367
2,2.1,R06,72,793,14.9,374.1
2,2.1,R06,72,793,19.1,383.8
2,2.1,R06,72,793,22.1,388.7
2,2.1,R06,72,793,28,396.8
2,2.1,R06,72,793,35.2,415
2,2.1,R06,72,793,42.2,428.2
2,2.1,R06,72,793,48.3,425.7
2,2.1,R06,72,793,56.2,422
2,2.1,R06,72,793,63.2,406.6
2,2.1,R06,72,794,0,0
2,2.1,R06,72,794,1.9,199.4
2,2.1,R06,72,794,4.9,320.7
2,2.1,R06,72,794,7,342.5
2,2.1,R06,72,794,8.9,351.4
2,2.1,R06,72,794,11.9,365.5
2,2.1,R06,72,794,14.9,376
2,2.1,R06,72,794,19.1,381.7
2,2.1,R06,72,794,22.1,386
2,2.1,R06,72,794,28,394.4
2,2.1,R06,72,794,35.2,400.5
2,2.1,R06,72,794,42.2,408.8
2,2.1,R06,72,794,48.3,408.9
2,2.1,R06,72,794,56.2,403.7
2,2.1,R06,72,794,63.2,390.5
2,2.1,R06,72,795,0,0
2,2.1,R06,72,795,1.9,188.7
2,2.1,R06,72,795,4.9,326.1
2,2.1,R06,72,795,7,349.9
2,2.1,R06,72,795,9,360.1
2,2.1,R06,72,795,11.9,368.8
2,2.1,R06,72,795,14.9,374.3
2,2.1,R06,72,795,19.1,381.3
2,2.1,R06,72,795,22.1,386.4
2,2.1,R06,72,795,28,395.6
2,2.1,R06,72,795,35.2,404.5
2,2.1,R06,72,795,42.2,411.1
2,2.1,R06,72,795,48.3,409.1
2,2.1,R06,72,795,56.2,402.2
2,2.1,R06,72,795,63.2,393.7
2,2.1,R06,72,797,0,0
2,2.1,R06,72,797,1.9,13.47
2,2.1,R06,72,797,4.9,134.6
2,2.1,R06,72,797,7,244
2,2.1,R06,72,797,8.9,316.6
2,2.1,R06,72,797,11.9,340.6
2,2.1,R06,72,797,14.9,347.6
2,2.1,R06,72,797,19.1,351.5
2,2.1,R06,72,797,22.1,351.8
2,2.1,R06,72,797,28,355.7
2,2.1,R06,72,797,35.2,367.8
2,2.1,R06,72,797,42.2,379
2,2.1,R06,72,797,48.3,378
2,2.1,R06,72,797,56.2,371.1
2,2.1,R06,72,797,63.2,366.1
2,2.1,R06,72,798,0,0
2,2.1,R06,72,798,1.9,17.66
2,2.1,R06,72,798,4.9,144.6
2,2.1,R06,72,798,7,258.1
2,2.1,R06,72,798,8.9,325.5
2,2.1,R06,72,798,11.9,355.1
2,2.1,R06,72,798,14.9,363.3
2,2.1,R06,72,798,19.1,367.2
2,2.1,R06,72,798,22.1,367.3
2,2.1,R06,72,798,28,377
2,2.1,R06,72,798,35.2,382.2
2,2.1,R06,72,798,42.2,389
2,2.1,R06,72,798,48.3,381.6
2,2.1,R06,72,798,56.2,375.8
2,2.1,R06,72,798,63.2,371.9
2,2.1,R06,72,799,0,0
2,2.1,R06,72,799,1.9,15.65
2,2.1,R06,72,799,4.9,140.4
2,2.1,R06,72,799,7,253
2,2.1,R06,72,799,8.9,326.3
2,2.1,R06,72,799,11.9,345.6
2,2.1,R06,72,799,14.9,351.8
2,2.1,R06,72,799,19.1,354.7
2,2.1,R06,72,799,22.1,355
2,2.1,R06,72,799,28,357
2,2.1,R06,72,799,35.2,364.2
2,2.1,R06,72,799,42.2,373.7
2,2.1,R06,72,799,48.3,369.6
2,2.1,R06,72,799,56.2,364.6
2,2.1,R06,72,799,63.2,361.2
2,2.1,R06,72,800,0,0
2,2.1,R06,72,800,1.9,227.2
2,2.1,R06,72,800,4.9,406.8
2,2.1,R06,72,800,7,444.8
2,2.1,R06,72,800,9,459.5
2,2.1,R06,72,800,11.9,469.2
2,2.1,R06,72,800,15,478.8
2,2.1,R06,72,800,19.1,489
2,2.1,R06,72,800,22.1,493.2
2,2.1,R06,72,800,28.1,499
2,2.1,R06,72,800,35.2,504.5
2,2.1,R06,72,800,42.2,499.7
2,2.1,R06,72,800,48.3,497.6
2,2.1,R06,72,800,56.2,483.8
2,2.1,R06,72,800,63.2,470.4
2,2.1,R06,72,801,0,0
2,2.1,R06,72,801,1.9,217
2,2.1,R06,72,801,5,386.1
2,2.1,R06,72,801,7,420.8
2,2.1,R06,72,801,9,434.1
2,2.1,R06,72,801,12,441.1
2,2.1,R06,72,801,15,448
2,2.1,R06,72,801,19.1,455.9
2,2.1,R06,72,801,22.1,460.3
2,2.1,R06,72,801,28.1,467.8
2,2.1,R06,72,801,35.2,472.2
2,2.1,R06,72,801,42.2,467.9
2,2.1,R06,72,801,48.3,469.3
2,2.1,R06,72,801,56.2,456.8
2,2.1,R06,72,801,63.2,445.5
2,2.1,R06,72,802,0,0
2,2.1,R06,72,802,1.9,219.9
2,2.1,R06,72,802,5,392.7
2,2.1,R06,72,802,7,427.3
2,2.1,R06,72,802,9,440.9
2,2.1,R06,72,802,12,448.9
2,2.1,R06,72,802,15,455.5
2,2.1,R06,72,802,19.1,464.7
2,2.1,R06,72,802,22.1,467.9
2,2.1,R06,72,802,28.1,473.2
2,2.1,R06,72,802,35.2,478.4
2,2.1,R06,72,802,42.2,474.2
2,2.1,R06,72,802,48.3,472.1
2,2.1,R06,72,802,56.2,472.4
2,2.1,R06,72,802,63.2,466.1
